hr,cnt,cluster
0,16,1
1,40,1
2,32,1
3,13,1
4,1,1
5,1,1
6,2,1
7,3,1
8,8,1
9,14,1
10,36,1
11,56,1
12,84,1
13,94,1
14,106,1
15,110,1
16,93,1
17,67,1
18,35,1
19,37,1
20,36,1
21,34,1
22,28,1
23,39,1
0,17,1
1,17,1
2,9,1
3,6,1
4,3,1
6,2,1
7,1,1
8,8,1
9,20,1
10,53,1
11,70,1
12,93,1
13,75,1
14,59,1
15,74,1
16,76,1
17,65,1
18,53,0
19,30,0
20,22,0
21,31,0
22,9,0
23,8,1
0,5,0
1,2,0
4,1,0
5,3,0
6,30,0
7,64,0
8,154,0
9,88,0
10,44,0
11,51,0
12,61,0
13,61,0
14,77,0
15,72,0
16,76,0
17,157,0
18,157,0
19,110,0
20,52,0
21,52,0
22,20,0
23,12,0
0,5,2
1,2,2
2,1,2
4,2,2
5,4,2
6,36,2
7,94,2
8,179,2
9,100,0
10,42,0
11,57,0
12,78,0
13,97,0
14,63,0
15,65,0
16,83,0
17,212,0
18,182,0
19,112,0
20,54,0
21,48,2
22,35,0
23,11,0
0,6,2
1,6,2
2,2,2
4,2,0
5,3,2
6,33,0
7,88,0
8,195,0
9,115,0
10,57,0
11,46,0
12,79,0
13,71,0
14,62,0
15,62,0
16,89,0
17,190,0
18,169,0
19,132,0
20,89,0
21,43,0
22,42,0
23,19,0
0,11,2
1,4,2
2,2,2
4,1,2
5,4,2
6,36,2
7,95,2
8,219,2
9,122,2
10,45,2
11,59,0
12,84,0
13,67,0
14,70,0
15,62,0
16,86,0
17,172,0
18,163,0
19,112,0
20,69,0
21,48,0
22,52,0
23,23,0
0,17,2
1,7,2
2,1,2
4,1,2
5,5,2
6,34,2
7,84,2
8,210,0
9,134,0
10,63,0
11,67,0
12,59,0
13,73,0
14,50,0
15,72,0
16,87,0
17,187,0
18,123,0
19,95,0
20,51,0
21,39,0
22,36,0
23,15,0
0,25,1
1,16,1
2,16,1
3,7,1
4,1,1
5,5,1
6,2,1
7,9,1
8,15,1
9,20,1
10,61,1
11,62,1
12,98,0
13,102,0
14,95,0
15,74,0
16,76,0
17,69,0
18,55,0
19,30,0
20,28,0
21,37,0
22,34,0
23,22,0
0,25,1
1,12,0
2,11,0
3,4,1
4,1,1
5,1,1
6,1,1
7,6,1
8,10,1
9,19,0
10,49,0
11,49,0
12,83,0
13,75,0
14,72,0
15,82,0
16,92,0
17,62,0
18,48,0
19,41,0
20,38,0
21,20,0
22,15,0
23,6,1
0,5,0
1,1,0
2,3,2
3,1,0
4,3,2
5,3,0
6,31,0
7,77,0
8,188,0
9,94,0
10,31,0
11,30,0
12,52,0
13,54,0
14,47,0
15,45,0
16,74,0
17,178,0
18,155,0
19,95,0
20,74,0
21,38,0
22,24,0
23,18,0
0,12,2
1,3,2
2,3,2
5,6,2
6,27,2
7,99,2
8,217,2
9,130,0
10,54,0
11,35,0
12,57,0
13,52,2
14,63,2
15,47,2
16,76,2
17,136,2
18,95,2
19,51,2
20,32,2
21,20,2
22,29,2
23,19,2
0,7,2
1,6,2
2,1,2
5,5,2
6,16,2
7,54,2
8,128,2
9,81,0
10,39,0
11,35,0
12,55,0
13,49,0
14,44,0
15,49,0
16,68,0
17,139,0
18,137,0
19,83,0
20,56,0
21,57,0
22,33,0
23,20,0
0,7,2
1,2,0
2,2,0
3,3,0
4,4,0
5,3,0
6,28,2
7,72,2
8,202,0
9,139,0
10,38,0
11,37,0
12,52,0
13,83,0
14,42,0
15,60,0
16,78,0
17,162,0
18,144,0
19,99,0
20,64,0
21,40,0
22,30,0
23,15,0
0,14,2
1,5,2
2,1,2
3,1,2
5,8,2
6,17,2
7,70,2
8,158,2
9,117,2
10,44,0
11,53,0
12,61,0
13,77,0
14,64,0
15,68,0
16,90,0
17,159,0
18,139,0
19,92,0
20,68,0
21,52,2
22,36,2
23,27,0
0,28,1
1,20,1
2,12,1
3,8,1
4,5,1
5,1,1
6,3,1
7,10,1
8,23,1
9,33,1
10,59,1
11,72,1
12,89,1
13,101,0
14,118,0
15,129,0
16,128,0
17,83,0
18,84,0
19,74,0
20,41,0
21,57,0
22,26,1
23,44,0
0,39,1
1,23,1
2,16,1
3,15,1
4,1,1
5,2,1
6,1,1
7,3,1
8,18,1
9,32,1
10,79,1
11,93,1
12,104,1
13,118,0
14,91,0
15,113,0
16,99,1
17,105,0
18,67,1
19,61,1
20,57,1
21,28,1
22,21,1
23,18,1
0,17,1
1,16,1
2,8,1
3,2,1
4,3,1
5,1,1
6,5,1
7,13,1
8,33,1
9,47,1
10,57,1
11,64,1
12,80,1
13,93,1
14,86,1
15,93,1
16,82,1
17,71,1
18,92,1
19,60,1
20,33,1
21,27,1
22,13,1
23,4,1
12,3,2
13,22,2
14,28,2
15,35,2
16,61,2
17,125,2
18,133,2
19,99,2
20,83,2
21,41,2
22,33,2
23,20,2
0,3,2
1,7,2
2,3,2
4,2,2
5,7,2
6,32,2
7,90,2
8,197,2
9,109,2
10,47,2
11,52,2
12,70,2
13,78,0
14,75,0
15,82,0
16,104,0
17,197,0
18,161,0
19,112,0
20,76,0
21,59,0
22,59,0
23,28,0
0,13,0
1,5,2
2,2,2
3,1,2
4,1,2
5,6,2
6,35,2
7,101,0
8,249,0
9,143,0
10,57,0
11,68,0
12,84,2
13,98,0
14,81,0
15,70,0
16,91,0
17,215,0
18,185,0
19,152,0
20,126,0
21,57,0
22,56,0
23,31,0
0,21,2
1,6,2
2,2,2
3,1,2
4,1,2
5,5,0
6,27,0
7,68,0
8,217,0
9,166,0
10,63,0
11,59,0
12,78,0
13,73,0
14,62,0
15,65,0
16,97,0
17,161,0
18,120,0
19,96,0
20,53,0
21,41,0
22,34,0
23,27,0
0,13,1
1,12,0
2,11,1
3,7,0
4,3,1
6,2,1
7,8,0
8,27,0
9,40,0
10,53,1
11,63,1
12,70,1
13,84,1
14,75,0
15,103,1
16,83,0
17,67,1
18,54,0
19,59,0
20,45,0
21,39,0
22,30,1
23,33,1
0,22,1
1,13,1
2,18,1
3,5,1
5,3,1
6,1,1
7,2,1
8,19,1
9,28,1
10,58,0
11,99,1
12,116,0
13,87,0
14,110,0
15,77,0
16,65,0
17,55,0
18,49,0
19,50,0
20,35,0
21,25,0
22,28,0
23,21,0
0,7,0
1,1,0
3,1,0
4,1,2
5,5,2
6,15,2
7,84,2
8,177,2
9,102,2
10,40,2
11,46,0
12,63,0
13,60,0
14,45,0
15,57,0
16,70,0
17,184,0
18,153,0
19,106,0
20,81,0
21,59,0
22,35,0
23,24,0
0,9,2
1,5,2
2,2,2
4,1,2
5,9,2
6,36,2
7,108,2
8,238,2
9,144,2
10,55,2
11,61,2
12,106,2
13,93,0
14,68,2
15,84,0
16,116,0
17,222,0
18,225,0
19,146,0
20,119,0
21,45,0
22,53,0
23,40,0
0,17,2
1,5,2
2,10,2
5,1,2
6,8,2
7,30,2
8,72,2
9,58,2
10,28,2
11,41,2
12,48,2
13,47,2
14,36,2
15,43,0
16,36,2
17,26,0
16,24,0
17,84,0
18,104,2
19,79,2
20,59,2
21,38,2
22,27,2
23,16,0
0,9,2
1,3,2
2,2,2
3,1,2
5,4,2
6,16,2
7,60,2
8,157,2
9,101,2
10,49,2
11,30,2
12,29,2
13,31,2
14,38,2
15,41,2
16,80,2
17,149,2
18,109,0
19,89,2
20,62,0
21,58,0
22,26,0
23,23,0
0,28,1
1,20,1
2,15,1
3,8,1
4,3,1
6,2,1
7,5,1
8,34,1
9,34,1
10,55,1
11,64,1
12,78,1
13,65,1
14,99,1
15,120,1
16,107,1
17,91,1
18,68,1
19,58,1
20,43,1
21,36,1
22,32,1
23,33,1
0,33,1
1,29,1
2,11,1
3,8,1
4,1,1
5,3,1
7,3,1
8,12,1
9,38,1
10,64,1
11,59,1
12,97,1
13,84,1
14,122,1
15,109,1
16,123,1
17,77,1
18,65,1
19,55,1
20,33,1
21,28,1
22,21,1
23,21,1
0,7,2
1,7,2
2,1,2
3,2,2
4,2,2
5,8,2
6,37,0
7,72,0
8,185,0
9,112,0
10,69,0
11,48,0
12,68,2
13,54,2
14,86,0
15,44,0
16,86,0
17,161,0
18,156,0
19,111,0
20,78,0
21,56,0
22,34,0
23,17,0
0,8,2
1,3,2
2,2,2
3,2,2
5,3,2
6,22,2
7,52,2
8,135,2
9,116,2
10,47,2
11,51,2
12,55,2
13,52,2
14,54,2
15,52,2
16,64,2
17,176,2
18,168,2
19,108,2
20,74,2
21,64,2
22,36,2
23,16,2
0,2,2
1,3,2
2,4,2
3,1,2
4,1,2
5,3,2
6,18,2
7,49,2
8,155,2
9,123,2
10,61,2
11,52,2
12,64,2
13,75,2
14,63,0
15,76,0
16,103,0
17,190,0
18,182,0
19,91,0
20,75,0
21,63,0
22,40,0
23,32,0
0,12,0
1,5,0
2,2,0
3,1,0
5,2,0
6,39,0
7,87,0
8,188,0
9,133,0
10,52,0
11,64,0
12,69,0
13,51,0
14,47,0
15,60,0
16,78,0
17,175,0
18,147,0
19,96,0
20,109,0
21,54,0
22,41,0
23,38,0
0,13,2
1,7,2
2,1,2
3,1,2
5,7,2
6,28,2
7,87,2
8,220,2
9,127,2
10,51,0
11,64,0
12,86,0
13,82,0
14,91,0
15,90,0
16,99,0
17,205,0
18,155,0
19,103,0
20,71,0
21,43,0
22,46,0
23,31,0
0,39,1
1,18,1
2,17,1
3,11,1
4,8,1
5,9,1
6,4,1
7,4,1
8,10,1
9,20,1
10,34,1
11,47,1
12,52,1
13,72,1
14,55,1
15,60,1
16,71,1
17,78,1
18,83,1
19,84,1
20,69,1
21,56,1
22,45,1
23,59,1
0,39,1
1,44,1
2,20,1
3,13,1
4,2,1
5,1,1
6,1,1
7,8,1
8,23,1
9,45,1
10,89,1
11,117,1
12,174,1
13,182,1
14,161,1
15,182,1
16,157,1
17,121,1
18,78,1
19,21,1
20,26,1
21,27,1
22,62,1
23,30,1
0,15,2
1,5,2
2,3,2
3,1,2
4,2,2
5,10,2
6,30,2
7,95,2
8,230,2
9,118,2
10,55,2
11,47,2
12,66,2
13,64,2
14,60,2
15,50,2
16,114,0
17,216,0
18,175,0
19,128,2
20,88,2
21,78,2
22,37,2
23,25,2
0,10,2
1,4,2
2,2,2
3,1,2
4,3,2
5,2,2
6,39,2
7,100,0
8,243,0
9,135,0
10,48,0
11,50,0
12,65,0
13,50,0
14,64,0
15,51,0
16,83,0
17,176,0
18,152,0
19,101,0
20,56,0
21,54,0
22,29,0
23,12,0
0,17,0
1,7,0
2,3,0
3,2,2
5,7,2
6,43,2
7,99,0
8,199,2
9,123,0
10,59,0
11,41,0
12,61,0
13,69,0
14,58,0
15,64,0
16,79,0
17,166,0
18,170,0
19,88,0
20,84,2
21,83,2
22,46,0
23,37,0
0,16,2
1,7,2
2,3,2
4,1,2
5,6,0
6,26,0
7,99,0
8,178,0
9,122,0
10,35,0
11,45,0
12,69,0
13,62,0
14,48,0
15,50,0
16,80,0
17,165,0
18,160,0
19,112,0
20,97,0
21,72,0
22,51,0
23,34,0
0,14,2
1,7,2
2,3,2
5,4,2
6,24,2
7,74,2
8,216,2
9,140,2
10,44,2
11,64,0
12,71,0
13,110,0
14,84,0
15,74,0
16,125,0
17,211,0
18,174,0
19,101,0
20,63,0
21,47,0
22,43,0
23,53,2
0,30,1
1,24,1
2,15,1
3,10,1
4,4,1
5,1,1
6,2,1
7,11,1
8,30,1
9,43,1
10,84,0
11,114,0
12,120,0
13,135,0
14,120,0
15,174,0
16,145,0
17,137,0
18,64,0
19,41,0
20,40,0
21,51,1
22,45,1
23,32,1
0,39,1
1,24,1
2,20,1
3,12,1
4,2,1
6,5,1
7,3,1
8,12,1
9,47,1
10,105,1
11,112,0
12,152,0
13,154,0
14,161,0
15,162,0
16,134,0
17,125,0
18,95,0
19,61,0
20,47,0
21,51,0
22,36,0
23,30,0
0,11,0
1,7,0
2,2,0
3,2,2
4,2,0
5,3,0
6,26,0
7,98,0
8,256,0
9,130,0
10,55,0
11,53,0
12,126,0
13,120,0
14,90,0
15,90,0
16,118,0
17,243,0
18,205,0
19,98,0
20,70,0
21,43,0
22,45,0
23,20,0
0,19,0
1,5,0
2,3,0
4,1,0
5,4,0
6,30,0
7,105,0
8,223,0
9,110,0
10,52,0
11,57,0
12,71,0
13,82,0
14,79,0
15,85,0
16,98,0
17,206,0
18,212,0
19,145,0
20,101,0
21,66,0
22,41,0
23,20,0
0,15,2
1,9,2
3,1,2
4,1,2
5,5,0
6,33,0
7,108,0
8,230,0
9,124,0
10,69,0
11,66,0
12,86,0
13,93,0
14,82,0
15,117,0
16,122,0
17,255,0
18,222,0
19,161,0
20,118,0
21,92,0
22,73,0
23,33,0
0,17,2
1,6,2
2,6,2
3,4,2
4,4,2
5,12,2
6,47,2
7,126,2
8,285,2
9,179,0
10,88,0
11,90,0
12,101,0
13,123,0
14,81,0
15,106,0
16,146,0
17,274,0
18,222,0
19,175,0
20,139,0
21,124,0
22,76,0
23,44,0
0,32,2
1,8,2
2,7,2
3,8,2
4,1,2
5,7,2
6,50,2
7,116,2
8,272,2
9,169,2
10,95,2
11,113,2
12,185,0
13,176,3
14,191,0
15,172,0
16,232,3
17,327,3
18,224,0
19,162,0
20,124,0
21,72,0
22,107,0
23,77,0
0,29,0
1,31,0
2,17,0
3,7,0
4,3,0
5,3,0
6,6,0
7,22,0
8,45,0
9,55,0
10,106,0
11,123,0
12,119,0
13,155,0
14,196,0
15,171,0
16,120,0
17,127,0
18,88,0
19,59,0
20,47,0
21,33,0
22,44,0
23,29,0
0,17,0
1,16,0
2,17,0
3,18,0
4,1,0
6,2,1
7,2,1
8,24,1
9,55,1
10,104,1
11,161,1
12,182,1
13,198,1
14,212,1
15,168,1
16,147,1
17,146,1
18,101,1
19,42,1
20,42,1
21,56,1
22,47,1
23,54,1
0,37,1
1,13,1
2,4,1
3,5,1
4,1,1
5,3,1
6,8,1
7,19,1
8,63,1
9,57,1
10,81,1
11,90,1
12,93,1
13,103,1
14,116,1
15,87,1
16,56,1
17,80,1
18,66,1
19,49,1
20,29,1
21,34,0
22,11,0
23,2,0
6,7,2
7,40,2
8,114,2
9,106,2
10,44,2
11,50,2
12,55,2
13,55,0
14,58,0
15,69,0
16,86,0
17,196,0
18,167,0
19,118,0
20,105,0
21,82,0
22,77,0
23,21,0
0,6,2
1,4,2
2,1,2
3,2,2
5,8,2
6,36,2
7,96,2
8,235,0
9,139,2
10,51,2
11,69,0
12,67,0
13,87,0
14,78,0
15,72,0
16,94,0
17,222,0
18,209,0
19,141,0
20,109,0
21,91,0
22,61,0
23,39,0
0,11,2
1,7,2
2,4,2
3,2,2
5,4,2
6,58,2
7,104,2
8,252,2
9,137,0
10,57,0
11,79,0
12,95,0
13,88,0
14,69,0
15,63,0
16,71,0
17,177,0
18,137,0
19,115,2
20,89,0
21,83,0
22,55,0
23,50,2
0,9,2
1,10,2
2,3,2
3,2,2
5,6,2
6,11,2
7,35,2
8,73,2
9,114,2
10,49,2
11,59,0
12,115,0
13,83,0
14,85,0
15,55,0
16,102,0
17,189,0
18,157,0
19,90,0
20,62,0
21,63,0
22,50,0
23,39,0
0,28,1
1,27,1
2,12,1
3,8,1
4,2,1
5,10,1
6,7,1
7,22,1
8,57,1
9,74,1
10,85,1
11,126,1
12,160,1
13,174,0
14,211,0
15,165,0
16,171,0
17,183,0
18,137,0
19,94,0
20,68,1
21,68,1
22,46,1
23,34,1
0,34,1
1,37,1
2,22,1
3,11,1
4,2,1
6,3,1
7,14,1
8,35,1
9,59,1
10,103,1
11,125,1
12,193,1
13,259,1
14,282,1
15,261,1
16,268,1
17,187,1
18,127,1
19,102,1
20,81,1
21,69,1
22,69,1
23,59,1
0,30,2
1,8,2
3,1,2
5,5,2
6,28,2
7,92,2
8,255,2
9,142,2
10,92,0
11,87,0
12,36,0
13,32,2
14,25,2
15,35,2
16,42,2
17,79,2
18,131,2
19,80,0
20,45,0
21,80,0
22,76,0
23,45,0
0,7,0
1,3,2
2,4,0
3,2,2
4,1,2
5,2,2
6,46,0
7,107,0
8,214,0
9,124,0
10,68,0
11,56,0
12,86,0
13,78,2
14,79,0
15,64,0
16,102,0
17,242,0
18,224,0
19,119,0
20,88,0
21,63,0
22,47,0
23,25,0
0,8,2
1,4,2
2,2,2
3,4,2
4,1,2
5,5,2
6,40,0
7,110,0
8,256,0
9,148,0
10,76,0
11,73,0
12,82,0
13,125,3
14,96,0
15,110,0
16,139,0
17,268,0
18,201,0
19,150,0
20,95,0
21,71,0
22,48,0
23,22,0
0,13,0
1,1,0
2,3,0
3,1,0
4,1,0
5,8,0
6,35,0
7,111,0
8,220,0
9,145,0
10,56,0
11,50,0
12,72,0
13,80,0
14,78,0
15,68,0
16,71,0
17,202,0
18,167,0
19,106,0
20,70,0
21,51,0
22,53,0
23,23,0
0,12,2
1,4,2
2,2,2
3,1,2
4,1,2
5,7,2
6,29,2
7,83,2
8,228,2
9,150,2
10,66,0
11,89,0
12,97,0
13,87,0
14,95,0
15,106,0
16,118,0
17,228,0
18,187,0
19,107,0
20,87,0
21,70,0
22,44,0
23,46,0
0,19,1
1,25,1
2,20,1
3,2,1
4,1,1
5,3,1
6,4,1
7,15,1
8,45,1
9,63,1
10,103,1
11,159,1
12,167,1
13,190,1
14,198,1
15,205,1
16,204,1
17,164,0
18,152,0
19,89,1
20,70,1
21,72,1
22,63,1
23,44,1
0,52,1
1,39,1
2,32,1
3,11,1
4,3,1
6,2,1
7,5,1
8,9,1
9,22,1
10,31,1
11,62,1
12,79,1
13,105,1
14,39,1
15,7,1
16,11,1
17,25,1
18,23,1
19,11,1
20,11,1
21,7,0
22,10,1
23,9,1
0,4,2
1,2,2
3,1,0
4,1,0
5,1,2
6,34,0
7,91,0
8,211,0
9,134,0
10,58,0
11,60,0
12,96,0
13,70,0
14,77,0
15,96,0
16,122,0
17,233,0
18,233,0
19,145,0
20,92,0
21,54,0
22,35,0
23,22,0
0,10,2
1,4,2
2,1,2
3,7,2
4,2,2
5,10,2
6,45,2
7,128,2
8,257,0
9,151,0
10,71,0
11,78,0
12,99,0
13,98,0
14,72,0
15,112,0
16,108,0
17,248,0
18,235,0
19,150,0
20,76,0
21,75,0
22,55,0
23,41,0
0,9,2
1,4,2
2,2,2
3,3,2
4,2,2
5,8,2
6,49,2
7,141,2
8,249,2
9,141,2
10,57,2
11,59,0
12,98,2
13,99,0
14,71,0
15,79,0
16,112,0
17,194,0
18,188,0
19,134,0
20,91,2
21,62,0
22,21,2
23,18,2
0,3,0
1,2,0
2,1,0
5,3,0
6,12,0
7,37,0
8,44,0
9,24,0
10,17,0
11,11,0
12,34,0
13,12,0
14,12,0
15,14,0
16,21,0
17,111,0
18,82,0
19,56,0
20,38,0
21,28,0
22,34,0
23,27,0
0,6,2
1,8,2
2,5,2
3,2,2
5,7,2
6,32,2
7,114,2
8,259,0
9,156,0
10,78,0
11,81,0
12,111,0
13,107,0
14,89,0
15,85,0
16,113,0
17,223,0
18,153,0
19,118,0
20,76,0
21,53,0
22,64,0
23,37,0
0,34,1
1,18,1
2,14,1
3,7,1
4,1,1
5,2,1
6,4,1
7,23,1
8,53,1
9,101,1
10,99,1
11,119,0
12,158,1
13,157,0
14,166,0
15,182,0
16,244,0
17,213,0
18,145,1
19,112,1
20,86,1
21,82,1
22,63,1
23,49,1
0,38,1
1,33,1
3,23,1
4,13,1
5,3,1
6,2,1
7,10,1
8,34,1
9,44,1
10,122,1
11,181,0
12,194,0
13,221,0
14,250,0
15,304,0
16,256,0
17,241,0
18,147,0
19,101,0
20,77,1
21,58,1
22,37,0
23,28,1
0,11,2
1,1,2
2,1,2
3,3,2
5,8,2
6,28,2
7,88,2
8,241,2
9,140,0
10,84,0
11,71,0
12,94,2
13,75,0
14,79,0
15,101,0
16,107,0
17,271,0
18,235,0
19,150,0
20,129,0
21,63,0
22,47,0
23,19,0
0,14,2
1,10,2
2,3,2
4,2,2
5,11,2
6,35,2
7,119,2
8,282,2
9,157,2
10,78,2
11,78,0
12,102,0
13,97,0
14,88,0
15,90,0
16,114,0
17,217,0
18,225,0
19,152,0
20,88,0
21,55,2
22,21,2
23,18,2
0,8,2
1,3,2
3,3,2
4,1,2
5,3,2
6,31,2
7,111,2
8,253,2
9,154,2
10,68,2
11,75,2
12,88,2
13,99,2
14,100,2
15,101,2
16,151,2
17,253,0
18,237,0
19,168,0
20,121,0
21,78,0
22,59,0
23,27,0
0,23,2
1,12,2
2,8,2
3,2,2
4,3,2
5,13,2
6,51,2
7,140,2
8,299,2
9,185,0
10,78,0
11,86,0
12,105,0
13,111,0
14,119,0
15,125,0
16,142,0
17,313,3
18,310,3
19,207,0
20,137,0
21,138,0
22,87,0
23,50,0
0,29,2
1,16,2
2,14,2
3,5,2
5,10,2
6,36,2
7,123,2
8,280,2
9,210,2
10,117,0
11,159,0
12,195,0
13,175,0
14,174,3
15,173,0
16,204,3
17,332,3
18,331,3
19,190,3
20,149,3
21,113,3
22,118,3
23,86,0
0,76,1
1,51,1
2,25,1
3,8,1
4,3,0
5,2,0
6,10,0
7,13,1
8,48,0
9,76,0
10,140,0
11,196,0
12,267,0
13,301,0
14,312,0
15,313,0
16,304,0
17,278,0
18,217,0
19,154,0
20,108,0
21,93,0
22,72,0
23,50,0
0,40,1
1,24,1
2,30,1
3,12,1
4,3,1
5,9,1
6,4,1
7,14,1
8,37,1
9,78,1
10,136,1
11,203,1
12,228,1
13,203,1
14,279,1
15,308,1
16,224,1
17,226,0
18,156,0
19,79,0
20,67,0
21,49,1
22,38,0
23,24,0
0,13,2
1,7,2
2,6,2
3,1,2
5,2,2
6,32,2
7,18,2
8,98,2
9,127,2
10,62,0
11,79,2
12,81,2
13,112,2
14,101,2
15,107,0
16,141,0
17,272,3
18,276,3
19,221,0
20,122,0
21,91,2
22,78,2
23,30,2
0,11,2
1,19,2
2,1,2
3,5,2
4,1,2
5,12,2
6,60,2
7,136,2
8,336,0
9,178,0
10,124,0
11,86,0
12,121,0
13,106,0
14,101,0
15,134,0
16,165,0
17,307,3
18,312,3
19,164,0
20,135,0
21,87,0
22,70,0
23,32,0
0,11,2
1,7,2
2,2,2
3,3,2
5,10,2
6,44,2
7,118,2
8,261,2
9,182,2
10,75,2
11,71,2
12,87,2
13,108,2
14,84,2
15,85,2
16,136,2
17,273,0
18,238,0
19,159,0
20,75,0
21,22,0
22,44,2
23,26,2
0,11,2
1,3,2
2,6,2
3,1,2
4,1,2
5,9,2
6,41,2
7,108,2
8,124,2
9,97,2
10,65,2
11,71,2
12,94,0
13,101,0
14,83,2
15,90,0
16,84,0
17,233,0
18,214,0
19,138,0
20,118,0
21,78,0
22,62,0
23,33,0
0,18,2
1,5,2
2,5,2
3,2,2
4,5,2
5,9,2
6,32,2
7,104,0
8,237,0
9,166,0
10,68,2
11,75,0
12,145,0
13,138,0
14,133,0
15,122,0
16,150,0
17,225,0
18,198,0
19,135,0
20,81,0
21,75,0
22,43,0
23,39,0
0,28,1
1,27,1
2,25,1
3,9,1
4,6,1
5,8,1
6,10,1
7,41,1
8,66,1
9,100,1
10,125,1
11,168,1
12,227,0
13,239,0
14,216,0
15,219,0
16,248,0
17,203,0
18,153,0
19,138,0
20,85,0
21,51,0
22,63,0
23,41,0
0,31,1
1,20,1
2,21,1
3,14,1
4,6,1
6,2,1
7,7,1
8,14,1
9,54,1
10,86,1
11,108,1
12,163,1
13,147,1
14,164,1
15,172,0
16,143,1
17,159,0
18,137,0
19,103,0
20,57,1
21,36,1
22,30,1
23,19,1
0,12,2
1,6,2
2,5,2
3,2,2
5,8,0
6,40,0
7,110,0
8,254,0
9,121,0
10,69,0
11,57,0
12,79,0
13,83,0
14,80,0
15,72,0
16,132,0
17,252,0
18,241,0
19,173,0
20,112,0
21,61,0
22,40,0
23,19,0
0,16,0
1,4,0
2,3,0
3,3,0
4,2,2
5,8,0
6,50,0
7,133,0
8,287,0
9,172,0
10,59,0
11,81,0
12,106,0
13,104,0
14,86,0
15,87,0
16,136,0
17,299,0
18,294,0
19,190,0
20,132,0
21,83,0
22,55,0
23,35,0
0,11,2
1,10,2
2,4,2
3,4,2
4,1,2
5,7,2
6,48,2
7,136,2
8,263,0
9,154,0
10,64,0
11,90,0
12,80,0
13,98,0
14,80,0
15,70,0
16,36,2
17,116,2
18,85,2
19,72,2
20,44,0
21,27,2
22,24,2
23,12,0
0,3,2
1,5,2
2,5,2
3,1,2
4,2,2
5,8,2
6,36,2
7,92,2
8,192,2
9,132,2
10,69,2
11,58,2
12,90,2
13,68,2
14,76,2
15,65,2
16,85,2
17,168,2
18,177,2
19,130,2
20,85,0
21,60,2
22,51,2
23,27,2
0,6,2
1,4,2
2,7,2
3,4,2
4,3,2
5,12,2
6,28,2
7,95,2
8,206,2
9,173,0
10,75,0
11,89,0
12,95,0
13,110,0
14,87,0
15,111,0
16,167,0
17,281,0
18,241,0
19,136,0
20,77,0
21,93,0
22,74,0
23,53,0
0,32,1
1,32,1
2,21,1
3,9,1
4,5,1
5,5,1
6,12,1
7,18,1
8,55,1
9,87,1
10,154,1
11,198,1
12,184,1
13,137,1
14,190,1
15,136,1
16,196,0
17,184,0
18,179,1
19,148,0
20,85,0
21,77,0
22,55,0
23,53,1
0,39,1
1,34,1
2,24,1
3,11,1
4,3,1
5,5,1
6,33,1
7,33,1
8,62,1
9,142,0
10,215,0
11,243,1
12,313,1
13,367,0
14,349,3
15,292,1
16,303,3
17,274,1
18,172,1
19,144,1
20,79,1
21,45,1
22,36,1
23,31,1
0,6,2
1,11,0
2,2,2
3,1,2
4,2,2
5,7,2
6,46,2
7,157,0
8,339,0
9,158,0
10,90,0
11,124,0
12,157,0
13,139,0
14,123,0
15,143,0
16,189,0
17,366,0
18,386,3
19,278,0
20,173,0
21,95,0
22,75,0
23,48,0
0,22,2
1,15,0
2,5,2
3,4,2
4,2,2
5,5,2
6,38,2
7,134,2
8,157,0
9,46,0
10,28,0
11,19,0
12,38,0
13,56,0
14,76,0
15,68,0
16,130,0
17,273,0
18,267,0
19,160,0
20,91,0
21,89,0
22,46,0
23,26,0
0,15,2
1,2,2
2,5,2
3,4,2
4,1,2
5,13,2
6,56,2
7,133,2
8,325,0
9,165,0
10,69,0
11,93,0
12,134,0
13,112,0
14,115,0
15,117,0
16,169,0
17,356,0
18,325,0
19,232,0
20,141,0
21,102,0
22,84,0
23,40,0
0,20,0
1,13,2
2,7,2
3,3,2
4,1,2
5,6,2
6,64,2
7,160,2
8,314,2
9,170,2
10,95,2
11,122,2
12,153,2
13,135,2
14,157,3
15,160,3
16,213,3
17,343,3
18,333,3
19,226,0
20,203,0
21,108,0
22,81,0
23,54,0
0,25,2
1,9,2
2,13,2
3,1,2
4,1,2
5,9,2
6,35,2
7,113,2
8,221,2
9,185,2
10,73,2
11,98,0
12,80,0
13,42,0
14,15,2
15,25,2
16,60,2
17,148,2
18,62,2
19,53,0
20,63,0
21,54,2
22,51,0
23,35,2
0,31,1
1,20,1
2,17,1
3,14,1
4,3,1
5,5,1
6,13,1
7,21,1
8,54,1
9,98,1
10,133,1
11,142,1
12,202,1
13,222,1
14,212,1
15,201,1
16,191,1
17,257,1
18,177,1
19,130,1
20,93,1
21,75,1
22,87,1
23,57,1
0,53,1
1,37,1
2,36,1
3,16,1
4,5,1
5,4,1
6,4,1
7,10,1
8,55,1
9,81,1
10,150,1
11,202,1
12,230,1
13,263,1
14,281,1
15,297,1
16,288,1
17,236,1
18,240,1
19,131,1
20,92,1
21,95,1
22,57,1
23,32,1
0,23,2
1,4,2
2,9,2
4,1,2
5,13,2
6,61,2
7,176,2
8,314,2
9,165,2
10,96,2
11,104,2
12,134,2
13,139,0
14,145,3
15,141,0
16,235,0
17,452,3
18,383,3
19,284,3
20,166,0
21,158,3
22,91,0
23,54,3
0,24,2
1,13,2
2,14,2
3,1,2
4,6,2
5,16,2
6,58,2
7,189,2
8,226,2
9,54,2
10,40,2
11,49,2
12,92,0
13,106,0
14,44,2
15,78,0
16,99,0
17,291,0
18,224,0
19,130,0
20,103,0
21,84,2
22,54,2
23,39,2
0,15,2
1,1,2
2,2,2
3,2,2
4,3,2
5,5,2
6,34,2
7,70,2
8,164,2
9,65,2
10,46,2
11,61,2
12,95,2
13,61,2
14,106,2
15,81,0
16,142,0
17,309,0
18,321,0
19,175,0
20,126,0
21,117,0
22,99,0
23,62,0
0,21,2
1,10,2
2,3,2
3,2,2
4,9,2
5,14,2
6,70,2
7,193,2
8,337,2
9,170,2
10,89,0
11,115,0
12,145,0
13,159,0
14,137,3
15,142,3
16,202,3
17,388,3
18,337,3
19,259,3
20,169,0
21,145,0
22,104,0
23,47,0
0,27,1
1,15,1
2,18,1
3,3,1
4,3,1
5,13,1
6,47,1
7,149,1
8,300,1
9,178,1
10,122,1
11,136,1
12,200,1
13,180,1
14,163,1
15,162,0
16,243,0
17,331,0
18,263,0
19,209,1
20,118,1
21,102,1
22,80,1
23,64,1
0,43,1
1,33,1
2,24,1
3,14,1
4,5,1
5,4,1
6,10,1
7,21,1
8,45,1
9,29,1
10,22,1
11,31,1
12,32,0
13,58,1
14,63,0
15,78,0
16,33,1
17,15,0
18,38,1
19,71,1
20,53,1
21,14,1
22,24,1
23,35,1
0,33,1
1,31,1
2,29,1
3,25,1
4,7,1
5,3,1
6,8,1
7,16,1
8,43,1
9,102,1
10,211,0
11,304,0
12,354,0
13,343,0
14,361,0
15,388,0
16,343,0
17,306,0
18,277,0
19,210,0
20,141,1
21,83,1
22,70,1
23,56,1
0,39,2
1,19,2
2,16,2
3,7,2
4,6,2
5,16,2
6,54,2
7,168,2
8,297,2
9,169,2
10,109,2
11,123,2
12,184,3
13,169,3
14,144,0
15,176,3
16,205,0
17,428,3
18,362,3
19,286,3
20,165,0
21,151,0
22,90,0
23,46,0
0,25,2
1,7,2
2,13,2
3,3,2
4,5,2
5,18,2
6,65,2
7,188,2
8,351,2
9,162,2
10,75,2
11,72,2
12,103,2
13,129,2
14,107,2
15,127,2
16,192,0
17,411,3
18,421,3
19,276,3
20,168,0
21,122,2
22,112,2
23,52,2
0,33,2
1,7,2
2,2,2
3,2,2
4,9,2
5,15,2
6,64,2
7,237,2
8,396,3
9,197,3
10,131,2
11,118,2
12,145,0
13,177,0
14,148,0
15,145,3
16,255,3
17,432,3
18,441,3
19,383,3
20,225,3
21,172,3
22,117,0
23,93,0
0,44,0
1,26,2
2,13,0
3,7,0
4,6,0
5,14,0
6,75,0
7,198,0
8,365,0
9,196,0
10,98,0
11,133,0
12,199,0
13,177,0
14,228,0
15,235,0
16,294,0
17,481,3
18,452,3
19,324,0
20,204,0
21,184,0
22,137,0
23,99,0
0,33,2
1,24,2
2,9,0
3,2,0
4,3,0
5,16,2
6,49,0
7,180,0
8,346,0
9,195,0
10,136,2
11,106,2
12,80,2
13,40,2
14,36,2
15,75,2
16,62,2
17,69,2
18,51,2
19,55,2
20,47,2
21,28,2
22,24,2
23,17,2
0,18,1
1,16,1
2,17,1
3,4,1
4,5,1
5,7,1
6,11,1
7,19,1
8,47,1
9,68,1
10,129,1
11,232,1
12,291,1
13,312,1
14,391,3
15,397,3
16,426,3
17,383,3
18,376,3
19,283,1
20,183,1
21,135,1
22,169,1
23,117,1
0,96,1
1,54,1
2,72,1
3,24,1
4,5,1
5,12,1
6,13,1
7,27,1
8,80,1
9,177,1
10,289,1
11,317,1
12,388,3
13,441,3
14,420,3
15,369,3
16,359,3
17,331,3
18,270,1
19,194,1
20,105,1
21,61,1
22,45,1
23,42,1
0,12,2
1,10,2
2,10,2
3,10,2
4,5,2
5,17,2
6,66,2
7,196,2
8,353,2
9,174,2
10,125,2
11,147,2
12,188,2
13,203,3
14,146,3
15,175,3
16,239,3
17,521,3
18,499,3
19,382,3
20,237,3
21,190,3
22,106,0
23,62,0
0,27,2
1,21,2
2,26,2
3,21,2
4,6,2
5,16,2
6,80,2
7,270,2
8,449,3
9,199,2
10,120,0
11,172,0
12,186,0
13,176,0
14,155,3
15,153,3
16,291,3
17,521,3
18,528,3
19,328,3
20,234,3
21,195,3
22,148,3
23,78,2
0,27,2
1,17,2
2,5,2
3,7,2
4,6,2
5,17,2
6,84,2
7,246,2
8,444,3
9,181,2
10,92,2
11,156,2
12,173,2
13,150,2
14,148,3
15,138,0
16,218,3
17,521,3
18,412,3
19,260,3
20,218,3
21,145,3
22,129,0
23,78,0
0,54,2
1,20,2
2,21,2
3,3,2
4,9,2
5,13,2
6,86,2
7,215,0
8,398,3
9,183,2
10,54,2
11,84,2
12,107,2
13,121,2
14,142,2
15,163,3
16,270,3
17,455,3
18,530,3
19,404,3
20,269,3
21,194,3
22,153,0
23,110,3
0,48,0
1,31,2
2,10,2
3,5,2
4,6,2
5,25,2
6,71,0
7,240,0
8,421,3
9,230,0
10,156,0
11,157,0
12,223,0
13,308,0
14,248,0
15,252,0
16,299,0
17,508,3
18,439,3
19,270,0
20,194,0
21,195,0
22,146,0
23,113,0
0,106,1
1,74,1
2,65,1
3,17,1
4,7,1
5,7,1
6,21,1
7,48,0
8,91,1
9,156,0
10,279,0
11,321,0
12,416,0
13,455,3
14,452,3
15,499,3
16,464,3
17,407,3
18,371,3
19,387,3
20,224,1
21,177,1
22,143,1
23,125,1
0,96,1
1,59,1
2,50,1
3,23,1
4,17,1
5,10,1
6,13,1
7,33,1
8,59,1
9,141,1
10,264,1
11,250,1
12,281,1
13,332,1
14,238,1
15,266,1
16,214,1
17,196,1
18,159,1
19,178,1
20,121,1
21,105,1
22,100,1
23,146,1
0,177,2
1,114,2
2,35,2
3,16,2
4,17,2
5,20,2
6,62,2
7,209,2
8,371,2
9,172,2
10,108,2
11,130,2
12,187,2
13,170,2
14,181,3
15,155,3
16,269,3
17,537,3
18,518,3
19,314,3
20,218,3
21,232,3
22,125,2
23,64,2
0,16,2
1,14,2
2,5,2
3,2,2
4,4,2
5,14,2
6,109,2
7,265,2
8,459,3
9,186,2
10,127,0
11,140,0
12,217,0
13,194,0
14,158,0
15,154,0
16,271,3
17,517,3
18,544,3
19,365,3
20,290,3
21,225,0
22,113,0
23,62,0
0,27,2
1,7,2
2,4,2
3,1,2
4,3,2
5,9,2
6,21,2
7,52,2
8,79,2
9,40,2
10,31,2
11,72,2
12,124,0
13,143,0
14,107,0
15,129,0
16,195,0
17,410,3
18,396,3
19,296,0
20,191,0
21,150,0
22,89,0
23,57,0
0,27,2
1,10,2
2,5,2
3,4,2
4,7,2
5,30,2
6,89,2
7,271,0
8,440,0
9,184,0
10,128,0
11,148,0
12,196,0
13,192,0
14,154,0
15,147,0
16,269,0
17,533,3
18,520,3
19,361,3
20,258,3
21,180,0
22,165,0
23,115,0
0,56,2
1,32,2
2,16,2
3,9,2
4,1,2
5,16,2
6,82,2
7,222,2
8,450,2
9,188,0
10,127,0
11,165,0
12,246,0
13,253,0
14,213,0
15,260,0
16,344,3
17,553,3
18,470,3
19,292,0
20,190,3
21,152,0
22,151,0
23,120,2
0,86,1
1,58,1
2,52,1
3,18,1
4,5,1
5,7,1
6,13,1
7,40,1
8,115,1
9,218,1
10,298,3
11,347,3
12,373,3
13,436,3
14,378,3
15,378,3
16,342,3
17,354,3
18,289,3
19,267,3
20,219,3
21,182,0
22,120,1
23,119,1
0,100,1
1,64,1
2,59,1
3,31,1
4,10,1
5,5,1
6,6,1
7,23,1
8,86,1
9,160,1
10,244,1
11,340,1
12,382,3
13,390,3
14,366,3
15,358,3
16,385,3
17,351,3
18,268,1
19,239,1
20,174,1
21,127,1
22,115,1
23,50,1
0,53,2
1,33,2
2,8,2
3,7,2
4,4,2
5,23,2
6,89,2
7,237,2
8,374,3
9,178,2
10,119,2
11,125,0
12,195,3
13,174,0
14,162,3
15,199,3
16,304,3
17,598,3
18,524,3
19,384,3
20,239,3
21,156,3
22,116,2
23,61,2
0,18,2
1,15,2
2,5,2
3,4,2
4,2,2
5,29,2
6,112,2
7,314,2
8,425,3
9,205,2
10,127,3
11,125,0
12,217,3
13,202,3
14,176,3
15,180,3
16,327,3
17,611,3
18,550,3
19,434,3
20,291,3
21,203,3
22,150,3
23,81,0
0,38,2
1,20,2
2,10,2
3,3,2
4,2,2
5,20,2
6,99,2
7,318,2
8,442,3
9,203,2
10,154,2
11,141,2
12,226,3
13,193,3
14,177,3
15,179,3
16,289,3
17,259,3
18,274,3
19,401,3
20,273,3
21,234,3
22,146,0
23,81,0
0,44,2
1,17,2
2,15,2
3,5,2
4,6,2
5,29,2
6,112,2
7,297,2
8,421,2
9,212,2
10,147,2
11,179,2
12,207,3
13,218,3
14,191,3
15,217,3
16,288,3
17,594,3
18,527,3
19,364,3
20,276,3
21,223,3
22,172,3
23,103,0
0,52,2
1,20,2
2,11,2
3,4,2
4,5,2
5,25,2
6,82,2
7,157,2
8,387,2
9,233,2
10,130,2
11,146,2
12,223,2
13,226,0
14,190,2
15,198,2
16,300,2
17,491,3
18,398,3
19,270,3
20,152,2
21,154,2
22,132,0
23,119,2
0,102,1
1,82,1
2,52,1
3,35,1
4,5,1
5,14,1
6,11,1
7,32,1
8,88,1
9,100,1
10,167,1
11,279,1
12,279,1
13,248,1
14,216,1
15,294,1
16,295,1
17,272,1
18,304,1
19,248,1
20,157,1
21,59,1
22,26,1
23,44,1
0,39,1
1,47,1
2,50,1
3,32,1
4,13,1
5,14,1
6,17,1
7,42,1
8,70,1
9,134,1
10,226,1
11,322,1
12,367,1
13,456,3
14,437,3
15,459,3
16,440,3
17,392,1
18,237,1
19,231,1
20,191,1
21,151,1
22,117,1
23,69,1
0,38,2
1,14,2
2,13,2
3,4,2
4,6,2
5,21,2
6,104,2
7,272,2
8,394,3
9,194,2
10,112,2
11,185,2
12,209,3
13,214,3
14,193,3
15,165,3
16,226,3
17,274,2
18,453,3
19,308,3
20,198,2
21,177,2
22,127,2
23,57,2
0,31,2
1,13,2
2,8,2
3,4,2
4,4,2
5,22,2
6,49,2
7,151,2
8,347,2
9,207,2
10,104,2
11,130,0
12,153,0
13,172,2
14,184,0
15,210,0
16,290,3
17,604,3
18,480,3
19,349,3
20,283,0
21,174,2
22,98,2
23,56,2
0,23,2
1,12,2
2,6,2
3,9,2
4,3,2
5,9,2
6,101,2
7,274,2
8,453,3
9,202,2
10,106,2
11,23,2
12,54,2
13,122,2
14,138,2
15,167,2
16,294,3
17,565,3
18,489,3
19,331,3
20,213,2
21,85,2
22,117,2
23,59,2
0,29,2
1,6,2
2,15,2
3,4,2
4,5,2
5,26,2
6,103,2
7,257,2
8,487,2
9,216,2
10,130,2
11,164,2
12,168,2
13,183,0
14,180,2
15,188,2
16,302,3
17,547,3
18,513,3
19,410,3
20,282,3
21,209,0
22,79,0
23,72,2
0,48,2
1,25,2
2,8,2
3,5,2
4,5,2
5,28,2
6,117,2
7,319,2
8,517,3
9,234,2
10,148,2
11,196,3
12,255,3
13,232,3
14,197,3
15,242,3
16,330,3
17,554,3
18,473,3
19,302,3
20,220,3
21,195,3
22,152,2
23,115,0
0,98,1
1,72,1
2,40,1
3,19,1
4,7,1
5,5,1
6,28,1
7,43,1
8,126,1
9,225,1
10,323,1
11,418,3
12,493,3
13,462,3
14,456,3
15,506,3
16,471,3
17,444,3
18,444,3
19,301,3
20,248,3
21,227,3
22,204,1
23,145,1
0,131,1
1,98,1
2,68,1
3,33,1
4,12,1
5,6,1
6,18,1
7,40,1
8,94,1
9,189,1
10,305,1
11,373,3
12,401,3
13,455,3
14,316,1
15,331,3
16,273,1
17,306,3
18,358,3
19,300,3
20,231,1
21,136,1
22,121,1
23,65,1
0,41,2
1,9,2
2,5,2
3,4,2
4,4,2
5,11,2
6,96,2
7,236,2
8,409,2
9,167,2
10,121,2
11,180,0
12,204,3
13,204,3
14,187,0
15,176,0
16,279,3
17,429,3
18,453,3
19,358,3
20,310,3
21,188,3
22,131,2
23,72,2
0,35,2
1,15,2
2,10,2
3,2,2
4,4,2
5,24,2
6,112,2
7,314,2
8,434,3
9,138,2
10,108,0
11,175,3
12,170,3
13,190,3
14,153,3
15,188,3
16,277,3
17,548,3
18,564,3
19,355,3
20,280,3
21,189,3
22,141,2
23,66,3
0,35,2
1,8,2
2,8,2
3,9,2
4,3,2
5,25,2
6,117,2
7,313,2
8,531,3
9,234,2
10,135,2
11,140,3
12,210,3
13,202,3
14,168,3
15,182,3
16,299,3
17,601,3
18,517,3
19,405,3
20,340,3
21,236,3
22,174,3
23,86,3
0,45,2
1,16,2
2,14,2
3,4,2
4,2,2
5,27,2
6,98,2
7,286,2
8,489,3
9,216,2
10,143,2
11,160,3
12,194,3
13,197,3
14,189,3
15,141,3
16,291,3
17,494,3
18,478,3
19,378,3
20,322,3
21,223,3
22,180,3
23,90,3
0,69,2
1,50,2
2,18,2
3,12,2
4,7,2
5,31,2
6,81,2
7,249,2
8,418,3
9,227,3
10,153,0
11,166,3
12,243,3
13,209,3
14,239,3
15,356,3
16,419,3
17,491,3
18,399,3
19,279,3
20,144,3
21,151,2
22,141,3
23,127,2
0,94,1
1,55,1
2,48,1
3,15,1
4,4,1
5,7,1
6,19,1
7,50,1
8,102,1
9,177,1
10,276,1
11,349,3
12,358,3
13,385,3
14,382,3
15,374,3
16,402,3
17,341,3
18,385,3
19,252,3
20,196,3
21,201,3
22,161,1
23,125,1
0,83,1
1,66,1
2,61,1
3,26,1
4,23,1
5,6,1
6,15,1
7,30,1
8,96,1
9,152,1
10,251,1
11,319,1
12,402,3
13,418,3
14,351,3
15,376,3
16,361,3
17,383,3
18,328,3
19,287,3
20,219,1
21,229,1
22,171,1
23,135,1
0,103,1
1,79,1
2,45,1
3,18,1
4,6,1
5,7,1
6,16,1
7,31,1
8,94,1
9,128,1
10,269,3
11,321,3
12,366,3
13,350,3
14,327,3
15,311,3
16,309,3
17,304,3
18,249,3
19,225,1
20,237,3
21,149,1
22,106,1
23,48,1
0,29,2
1,17,2
2,12,2
3,4,2
4,3,2
5,26,2
6,109,2
7,235,2
8,406,3
9,175,3
10,109,3
11,106,3
12,162,3
13,147,3
14,140,3
15,175,3
16,249,3
17,495,3
18,417,3
19,285,3
20,251,3
21,210,3
22,159,3
23,61,3
0,34,2
1,17,2
2,3,2
3,6,2
4,4,2
5,21,2
6,128,2
7,284,2
8,454,3
9,207,2
10,115,2
11,112,3
12,169,3
13,154,3
14,145,3
15,152,3
16,266,3
17,486,3
18,309,3
19,264,3
20,256,3
21,190,3
22,129,3
23,69,3
0,42,0
1,15,2
2,6,2
3,4,2
4,3,2
5,31,0
6,113,2
7,304,3
8,467,3
9,225,3
10,139,0
11,165,0
12,232,0
13,203,3
14,185,3
15,188,3
16,318,3
17,572,3
18,525,3
19,379,3
20,337,3
21,248,3
22,155,0
23,112,0
0,68,0
1,22,0
2,12,2
3,5,2
4,6,0
5,28,0
6,106,0
7,277,0
8,502,3
9,230,3
10,161,0
11,192,0
12,259,3
13,248,3
14,240,3
15,212,3
16,349,3
17,558,3
18,564,3
19,391,3
20,293,3
21,247,3
22,171,3
23,171,3
0,93,1
1,94,1
2,59,1
3,18,1
4,15,1
5,8,1
6,28,1
7,87,1
8,125,1
9,224,1
10,317,3
11,369,3
12,420,3
13,456,3
14,451,3
15,404,3
16,440,3
17,344,3
18,341,3
19,285,3
20,239,3
21,185,3
22,190,3
23,150,1
0,113,1
1,96,1
2,64,1
3,47,1
4,12,1
5,6,1
6,21,1
7,27,1
8,98,1
9,164,1
10,251,1
11,335,1
12,335,1
13,367,1
14,385,3
15,417,3
16,398,3
17,390,3
18,363,3
19,357,3
20,279,1
21,165,1
22,130,1
23,86,1
0,29,2
1,14,2
2,8,2
3,5,2
4,8,2
5,31,2
6,112,2
7,299,2
8,438,3
9,188,3
10,95,3
11,111,3
12,153,3
13,180,3
14,145,3
15,165,3
16,267,3
17,579,3
18,556,3
19,407,3
20,336,3
21,189,3
22,173,3
23,60,3
0,20,2
1,4,2
2,5,2
3,2,2
4,5,2
5,32,2
6,126,2
7,334,3
8,477,3
9,217,3
10,123,3
11,151,3
12,183,3
13,196,3
14,146,3
15,183,3
16,308,3
17,539,3
18,551,3
19,424,3
20,346,3
21,218,3
22,153,3
23,90,3
0,41,2
1,23,2
2,7,2
3,3,2
4,6,2
5,21,2
6,116,2
7,353,2
8,481,3
9,202,3
10,90,3
11,134,3
12,149,3
13,136,3
14,155,3
15,128,3
16,233,3
17,506,3
18,459,3
19,384,3
20,280,3
21,202,3
22,176,3
23,116,3
0,47,2
1,16,2
2,6,2
3,2,2
4,6,2
5,20,2
6,118,2
7,314,2
8,432,3
9,168,3
10,94,3
11,118,3
12,140,3
13,136,3
14,118,3
15,104,3
16,200,3
17,409,3
18,466,3
19,326,3
20,254,3
21,171,3
22,153,3
23,97,3
0,69,2
1,23,2
2,13,2
3,6,2
4,4,2
5,28,2
6,104,2
7,267,3
8,452,3
9,213,3
10,111,3
11,153,3
12,207,3
13,189,3
14,165,3
15,212,3
16,285,3
17,517,3
18,463,3
19,306,3
20,250,3
21,218,3
22,185,3
23,146,3
0,117,1
1,77,1
2,60,1
3,28,1
4,13,1
5,16,1
6,40,1
7,68,1
8,143,1
9,230,1
10,264,3
11,325,3
12,347,3
13,387,3
14,380,3
15,374,3
16,394,3
17,337,3
18,286,3
19,264,3
20,275,3
21,220,3
22,190,1
23,131,1
0,119,1
1,93,1
2,66,1
3,28,1
4,14,1
5,10,1
6,14,1
7,34,1
8,92,1
9,182,1
10,311,1
11,367,3
12,420,3
13,373,3
14,315,3
15,360,3
16,350,1
17,252,1
18,256,1
19,223,1
20,206,1
21,140,1
22,128,1
23,107,1
0,28,2
1,16,2
2,10,2
3,7,0
4,4,2
5,29,0
6,105,0
7,328,0
8,476,3
9,224,0
10,118,0
11,159,0
12,196,3
13,227,3
14,200,3
15,185,0
16,326,3
17,601,3
18,586,3
19,423,3
20,331,3
21,218,3
22,134,3
23,89,3
0,31,2
1,13,2
2,10,2
3,2,2
4,3,2
5,26,0
6,113,0
7,365,0
8,486,3
9,193,3
10,130,0
11,143,0
12,169,0
13,209,3
14,159,3
15,178,3
16,330,3
17,569,3
18,538,3
19,386,3
20,297,3
21,243,3
22,188,3
23,110,0
0,52,2
1,14,2
2,9,2
3,1,2
4,4,2
5,21,2
6,121,2
7,370,3
8,498,3
9,207,2
10,135,3
11,164,3
12,211,3
13,189,3
14,178,3
15,164,3
16,312,3
17,638,3
18,607,3
19,416,3
20,330,3
21,257,3
22,175,3
23,107,3
0,47,2
1,17,2
2,5,2
3,4,2
4,6,2
5,25,2
6,112,2
7,188,2
8,388,3
9,261,3
10,121,2
11,150,3
12,206,3
13,151,3
14,153,3
15,159,3
16,294,3
17,272,3
18,325,3
19,327,3
20,201,3
21,188,3
22,151,3
23,16,0
0,24,2
1,23,2
2,13,2
3,6,2
4,6,2
5,13,2
6,97,2
7,250,2
8,454,2
9,224,3
10,170,3
11,181,3
12,243,3
13,204,3
14,215,3
15,243,3
16,355,3
17,552,3
18,450,3
19,328,3
20,232,3
21,208,3
22,175,3
23,178,3
0,104,1
1,95,1
2,53,1
3,20,1
4,5,1
5,7,1
6,27,1
7,57,1
8,131,1
9,218,1
10,244,1
11,404,3
12,420,3
13,327,3
14,334,3
15,367,3
16,468,3
17,449,3
18,381,3
19,326,3
20,188,3
21,183,3
22,161,3
23,150,3
0,89,1
1,76,1
2,72,1
3,30,1
4,17,1
5,19,1
6,33,1
7,71,1
8,84,1
9,169,1
10,244,1
11,377,3
12,396,3
13,363,3
14,317,3
15,362,3
16,378,3
17,397,3
18,296,3
19,311,3
20,232,1
21,167,1
22,152,1
23,92,1
0,26,2
1,12,2
2,2,2
3,1,2
4,3,2
5,3,2
6,26,2
7,46,2
8,221,2
9,219,2
10,91,2
11,94,2
12,162,2
13,179,2
14,175,3
15,205,3
16,299,3
17,565,3
18,538,3
19,431,3
20,316,3
21,206,3
22,130,3
23,60,0
0,33,2
1,14,2
2,6,2
3,2,2
4,9,2
5,25,2
6,115,2
7,309,2
8,401,2
9,275,2
10,161,2
11,171,2
12,189,2
13,207,3
14,152,3
15,170,3
16,335,3
17,572,3
18,536,3
19,425,3
20,326,3
21,229,3
22,109,3
23,64,3
0,33,2
1,21,2
2,7,2
3,7,2
4,11,2
5,23,2
6,122,2
7,311,2
8,423,3
9,219,2
10,135,2
11,145,2
12,188,3
13,147,3
14,145,3
15,146,3
16,258,3
17,529,3
18,513,3
19,342,3
20,282,3
21,247,3
22,148,3
23,105,3
0,49,2
1,31,2
2,4,2
3,5,2
4,7,2
5,24,2
6,100,2
7,327,3
8,432,3
9,227,3
10,127,2
11,136,3
12,160,3
13,186,3
14,149,3
15,189,3
16,275,3
17,569,3
18,540,3
19,400,3
20,352,3
21,234,3
22,162,3
23,105,3
0,63,2
1,28,2
2,14,2
3,5,2
4,9,2
5,20,2
6,91,2
7,268,2
8,466,3
9,231,3
10,145,3
11,203,3
12,201,3
13,221,3
14,229,3
15,216,3
16,327,3
17,557,3
18,452,3
19,385,3
20,288,3
21,233,3
22,167,3
23,172,3
0,116,1
1,95,1
2,59,1
3,39,1
4,11,1
5,14,1
6,29,1
7,42,1
8,112,1
9,186,3
10,302,3
11,331,3
12,392,3
13,371,3
14,383,3
15,392,3
16,410,3
17,399,3
18,307,3
19,375,3
20,269,3
21,202,3
22,187,3
23,179,3
0,115,1
1,90,1
2,87,1
3,34,1
4,11,1
5,12,1
6,20,1
7,51,1
8,107,1
9,206,1
10,332,3
11,346,3
12,443,3
13,442,3
14,443,3
15,403,3
16,455,3
17,421,3
18,382,3
19,317,3
20,213,3
21,183,3
22,114,1
23,78,1
0,32,2
1,15,2
2,6,2
3,2,2
4,9,2
5,22,2
6,94,2
7,261,2
8,447,3
9,187,2
10,150,3
11,150,2
12,170,3
13,164,3
14,158,3
15,202,3
16,275,3
17,604,3
18,591,3
19,396,3
20,305,3
21,242,3
22,145,3
23,81,3
0,30,2
1,13,2
2,11,2
3,2,2
4,8,2
5,21,2
6,124,2
7,347,2
8,456,3
9,246,2
10,157,3
11,167,3
12,202,3
13,189,3
14,160,3
15,166,3
16,261,3
17,579,3
18,504,3
19,299,3
20,296,3
21,195,3
22,134,3
23,81,3
0,36,2
1,28,2
2,16,2
3,5,2
4,5,2
5,22,2
6,116,2
7,336,3
8,540,3
9,221,3
10,126,3
11,170,3
12,243,3
13,231,3
14,188,3
15,189,3
16,328,3
17,570,3
18,588,3
19,401,3
20,333,3
21,221,3
22,183,3
23,129,3
0,54,2
1,32,2
2,8,2
3,9,2
4,6,2
5,25,2
6,123,2
7,320,3
8,555,3
9,260,3
10,132,3
11,169,3
12,233,3
13,232,3
14,163,3
15,240,3
16,323,3
17,594,3
18,586,3
19,455,3
20,340,3
21,323,3
22,207,3
23,126,3
0,68,2
1,31,2
2,13,2
3,11,2
4,6,2
5,30,2
6,108,2
7,243,3
8,492,3
9,260,3
10,170,3
11,214,3
12,263,3
13,292,3
14,303,3
15,381,3
16,427,3
17,461,3
18,422,3
19,318,3
20,269,3
21,218,3
22,222,3
23,140,3
0,115,1
1,78,1
2,52,1
3,26,1
4,11,1
5,14,1
6,32,1
7,45,1
8,132,1
9,179,1
10,271,3
11,357,3
12,374,3
13,404,3
14,392,3
15,331,3
16,398,3
17,349,3
18,383,3
19,305,3
20,284,3
21,232,3
22,201,3
23,154,3
0,144,1
1,78,1
2,69,1
3,33,1
4,5,1
5,1,1
6,3,1
7,25,1
8,92,1
9,181,1
10,264,1
11,390,3
12,404,3
13,421,3
14,375,3
15,376,3
16,414,3
17,358,0
18,181,0
19,183,1
20,176,1
21,167,1
22,162,1
23,147,1
0,140,1
1,119,1
2,63,1
3,26,1
4,12,1
5,4,1
6,16,1
7,36,1
8,86,1
9,238,1
10,280,1
11,349,3
12,447,3
13,423,3
14,408,3
15,408,3
16,452,3
17,436,3
18,418,3
19,375,3
20,386,3
21,457,3
22,326,3
23,138,1
0,55,2
1,39,2
2,13,2
3,8,2
4,5,2
5,20,2
6,94,2
7,270,2
8,432,3
9,227,3
10,139,3
11,172,3
12,201,3
13,203,3
14,178,3
15,162,3
16,281,3
17,545,3
18,496,3
19,368,3
20,284,3
21,245,3
22,155,3
23,73,3
0,37,2
1,15,2
2,5,2
3,6,2
4,6,2
5,35,2
6,121,2
7,312,2
8,428,3
9,189,2
10,43,2
11,127,2
12,152,2
13,140,2
14,163,3
15,185,3
16,275,3
17,596,3
18,563,3
19,394,3
20,312,3
21,241,3
22,186,3
23,98,3
0,35,2
1,16,2
2,8,2
3,4,2
4,4,2
5,32,2
6,118,2
7,292,2
8,443,3
9,179,2
10,101,2
11,142,3
12,171,3
13,155,3
14,160,3
15,166,3
16,265,3
17,569,3
18,562,3
19,365,3
20,285,3
21,209,3
22,182,3
23,129,3
0,47,2
1,34,2
2,22,2
3,6,2
4,11,2
5,27,2
6,102,2
7,332,3
8,457,3
9,241,3
10,138,3
11,165,3
12,213,3
13,229,3
14,216,3
15,141,3
16,132,0
17,167,0
18,316,3
19,270,3
20,250,3
21,204,3
22,169,3
23,151,3
0,121,1
1,53,1
2,55,1
3,30,1
4,6,1
5,15,1
6,38,1
7,71,1
8,182,1
9,247,3
10,264,3
11,290,3
12,366,3
13,416,3
14,373,3
15,402,3
16,416,3
17,401,3
18,378,3
19,306,3
20,314,3
21,238,3
22,214,3
23,140,3
0,154,1
1,113,1
2,96,1
3,25,1
4,5,1
5,17,1
6,25,1
7,65,1
8,92,1
9,169,1
10,268,1
11,287,3
12,377,3
13,367,3
14,349,3
15,361,3
16,372,3
17,363,3
18,363,3
19,303,3
20,268,3
21,227,3
22,143,1
23,72,1
0,35,2
1,10,2
2,12,2
3,10,2
4,4,2
5,26,2
6,121,2
7,317,3
8,420,3
9,208,3
10,117,3
11,128,3
12,148,3
13,141,3
14,134,3
15,146,3
16,239,3
17,514,3
18,472,3
19,373,3
20,236,3
21,130,0
22,90,3
23,55,3
0,22,2
1,14,2
2,9,2
3,8,2
4,6,2
5,25,2
6,115,2
7,330,3
8,417,3
9,176,0
10,123,3
11,125,3
12,163,3
13,136,3
14,124,3
15,148,3
16,202,3
17,428,3
18,511,3
19,337,3
20,308,3
21,258,3
22,194,3
23,79,3
0,46,2
1,12,2
2,5,2
3,4,2
4,5,2
5,26,2
6,121,2
7,313,3
8,449,3
9,186,3
10,113,3
11,165,3
12,174,3
13,158,3
14,116,3
15,46,2
16,141,2
17,488,3
18,463,3
19,419,3
20,342,3
21,250,3
22,184,3
23,116,3
0,46,2
1,25,2
2,10,2
3,6,2
4,6,2
5,28,2
6,130,2
7,334,3
8,486,3
9,224,3
10,127,3
11,148,3
12,223,3
13,177,3
14,178,3
15,180,3
16,274,3
17,595,3
18,578,3
19,400,3
20,348,3
21,261,3
22,176,3
23,124,3
0,80,2
1,20,2
2,38,2
3,7,2
4,10,2
5,23,2
6,120,2
7,274,2
8,564,3
9,207,3
10,166,2
11,210,3
12,238,3
13,247,3
14,265,3
15,237,3
16,361,3
17,587,3
18,496,3
19,394,3
20,343,3
21,261,3
22,223,3
23,167,3
0,110,1
1,75,1
2,58,1
3,26,1
4,16,1
5,10,1
6,37,1
7,52,1
8,127,1
9,222,1
10,322,3
11,396,3
12,463,3
13,497,3
14,433,3
15,428,3
16,425,3
17,475,3
18,428,3
19,406,3
20,296,3
21,252,3
22,201,3
23,168,3
0,125,1
1,102,1
2,94,1
3,47,1
4,10,1
5,12,1
6,21,1
7,50,1
8,118,1
9,184,1
10,304,1
11,391,3
12,420,3
13,472,3
14,430,3
15,324,3
16,317,3
17,369,3
18,390,3
19,379,3
20,262,3
21,207,3
22,181,1
23,93,1
0,51,2
1,25,2
2,10,2
3,7,2
4,4,2
5,17,2
6,105,2
7,277,2
8,347,3
9,203,3
10,130,3
11,141,3
12,165,3
13,152,3
14,138,3
15,164,3
16,265,3
17,545,3
18,558,3
19,398,3
20,323,3
21,202,3
22,140,3
23,91,3
0,51,2
1,13,2
2,13,2
3,3,2
4,5,2
5,19,2
6,134,2
7,315,3
8,412,3
9,199,3
10,141,3
11,127,3
12,153,3
13,172,3
14,152,3
15,158,3
16,277,3
17,513,3
18,530,3
19,388,3
20,277,3
21,241,3
22,156,3
23,92,3
0,40,2
1,11,2
2,9,2
3,6,2
4,4,2
5,23,2
6,116,2
7,303,2
8,438,3
9,209,2
10,110,2
11,142,3
12,149,3
13,120,3
14,127,3
15,138,3
16,234,3
17,455,3
18,497,3
19,382,3
20,309,3
21,242,3
22,169,3
23,99,3
0,42,2
1,21,2
2,6,2
3,6,2
4,4,2
5,18,2
6,117,2
7,274,2
8,381,3
9,200,3
10,78,2
11,106,3
12,135,3
13,102,3
14,147,3
15,133,3
16,210,3
17,414,3
18,382,3
19,284,3
20,237,3
21,225,3
22,149,3
23,113,3
0,60,2
1,24,2
2,14,2
3,7,2
4,13,2
5,19,2
6,96,2
7,252,3
8,322,3
9,208,3
10,115,3
11,109,3
12,115,3
13,123,3
14,101,3
15,133,3
16,182,3
17,306,3
18,284,3
19,250,3
20,212,3
21,190,3
22,149,3
23,103,3
0,101,1
1,70,1
2,61,1
3,22,1
4,9,1
5,7,1
6,25,1
7,45,1
8,109,1
9,132,3
10,198,3
11,216,3
12,235,3
13,245,3
14,236,3
15,215,3
16,221,3
17,197,3
18,196,3
19,217,3
20,145,3
21,154,3
22,125,3
23,104,3
0,119,1
1,96,1
2,60,1
3,37,1
4,6,1
5,8,1
6,22,1
7,35,1
8,104,1
9,154,1
10,226,3
11,243,3
12,246,3
13,252,3
14,283,3
15,238,3
16,249,3
17,249,3
18,243,3
19,240,3
20,195,3
21,153,3
22,98,1
23,50,1
0,34,2
1,12,2
2,6,2
3,4,2
4,6,2
5,24,2
6,107,2
7,277,2
8,387,3
9,135,2
10,84,2
11,107,3
12,67,3
13,78,2
14,90,2
15,112,2
16,198,3
17,485,3
18,533,3
19,386,3
20,302,3
21,194,3
22,125,2
23,87,2
0,28,2
1,12,2
2,7,2
3,4,2
4,6,2
5,27,2
6,110,2
7,318,3
8,424,3
9,187,3
10,138,3
11,151,3
12,147,3
13,182,3
14,147,3
15,163,3
16,254,3
17,537,3
18,546,3
19,398,3
20,290,3
21,267,3
22,158,3
23,89,3
0,45,2
1,10,2
2,6,2
3,4,2
4,4,2
5,18,2
6,123,2
7,347,3
8,433,3
9,216,3
10,114,3
11,136,3
12,169,3
13,180,3
14,127,3
15,140,3
16,268,3
17,572,3
18,541,3
19,375,3
20,294,3
21,245,3
22,180,3
23,109,3
0,45,2
1,29,2
2,7,2
3,5,2
4,6,2
5,27,2
6,116,2
7,305,3
8,456,3
9,210,3
10,116,3
11,154,3
12,186,3
13,152,3
14,138,3
15,146,3
16,256,3
17,468,3
18,483,3
19,322,3
20,270,3
21,196,3
22,174,3
23,123,3
0,57,2
1,34,2
2,13,2
3,11,2
4,6,2
5,27,2
6,90,2
7,254,2
8,384,3
9,179,3
10,106,3
11,161,3
12,135,3
13,156,3
14,148,3
15,169,3
16,233,3
17,421,3
18,362,3
19,241,3
20,206,3
21,163,3
22,174,3
23,116,3
0,133,1
1,90,1
2,42,1
3,43,1
4,10,1
5,13,1
6,24,1
7,42,1
8,114,1
9,174,3
10,261,3
11,317,3
12,341,3
13,308,3
14,305,3
15,302,3
16,302,3
17,302,3
18,299,3
19,256,3
20,206,3
21,205,3
22,209,3
23,177,3
0,113,1
1,79,1
2,67,1
3,50,1
4,13,1
5,8,1
6,13,1
7,45,1
8,142,1
9,183,1
10,254,3
11,275,3
12,338,3
13,294,3
14,326,3
15,293,3
16,306,3
17,320,3
18,304,3
19,274,3
20,275,3
21,164,3
22,96,1
23,70,1
0,29,2
1,17,2
2,11,2
3,4,2
4,4,2
5,26,2
6,100,2
7,282,3
8,382,3
9,166,3
10,97,3
11,119,3
12,168,3
13,150,3
14,123,3
15,129,3
16,231,3
17,514,3
18,543,3
19,413,3
20,305,3
21,220,3
22,137,3
23,96,3
0,29,2
1,12,2
2,8,2
3,5,2
4,10,2
5,21,2
6,117,2
7,335,3
8,435,3
9,213,3
10,140,3
11,128,3
12,157,3
13,203,3
14,159,3
15,168,3
16,274,3
17,556,3
18,556,3
19,454,3
20,288,3
21,254,3
22,191,3
23,132,3
0,43,2
1,16,2
2,11,2
3,4,2
4,7,2
5,24,2
6,110,0
7,271,3
8,437,3
9,195,3
10,68,2
11,122,3
12,161,3
13,144,3
14,147,3
15,118,2
16,150,2
17,425,3
18,492,3
19,321,3
20,87,2
21,88,2
22,77,2
23,56,2
0,17,2
1,17,2
2,7,2
3,3,2
4,7,2
5,20,2
6,97,2
7,282,2
8,398,3
9,187,2
10,113,2
11,149,3
12,205,3
13,205,3
14,167,3
15,165,3
16,290,3
17,555,3
18,523,3
19,366,3
20,286,3
21,211,3
22,174,3
23,132,3
0,54,2
1,19,2
2,19,2
3,6,2
4,7,2
5,16,2
6,101,2
7,270,2
8,454,3
9,226,3
10,163,3
11,147,3
12,216,3
13,204,3
14,245,3
15,210,3
16,330,3
17,550,3
18,466,3
19,372,3
20,291,3
21,173,3
22,188,3
23,139,3
0,133,1
1,67,1
2,53,1
3,42,1
4,10,1
5,6,1
6,27,1
7,63,1
8,121,1
9,215,1
10,290,3
11,349,3
12,382,3
13,441,3
14,380,3
15,362,3
16,343,3
17,149,1
18,211,3
19,171,1
20,137,1
21,114,1
22,120,1
23,108,1
0,80,1
1,73,1
2,66,1
3,32,1
4,6,1
5,5,1
6,13,1
7,39,1
8,89,1
9,184,1
10,266,1
11,269,1
12,370,3
13,324,3
14,322,3
15,326,3
16,193,1
17,194,0
18,229,1
19,228,1
20,183,1
21,136,1
22,103,1
23,55,1
0,30,2
1,12,2
2,7,2
3,1,2
4,10,2
5,15,2
6,95,2
7,267,3
8,349,3
9,183,3
10,124,3
11,179,3
12,182,3
13,151,3
14,150,3
15,126,3
16,282,3
17,527,3
18,529,3
19,416,3
20,286,3
21,186,3
22,147,3
23,72,3
0,35,2
1,14,2
2,12,2
3,3,2
4,7,2
5,30,2
6,101,2
7,343,3
8,392,3
9,175,3
10,144,3
11,149,3
12,185,3
13,175,3
14,148,3
15,164,3
16,285,3
17,532,3
18,585,3
19,371,3
20,292,3
21,230,3
22,155,3
23,75,3
0,37,2
1,17,2
2,11,2
3,4,2
4,5,2
5,32,2
6,119,2
7,305,3
8,399,3
9,180,3
10,113,3
11,149,3
12,240,3
13,191,3
14,178,3
15,194,3
16,282,3
17,584,3
18,559,3
19,413,3
20,312,3
21,209,3
22,139,3
23,108,3
0,46,2
1,26,2
2,11,2
3,9,2
4,5,2
5,25,2
6,106,2
7,307,3
8,390,3
9,197,3
10,132,3
11,187,3
12,214,3
13,217,3
14,142,3
15,178,3
16,298,3
17,582,3
18,571,3
19,371,3
20,288,3
21,206,3
22,157,3
23,127,3
0,65,2
1,23,2
2,15,2
3,9,2
4,5,2
5,26,2
6,76,2
7,264,3
8,426,3
9,205,3
10,130,3
11,156,3
12,222,3
13,253,3
14,186,3
15,249,3
16,334,3
17,516,3
18,465,3
19,385,3
20,287,3
21,226,3
22,231,3
23,151,3
0,84,1
1,77,1
2,74,1
3,27,1
4,10,1
5,18,1
6,22,1
7,44,1
8,118,1
9,208,1
10,260,1
11,314,3
12,421,1
13,153,1
14,259,3
15,358,3
16,281,3
17,269,3
18,292,3
19,237,3
20,183,1
21,167,1
22,154,1
23,120,1
0,90,1
1,73,1
2,62,1
3,27,1
4,3,1
5,10,1
6,6,1
7,24,1
8,41,1
9,103,1
10,183,1
11,198,1
12,281,1
13,377,3
14,370,3
15,331,3
16,292,3
17,329,3
18,347,3
19,259,1
20,193,1
21,155,1
22,39,1
23,27,1
0,25,2
1,10,2
2,3,2
3,7,2
4,5,2
5,17,2
6,90,2
7,258,2
8,355,3
9,222,2
10,141,2
11,153,3
12,178,3
13,193,3
14,151,3
15,182,3
16,283,3
17,530,3
18,483,3
19,397,3
20,285,3
21,184,3
22,98,3
23,88,3
0,31,2
1,16,2
2,4,2
3,6,2
4,5,2
5,30,2
6,119,2
7,346,3
8,441,3
9,198,3
10,111,0
11,150,3
12,162,3
13,192,3
14,182,3
15,159,3
16,303,3
17,600,3
18,570,3
19,376,3
20,280,3
21,215,3
22,152,3
23,77,3
0,24,2
1,14,2
2,6,2
3,5,2
4,5,2
5,28,2
6,105,2
7,308,3
8,487,3
9,209,3
10,118,3
11,128,3
12,189,3
13,176,3
14,192,3
15,159,3
16,300,3
17,552,3
18,556,3
19,347,3
20,280,3
21,230,3
22,171,3
23,105,3
0,56,2
1,24,2
2,6,2
3,6,2
4,9,2
5,27,2
6,103,2
7,308,2
8,420,3
9,228,3
10,129,3
11,141,3
12,173,3
13,187,3
14,182,3
15,174,3
16,245,3
17,409,3
18,274,3
19,141,2
20,165,3
21,149,3
22,135,3
23,114,3
0,62,2
1,20,2
2,8,2
3,3,2
4,8,2
5,17,2
6,93,2
7,263,2
8,398,2
9,218,3
10,165,2
11,165,2
12,222,3
13,232,3
14,220,3
15,222,3
16,327,3
17,527,3
18,425,3
19,165,0
20,58,0
21,107,2
22,122,2
23,106,2
0,128,1
1,47,1
2,69,1
3,51,1
4,7,1
5,8,1
6,24,1
7,44,1
8,133,1
9,190,1
10,306,3
11,338,3
12,409,3
13,378,3
14,375,3
15,390,3
16,373,3
17,383,3
18,394,3
19,291,3
20,248,3
21,225,3
22,223,3
23,157,1
0,74,1
1,86,1
2,64,1
3,51,1
4,6,1
5,8,1
6,14,1
7,31,1
8,92,1
9,231,1
10,274,1
11,313,3
12,374,3
13,310,3
14,235,1
15,68,1
16,258,1
17,270,1
18,311,3
19,282,3
20,181,1
21,138,1
22,134,1
23,68,1
0,40,2
1,21,2
2,8,2
3,5,2
4,12,2
5,24,2
6,112,2
7,281,3
8,351,3
9,187,3
10,121,3
11,131,0
12,207,3
13,205,0
14,225,3
15,199,3
16,320,3
17,591,3
18,609,3
19,416,3
20,268,3
21,208,3
22,153,0
23,64,0
0,35,2
1,19,2
2,6,2
3,6,2
4,5,2
5,36,2
6,114,2
7,344,3
8,504,3
9,225,3
10,148,3
11,186,3
12,237,3
13,234,3
14,651,3
15,601,3
16,444,3
17,472,3
18,519,3
19,367,3
20,260,3
21,211,3
22,191,3
23,80,3
0,38,2
1,24,2
2,6,2
3,1,2
4,7,2
5,27,2
6,108,2
7,308,2
8,468,3
9,213,2
10,146,3
11,185,3
12,235,3
13,236,3
14,204,3
15,204,3
16,271,3
17,567,3
18,621,3
19,440,3
20,334,3
21,236,3
22,181,3
23,70,0
0,52,2
1,15,2
2,5,2
3,4,2
4,7,2
5,26,2
6,102,2
7,313,3
8,484,3
9,162,2
10,142,3
11,151,2
12,41,2
13,37,2
14,113,2
15,132,2
16,121,2
17,312,3
18,408,3
19,272,3
20,225,3
21,187,3
22,147,2
23,84,2
0,51,2
1,23,2
2,20,2
3,11,2
4,8,2
5,26,2
6,105,2
7,266,2
8,404,3
9,230,2
10,123,2
11,214,3
12,243,3
13,237,3
14,219,3
15,249,3
16,343,3
17,489,3
18,410,3
19,290,3
20,222,3
21,190,3
22,152,3
23,136,3
0,145,1
1,64,1
2,77,1
3,30,1
4,4,1
5,12,1
6,18,1
7,28,1
8,76,1
9,156,1
10,205,1
11,88,1
12,76,1
13,43,1
14,23,1
15,30,1
16,24,1
17,16,0
7,1,1
8,8,1
9,53,1
10,142,0
11,237,1
12,306,3
13,431,3
14,447,3
15,469,3
16,491,3
17,398,3
18,402,3
19,387,3
20,214,3
21,186,1
22,98,1
23,64,1
0,34,2
1,20,2
2,13,2
3,6,2
4,3,2
5,17,2
6,102,2
7,284,3
8,404,3
9,188,3
10,115,3
11,138,3
12,207,3
13,218,3
14,182,3
15,220,3
16,282,3
17,591,3
18,547,3
19,367,3
20,277,3
21,202,3
22,142,3
23,75,3
0,27,2
1,13,2
2,10,2
3,4,2
4,6,2
5,28,2
6,119,2
7,357,2
8,493,3
9,218,3
10,137,3
11,175,3
12,237,3
13,229,3
14,209,3
15,196,3
16,337,3
17,611,3
18,576,3
19,465,3
20,298,3
21,223,3
22,143,3
23,93,3
0,32,2
1,15,2
2,6,2
3,6,2
4,5,2
5,27,2
6,111,2
7,328,2
8,467,3
9,244,2
10,138,3
11,171,3
12,260,3
13,221,3
14,196,3
15,172,3
16,309,3
17,608,3
18,565,3
19,446,3
20,289,3
21,201,3
22,157,3
23,84,2
0,51,2
1,21,2
2,25,2
3,14,2
4,7,2
5,23,2
6,105,2
7,342,2
8,498,3
9,207,2
10,138,2
11,192,3
12,229,3
13,219,3
14,198,3
15,174,3
16,308,3
17,628,3
18,531,3
19,443,3
20,280,3
21,177,3
22,179,3
23,126,3
0,64,2
1,32,2
2,20,2
3,8,2
4,4,2
5,20,2
6,76,2
7,259,2
8,456,3
9,220,2
10,140,2
11,192,2
12,260,3
13,279,3
14,283,3
15,346,3
16,381,3
17,455,3
18,355,3
19,287,3
20,196,3
21,149,3
22,147,3
23,98,3
0,87,1
1,74,1
2,41,1
3,35,1
4,7,1
5,12,1
6,23,1
7,38,1
8,89,1
9,201,1
10,258,1
11,194,1
12,257,3
13,353,3
14,380,3
15,388,3
16,374,3
17,371,3
18,339,3
19,295,3
20,219,1
21,164,1
22,162,1
23,123,1
0,109,1
1,75,1
2,60,1
3,43,1
4,4,1
5,6,1
6,3,1
7,30,1
8,70,1
9,189,1
10,297,1
11,337,1
12,435,3
13,419,3
14,361,3
15,410,3
16,337,3
17,376,3
18,356,3
19,328,3
20,229,3
21,207,1
22,155,1
23,104,1
0,97,1
1,54,1
2,39,1
3,16,1
4,8,1
5,6,1
6,11,1
7,41,1
8,101,1
9,152,1
10,244,1
11,308,1
12,353,3
13,389,3
14,357,3
15,253,1
16,284,1
17,114,1
18,123,1
19,175,1
20,82,1
21,60,1
22,64,0
23,20,1
0,8,2
2,2,2
3,1,2
4,4,2
5,21,2
6,72,2
7,172,2
8,364,2
9,185,0
10,106,2
11,89,2
12,67,2
13,29,2
14,24,2
15,89,2
16,106,2
17,291,0
18,373,3
19,281,0
20,163,2
21,121,2
22,84,2
23,58,2
0,13,2
1,5,2
2,6,2
3,2,2
4,4,2
5,16,2
6,75,2
7,86,2
8,328,2
9,190,2
10,66,2
11,10,2
12,22,2
13,11,2
14,25,2
15,58,2
16,144,2
17,285,2
18,237,2
19,226,2
20,96,2
21,38,2
22,29,2
23,24,2
0,14,2
1,4,2
3,2,2
4,3,2
5,14,2
6,56,2
7,179,2
8,195,2
9,69,2
10,65,2
11,98,2
12,102,2
13,126,2
14,120,2
15,139,2
16,156,2
17,113,2
18,68,2
19,52,2
20,89,2
21,82,2
22,70,2
23,26,2
0,16,2
1,8,2
2,8,2
3,2,2
4,3,2
5,14,2
6,57,2
7,108,2
8,288,2
9,136,2
10,29,2
11,72,2
12,75,2
13,122,2
14,148,2
15,188,3
16,285,3
17,505,3
18,410,3
19,349,3
20,210,2
21,203,2
22,160,2
23,148,2
0,116,1
1,83,1
2,64,1
3,37,1
4,7,1
5,8,1
6,6,1
7,52,1
8,119,1
9,207,1
10,318,3
11,360,3
12,404,3
13,370,3
14,359,3
15,480,3
16,431,3
17,460,3
18,360,3
19,315,3
20,245,3
21,230,1
22,175,1
23,139,1
0,108,1
1,88,1
2,76,1
3,45,1
4,9,1
5,39,1
6,20,1
7,37,1
8,94,1
9,227,1
10,334,1
11,402,1
12,411,3
13,350,3
14,342,3
15,404,3
16,483,3
17,380,3
18,339,3
19,333,1
20,226,1
21,159,1
22,95,1
23,45,1
0,16,2
1,12,2
2,2,2
4,4,2
5,24,2
6,109,2
7,312,2
8,408,2
9,176,2
10,129,2
11,165,3
12,184,3
13,163,3
14,189,3
15,212,3
16,298,3
17,590,3
18,571,3
19,436,3
20,299,3
21,195,3
22,150,3
23,69,2
0,26,2
1,10,2
2,2,2
3,4,2
4,8,2
5,20,2
6,122,2
7,362,2
8,425,2
9,214,2
10,135,2
11,153,3
12,187,3
13,184,3
14,190,3
15,180,3
16,292,3
17,579,3
18,539,3
19,396,3
20,272,3
21,245,3
22,144,3
23,74,2
0,33,2
1,8,2
2,5,2
3,8,2
4,9,2
5,31,2
6,145,2
7,370,2
8,429,3
9,202,2
10,142,2
11,164,3
12,212,3
13,178,3
14,124,3
15,176,3
16,277,3
17,599,3
18,586,3
19,381,3
20,261,3
21,213,3
22,160,3
23,72,3
0,37,2
1,20,2
2,5,2
3,8,2
4,7,2
5,31,2
6,124,2
7,338,2
8,391,3
9,209,2
10,121,2
11,159,2
12,179,3
13,189,3
14,170,0
15,135,0
16,222,0
17,261,0
18,244,0
19,232,0
20,248,0
21,145,0
22,115,0
23,69,0
0,48,2
1,26,2
2,10,2
3,6,2
4,4,2
5,32,2
6,93,2
7,299,2
8,409,3
9,210,0
10,140,0
11,179,0
12,251,3
13,223,3
14,225,3
15,203,0
16,358,3
17,566,3
18,482,3
19,315,3
20,225,3
21,163,3
22,167,3
23,126,3
0,108,1
1,80,1
2,79,1
3,28,1
4,5,1
5,5,1
6,22,1
7,37,1
8,108,1
9,177,1
10,249,1
11,367,1
12,372,1
13,349,1
14,297,1
15,354,1
16,305,1
17,359,1
18,329,1
19,256,1
20,176,1
21,170,1
22,143,1
23,136,1
0,112,1
1,79,1
2,89,1
3,36,1
4,1,1
5,6,1
6,12,1
7,44,1
8,69,1
9,140,1
10,260,1
11,317,1
12,364,1
13,376,1
14,311,1
15,365,1
16,369,1
17,325,1
18,289,1
19,245,1
20,180,1
21,147,1
22,84,1
23,54,1
0,37,2
1,10,2
2,13,2
3,5,2
4,8,2
5,28,2
6,113,2
7,332,2
8,420,2
9,215,2
10,105,2
11,139,2
12,189,2
13,177,2
14,188,3
15,187,3
16,263,3
17,568,3
18,540,3
19,374,3
20,231,3
21,200,3
22,129,3
23,68,0
0,25,2
1,14,2
2,5,2
3,3,2
4,6,2
5,22,2
6,114,2
7,329,2
8,209,2
9,69,2
10,30,2
11,56,2
12,60,2
13,103,2
14,112,2
15,192,2
16,264,2
17,511,3
18,492,3
19,337,3
20,253,2
21,206,2
22,148,2
23,81,2
0,27,2
1,17,2
2,6,2
3,6,2
4,7,2
5,31,2
6,117,2
7,330,2
8,462,2
9,208,2
10,133,2
11,180,2
12,193,2
13,181,2
14,179,2
15,185,2
16,281,3
17,536,3
18,408,3
19,283,2
20,160,2
21,200,2
22,127,2
23,95,2
0,41,2
1,11,2
2,10,2
3,12,2
4,2,2
5,30,2
6,101,2
7,311,2
8,415,2
9,203,2
10,120,2
11,165,2
12,176,2
13,193,2
14,183,2
15,181,2
16,301,3
17,563,3
18,551,3
19,420,3
20,285,3
21,221,3
22,187,2
23,113,2
0,52,2
1,31,2
2,20,2
3,8,2
4,13,2
5,22,2
6,104,2
7,254,2
8,317,2
9,111,2
10,35,2
11,21,2
12,29,2
13,34,2
14,24,2
15,61,2
16,56,2
17,99,2
18,234,2
19,248,2
20,179,2
21,138,2
22,157,2
23,148,2
0,93,1
1,79,1
2,68,1
3,31,1
4,8,1
5,5,1
6,18,1
7,46,1
8,121,1
9,175,1
10,293,1
11,386,1
12,407,1
13,460,3
14,390,3
15,452,3
16,449,3
17,426,3
18,400,3
19,308,1
20,243,1
21,222,1
22,193,1
23,150,1
0,173,1
1,124,1
2,106,1
3,59,1
4,8,1
5,3,1
6,17,1
7,38,1
8,86,1
9,155,1
10,275,1
11,361,1
12,413,1
13,369,1
14,347,1
15,353,1
16,464,3
17,420,3
18,404,3
19,329,1
20,186,1
21,137,1
22,104,1
23,79,1
0,29,2
1,17,2
2,8,2
3,5,2
4,6,2
5,25,2
6,113,2
7,332,2
8,355,2
9,205,2
10,154,2
11,159,2
12,209,2
13,187,2
14,154,3
15,209,3
16,313,3
17,570,3
18,553,3
19,383,3
20,251,3
21,182,2
22,136,2
23,75,2
0,37,2
1,10,2
2,11,2
3,10,2
4,8,2
5,24,2
6,124,2
7,249,2
8,427,2
9,193,2
10,122,2
11,123,2
12,162,2
13,151,2
14,152,2
15,205,2
16,258,3
17,530,3
18,356,3
19,320,3
20,238,3
21,196,2
22,121,2
23,93,2
0,36,2
1,14,2
2,9,2
3,3,2
4,4,2
5,22,2
6,114,2
7,185,2
8,287,2
9,155,2
10,129,2
11,151,2
12,184,2
13,162,3
14,170,3
15,181,3
16,280,3
17,591,3
18,524,3
19,372,3
20,102,0
21,74,2
22,87,2
23,71,2
0,40,2
1,23,2
2,2,2
3,8,2
4,7,2
5,22,2
6,111,2
7,283,2
8,431,2
9,225,2
10,127,2
11,158,2
12,195,3
13,211,3
14,167,3
15,227,0
16,291,3
17,589,3
18,584,3
19,384,3
20,273,3
21,225,3
22,175,3
23,81,2
0,60,2
1,23,2
2,15,2
3,3,2
4,8,2
5,26,2
6,98,2
7,297,2
8,456,3
9,237,2
10,168,2
11,217,3
12,254,3
13,266,3
14,266,3
15,245,3
16,360,3
17,591,3
18,511,3
19,374,3
20,230,0
21,206,0
22,159,0
23,132,0
0,130,1
1,58,1
2,67,1
3,25,1
4,8,1
5,5,1
6,19,1
7,36,1
8,67,1
9,129,1
10,121,1
11,132,1
12,158,1
13,125,1
14,180,1
15,195,1
16,223,1
17,228,1
18,140,1
19,126,1
20,66,1
21,56,1
22,70,1
23,65,1
0,47,1
1,24,1
2,30,1
3,9,1
4,7,1
5,7,1
6,15,1
7,29,1
8,64,1
9,115,1
10,248,1
11,292,1
12,321,1
13,308,1
14,256,1
15,173,1
16,206,1
17,167,1
18,174,1
19,162,1
20,87,1
21,88,1
22,64,1
23,25,1
0,16,2
1,6,2
2,4,2
3,7,2
4,8,2
5,21,2
6,94,2
7,249,2
8,372,2
9,153,2
10,101,2
11,126,2
12,147,2
13,118,2
14,120,2
15,101,2
16,218,2
17,495,3
18,412,3
19,315,2
20,204,2
21,138,2
22,91,2
23,54,2
0,27,2
1,9,2
2,3,2
3,6,2
4,7,2
5,27,2
6,112,2
7,309,2
8,400,2
9,187,2
10,126,2
11,124,0
12,199,0
13,173,0
14,183,0
15,194,0
16,309,3
17,585,3
18,524,3
19,345,3
20,261,3
21,166,3
22,114,2
23,66,2
0,43,2
1,11,2
2,3,2
3,6,2
4,5,2
5,32,2
6,117,2
7,301,2
8,467,3
9,219,0
10,133,0
11,170,0
12,214,0
13,219,3
14,190,0
15,182,3
16,282,3
17,591,3
18,593,3
19,374,3
20,246,3
21,201,2
22,154,2
23,73,2
0,40,2
1,22,2
2,10,2
3,5,2
4,5,2
5,24,2
6,114,2
7,302,2
8,457,3
9,208,2
10,129,2
11,144,2
12,226,3
13,191,3
14,195,3
15,219,3
16,323,3
17,568,3
18,538,3
19,343,3
20,260,3
21,195,2
22,148,2
23,99,2
0,67,2
1,28,2
2,5,2
3,10,2
4,5,2
5,27,2
6,87,2
7,242,2
8,417,2
9,241,2
10,174,2
11,230,2
12,235,3
13,305,3
14,256,3
15,270,3
16,419,3
17,563,3
18,465,3
19,294,3
20,197,3
21,166,2
22,146,2
23,136,3
0,89,1
1,65,1
2,45,1
3,20,1
4,10,1
5,8,1
6,22,1
7,73,1
8,103,1
9,217,1
10,337,1
11,397,3
12,446,3
13,485,3
14,465,3
15,496,3
16,451,3
17,393,3
18,359,3
19,248,1
20,202,1
21,187,1
22,149,1
23,142,1
0,129,1
1,78,1
2,55,1
3,30,1
4,14,1
5,15,1
6,21,1
7,44,1
8,107,1
9,185,1
10,365,1
11,423,3
12,455,3
13,418,3
14,500,3
15,407,3
16,470,3
17,438,3
18,414,3
19,302,1
20,193,1
21,173,1
22,152,1
23,123,1
0,53,1
1,34,1
2,19,1
3,11,1
4,6,1
5,21,1
6,44,1
7,114,1
8,254,1
9,219,1
10,265,1
11,322,1
12,365,3
13,365,3
14,370,3
15,384,3
16,402,3
17,459,3
18,473,3
19,336,1
20,225,1
21,175,1
22,126,1
23,75,1
0,30,2
1,11,2
2,5,2
3,3,2
4,5,2
5,20,2
6,123,2
7,352,2
8,406,2
9,235,2
10,149,2
11,123,2
12,181,2
13,180,2
14,171,2
15,175,2
16,320,3
17,604,3
18,539,3
19,318,3
20,234,3
21,175,3
22,147,2
23,57,0
0,25,2
1,10,2
2,2,2
3,2,2
4,7,2
5,22,2
6,112,2
7,259,2
8,404,2
9,197,2
10,113,2
11,120,2
12,62,2
13,101,2
14,78,2
15,45,2
16,55,2
17,251,2
18,172,2
19,109,2
20,90,2
21,83,2
22,43,2
23,54,2
0,15,2
1,12,2
2,4,2
3,6,2
4,7,2
5,17,2
6,52,2
7,81,2
8,209,2
9,109,2
10,69,2
11,84,2
12,105,2
13,162,2
14,133,2
15,155,2
16,276,3
17,479,3
18,268,3
19,205,3
20,181,3
21,123,2
22,114,3
23,47,2
0,39,2
1,24,2
2,6,2
3,7,2
4,8,2
5,17,2
6,94,2
7,147,2
8,209,2
9,180,2
10,125,2
11,87,2
12,75,2
13,132,0
14,156,0
15,230,3
16,344,3
17,481,3
18,423,3
19,248,0
20,196,0
21,178,0
22,143,0
23,95,0
0,106,1
1,73,1
2,56,1
3,23,1
4,6,1
5,7,1
6,20,1
7,57,1
8,125,1
9,207,1
10,322,0
11,374,0
12,456,0
13,394,0
14,472,3
15,377,0
16,443,3
17,441,3
18,372,3
19,238,1
20,179,1
21,168,0
22,166,0
23,135,0
0,107,1
1,77,1
2,65,1
3,42,1
4,12,1
5,7,1
6,10,1
7,48,1
8,99,1
9,190,1
10,347,1
11,377,3
12,444,3
13,438,3
14,462,3
15,412,3
16,466,3
17,405,3
18,328,0
19,233,0
20,178,0
21,102,0
22,130,0
23,62,0
0,37,2
1,17,0
2,7,0
3,2,2
4,5,2
5,29,2
6,114,2
7,309,2
8,414,3
9,206,0
10,135,0
11,166,2
12,205,3
13,205,3
14,166,3
15,208,0
16,302,3
17,620,3
18,518,3
19,333,3
20,229,3
21,177,2
22,104,2
23,62,2
0,31,2
1,11,2
2,5,2
3,1,2
4,4,2
5,21,2
6,109,2
7,341,2
8,499,3
9,227,2
10,102,2
11,147,3
12,201,3
13,219,3
14,169,3
15,205,3
16,304,3
17,625,3
18,570,3
19,317,3
20,227,3
21,206,3
22,137,2
23,70,0
0,34,2
1,16,2
2,7,2
4,3,2
5,3,2
6,31,2
7,68,2
8,210,0
9,202,0
10,123,0
11,149,2
12,130,2
13,106,2
14,97,2
15,120,2
16,201,2
17,181,2
18,140,2
19,197,2
20,145,2
21,85,2
22,107,0
23,69,0
0,26,2
1,15,2
2,4,2
3,1,2
4,8,2
5,26,2
6,92,2
7,318,0
8,426,0
9,223,0
10,130,0
11,129,0
12,199,0
13,164,0
14,155,0
15,160,0
16,234,0
17,494,3
18,469,3
19,298,0
20,241,0
21,165,0
22,128,0
23,90,0
0,50,2
1,26,2
2,18,2
3,7,2
4,6,2
5,31,2
6,85,2
7,233,2
8,402,3
9,222,2
10,138,0
11,174,0
12,240,0
13,206,0
14,198,0
15,235,0
16,302,0
17,524,3
18,397,3
19,253,0
20,184,0
21,143,0
22,113,0
23,117,0
0,96,1
1,70,1
2,31,1
3,20,1
4,8,1
5,8,1
6,18,1
7,57,1
8,114,1
9,169,1
10,236,1
11,282,1
12,343,1
13,322,1
14,310,3
15,382,3
16,359,3
17,360,3
18,335,1
19,220,1
20,159,1
21,157,1
22,144,1
23,108,1
0,88,1
1,71,1
2,50,1
3,46,1
4,6,1
5,3,1
6,12,1
7,21,1
8,88,1
9,143,1
10,289,1
11,333,1
12,413,1
13,415,1
14,408,3
15,387,3
16,405,3
17,340,1
18,284,1
19,193,1
20,144,1
21,99,1
22,94,1
23,49,1
0,32,2
1,15,2
2,7,2
3,4,2
4,6,2
5,21,2
6,86,2
7,285,2
8,398,2
9,195,2
10,129,2
11,168,2
12,220,2
13,198,2
14,206,3
15,177,3
16,310,3
17,614,3
18,486,3
19,237,2
20,129,2
21,126,2
22,79,2
23,59,2
0,30,2
1,11,2
2,5,2
3,4,2
4,5,2
5,24,2
6,98,2
7,314,2
8,408,2
9,223,0
10,128,0
11,166,0
12,200,0
13,198,0
14,200,0
15,234,3
16,285,3
17,585,3
18,518,3
19,338,3
20,248,3
21,201,2
22,170,0
23,94,0
0,32,2
1,12,2
2,3,2
3,3,2
4,5,2
5,21,2
6,92,2
7,299,2
8,464,3
9,240,2
10,131,2
11,155,0
12,194,3
13,82,2
14,66,2
15,70,2
16,213,2
17,454,3
18,453,3
19,331,3
20,207,2
21,157,2
22,135,2
23,75,2
0,26,2
1,11,2
2,8,2
3,4,2
4,4,2
5,15,2
6,46,2
7,137,2
8,316,2
9,171,2
10,62,2
11,52,2
12,53,2
13,74,2
14,92,2
15,107,2
16,207,2
17,322,0
18,240,0
19,219,0
20,182,0
21,132,0
22,111,0
23,68,0
0,44,2
1,16,2
2,4,2
3,8,2
4,10,2
5,25,2
6,75,2
7,205,0
8,374,0
9,229,0
10,130,0
11,168,0
12,213,0
13,228,0
14,185,0
15,215,0
16,308,0
17,446,3
18,368,0
19,204,0
20,143,0
21,74,0
22,36,0
23,39,0
0,19,1
1,18,1
2,17,1
3,8,1
4,1,1
5,1,1
6,5,1
7,7,1
8,20,1
9,20,1
10,12,1
11,27,1
12,50,1
13,30,0
14,29,1
15,41,1
16,22,1
17,31,1
18,43,1
19,39,1
20,47,1
21,50,1
22,54,1
23,36,1
0,54,1
1,43,1
2,50,1
3,33,1
4,11,1
5,4,1
6,10,1
7,22,1
8,80,1
9,147,1
10,178,1
11,240,1
12,314,1
13,345,1
14,300,1
15,290,1
16,320,1
17,245,1
18,213,1
19,153,1
20,92,1
21,79,1
22,71,1
23,37,1
0,23,2
1,13,2
2,3,2
3,3,2
4,6,2
5,18,2
6,86,2
7,227,2
8,372,2
9,211,2
10,105,2
11,128,2
12,170,0
13,152,0
14,141,0
15,168,0
16,272,0
17,486,3
18,422,3
19,238,2
20,172,2
21,116,0
22,85,0
23,52,0
0,21,2
1,11,2
2,4,2
3,6,2
4,8,2
5,18,2
6,93,2
7,254,2
8,419,2
9,222,2
10,135,2
11,117,2
12,176,2
13,167,0
14,150,0
15,186,0
16,298,3
17,506,3
18,460,3
19,313,3
20,209,2
21,127,2
22,96,2
23,72,2
0,19,2
1,10,2
2,2,2
3,2,2
4,4,2
5,27,2
6,92,2
7,251,2
8,472,2
9,228,2
10,133,2
11,144,2
12,189,0
13,161,0
14,172,0
15,187,0
16,266,3
17,553,3
18,479,3
19,282,2
20,182,0
21,168,0
22,106,0
23,57,2
0,31,2
1,15,2
2,7,2
3,5,2
4,4,2
5,28,2
6,99,2
7,292,2
8,402,2
9,164,2
10,110,2
11,120,2
12,179,0
13,169,0
14,152,0
15,162,0
16,267,3
17,498,3
18,433,3
19,252,3
20,209,2
21,144,2
22,137,2
23,95,2
0,43,2
1,17,2
2,10,2
3,8,2
4,7,2
5,23,2
6,66,2
7,245,2
8,395,2
9,254,0
10,134,0
11,162,0
12,197,0
13,194,0
14,201,0
15,237,0
16,290,0
17,480,0
18,374,0
19,196,0
20,186,0
21,123,0
22,115,0
23,89,0
0,52,1
1,62,1
2,31,1
3,8,1
4,8,1
5,2,1
6,23,1
7,34,1
8,84,1
9,141,1
10,227,1
11,238,1
12,372,1
13,355,1
14,386,3
15,343,0
16,335,0
17,334,0
18,237,1
19,204,1
20,165,1
21,118,1
22,82,1
23,85,1
0,75,1
1,115,1
2,29,1
3,9,1
4,6,1
5,5,1
6,16,1
7,28,1
8,90,1
9,170,1
10,262,1
11,320,1
12,346,1
13,314,1
14,320,1
15,306,1
16,347,1
17,256,1
18,185,1
19,151,1
20,116,1
21,88,1
22,45,1
23,50,1
0,15,2
1,8,2
2,2,2
3,3,2
4,6,2
5,26,2
6,99,2
7,311,2
8,410,2
9,174,2
10,123,2
11,128,2
12,179,2
13,189,3
14,145,0
15,170,3
16,295,3
17,528,3
18,425,3
19,300,3
20,204,2
21,139,2
22,108,2
23,48,2
0,18,2
1,11,2
2,1,2
3,3,2
4,4,2
5,18,2
6,99,2
7,323,2
8,466,2
9,191,2
10,129,2
11,147,2
12,203,3
13,196,3
14,161,3
15,188,3
16,289,3
17,499,3
18,462,3
19,278,3
20,181,2
21,182,2
22,108,2
23,48,2
0,13,2
1,10,2
2,5,2
3,4,2
4,4,2
5,28,2
6,98,2
7,300,2
8,456,2
9,219,2
10,105,2
11,152,2
12,180,0
13,167,0
14,179,0
15,151,0
16,281,3
17,485,3
18,408,3
19,304,3
20,219,2
21,161,2
22,114,2
23,66,2
0,24,2
1,11,2
2,5,2
3,11,2
4,3,2
5,23,2
6,114,2
7,272,2
8,436,2
9,211,2
10,117,2
11,108,0
12,167,0
13,96,0
14,64,2
15,62,0
16,73,2
17,177,2
18,273,2
19,211,0
20,168,0
21,136,0
22,89,0
23,82,0
0,66,1
1,19,1
2,11,1
3,6,1
4,8,1
5,13,1
6,46,1
7,121,1
8,258,0
9,201,0
10,200,0
11,170,0
12,239,0
13,236,0
14,247,0
15,216,0
16,238,0
17,310,0
18,208,0
19,199,0
20,109,0
21,83,0
22,91,0
23,73,1
0,64,1
1,54,1
2,46,1
3,17,1
4,7,1
5,4,1
6,7,1
7,27,1
8,101,1
9,160,1
10,232,1
11,315,1
12,366,0
13,353,0
14,435,3
15,386,3
16,361,3
17,285,0
18,203,1
19,171,0
20,132,0
21,122,0
22,118,0
23,101,1
0,73,1
1,71,1
2,57,1
3,28,1
4,6,1
5,5,1
6,23,1
7,43,1
8,79,1
9,135,1
10,241,1
11,295,0
12,354,0
13,339,0
14,371,0
15,310,0
16,319,0
17,231,0
18,190,0
19,157,0
20,139,0
21,95,0
22,89,0
23,67,0
0,30,2
1,11,2
2,17,2
3,7,2
4,5,2
5,19,2
6,114,2
7,322,2
8,452,3
9,233,0
10,111,0
11,128,0
12,202,0
13,203,0
14,185,0
15,195,0
16,315,0
17,519,3
18,489,3
19,302,3
20,240,0
21,213,0
22,113,0
23,61,0
0,22,2
1,10,2
2,15,2
3,4,2
4,7,2
5,28,2
6,108,2
7,319,2
8,480,3
9,200,2
10,138,2
11,134,2
12,176,2
13,153,0
14,147,0
15,191,3
16,271,3
17,451,3
18,441,3
19,286,0
20,238,2
21,168,2
22,128,2
23,80,2
0,31,2
1,5,2
2,10,2
3,5,2
4,4,2
5,13,2
6,56,2
7,137,2
8,232,2
9,82,2
10,36,2
11,60,2
12,54,2
13,58,2
14,61,2
15,66,2
16,123,2
17,233,2
18,189,0
19,111,0
20,99,0
21,75,0
22,46,2
23,31,2
0,24,2
1,5,2
2,5,2
3,3,2
4,4,0
5,22,2
6,75,2
7,168,0
8,355,0
9,198,0
10,81,0
11,97,0
12,121,0
13,124,0
14,110,0
15,116,0
16,195,0
17,399,0
18,307,0
19,217,0
20,169,0
21,116,0
22,84,0
23,58,0
0,30,2
1,10,0
2,10,0
3,2,0
4,5,0
5,22,0
6,71,2
7,216,0
8,375,0
9,213,0
10,115,0
11,140,0
12,165,0
13,177,0
14,154,0
15,178,0
16,209,0
17,378,0
18,328,0
19,190,0
20,137,0
21,111,0
22,97,0
23,59,0
0,53,1
1,35,1
2,46,1
3,15,1
4,8,1
5,2,1
6,12,1
7,41,1
8,92,1
9,142,1
10,200,0
11,233,1
12,311,0
13,363,0
14,349,0
15,382,3
16,287,0
17,232,0
18,208,1
19,182,1
20,163,1
21,108,1
22,106,1
23,93,1
0,93,1
1,84,1
2,56,1
3,37,1
4,12,1
5,4,1
6,9,1
7,23,1
8,65,1
9,138,1
10,229,1
11,286,1
12,304,1
13,369,1
14,363,1
15,351,1
16,306,1
17,203,1
18,145,1
19,157,1
20,113,1
21,105,1
22,40,1
23,28,1
0,17,2
1,12,2
2,3,2
3,4,2
4,5,2
5,20,2
6,76,2
7,246,2
8,391,2
9,237,2
10,135,2
11,128,2
12,162,2
13,134,2
14,135,2
15,108,2
16,108,2
17,210,2
18,192,2
19,137,2
20,80,2
21,114,2
22,78,2
23,33,2
0,14,2
1,6,2
2,6,2
3,3,2
4,7,2
5,18,2
6,64,2
7,121,2
8,190,2
9,149,2
10,52,2
11,32,2
12,21,2
13,26,2
14,35,2
15,34,2
16,62,2
17,165,2
18,148,2
19,111,2
20,127,2
21,90,2
22,87,2
23,39,2
0,16,2
1,8,2
2,6,2
3,3,2
4,5,2
5,17,2
6,69,2
7,156,2
8,323,2
9,167,2
10,76,2
11,116,0
12,160,0
13,174,0
14,213,0
15,207,0
16,173,0
17,163,0
18,145,0
19,122,0
20,68,0
21,66,0
22,62,0
23,51,0
0,23,1
1,24,1
2,22,1
3,5,1
4,2,1
5,11,1
6,6,1
7,40,1
8,46,1
9,81,1
10,98,1
11,142,0
12,150,1
13,175,0
14,168,0
15,149,0
16,114,0
17,74,1
18,37,1
19,28,1
20,31,1
21,26,1
22,22,1
23,21,1
0,29,2
1,14,2
2,10,2
3,2,2
4,7,2
5,5,2
6,13,2
7,35,2
8,74,2
9,95,2
10,142,2
11,226,2
12,272,3
13,283,0
14,272,0
15,310,3
16,261,3
17,184,0
18,153,0
19,134,2
20,95,0
21,85,2
22,58,2
23,33,2
0,47,1
1,29,1
2,23,1
3,17,1
4,4,1
5,3,1
6,10,1
7,17,1
8,60,1
9,83,1
10,141,1
11,230,1
12,309,1
13,325,1
14,299,1
15,314,3
16,275,1
17,184,1
18,185,1
19,146,1
20,141,1
21,92,1
22,65,1
23,69,1
0,46,1
1,44,1
2,31,1
3,17,1
4,4,1
5,5,1
6,9,1
7,23,1
8,42,1
9,111,1
10,189,1
11,240,1
12,256,1
13,313,1
14,313,0
15,317,3
16,323,3
17,204,1
18,155,1
19,139,1
20,104,1
21,88,1
22,66,1
23,32,1
0,16,2
1,13,2
3,5,2
4,4,2
5,34,2
6,104,2
7,277,2
8,407,2
9,208,2
10,107,2
11,118,2
12,178,2
13,162,2
14,143,2
15,150,3
16,264,3
17,468,3
18,416,3
19,264,3
20,218,3
21,156,3
22,109,2
23,46,2
0,22,2
1,17,2
2,5,2
3,2,2
4,6,2
5,22,2
6,89,2
7,342,2
8,449,3
9,202,0
10,36,0
11,11,2
12,18,0
13,22,2
14,36,2
15,65,2
16,151,2
17,354,0
18,358,0
19,250,0
20,184,0
21,125,0
22,95,0
23,53,0
0,24,0
1,8,2
2,5,2
3,1,2
4,5,2
5,22,2
6,103,2
7,285,2
8,478,2
9,193,2
10,110,2
11,122,0
12,160,0
13,147,0
14,112,0
15,115,0
16,226,0
17,380,0
18,376,0
19,279,0
20,190,0
21,135,0
22,87,0
23,50,0
0,20,0
1,10,2
2,9,0
3,7,2
4,1,0
5,24,0
6,97,0
7,276,0
8,477,0
9,224,0
10,93,0
11,102,0
12,148,0
13,154,0
14,150,0
15,154,0
16,201,0
17,418,3
18,405,3
19,228,0
20,190,0
21,162,0
22,104,2
23,73,0
0,38,2
1,15,2
2,10,2
3,1,2
4,3,2
5,23,2
6,87,2
7,205,2
8,445,2
9,246,2
10,105,2
11,160,2
12,204,0
13,207,0
14,170,0
15,199,0
16,276,0
17,411,3
18,372,3
19,265,0
20,190,0
21,111,0
22,102,0
23,95,0
0,75,1
1,71,1
2,50,1
3,9,1
4,8,1
5,6,1
6,11,1
7,26,1
8,63,1
9,124,1
10,195,1
11,275,1
12,358,1
13,292,1
14,343,1
15,337,1
16,305,1
17,232,1
18,224,1
19,175,1
20,127,1
21,109,1
22,114,1
23,85,1
0,83,1
1,74,1
2,62,1
3,41,1
4,11,1
5,4,1
6,4,1
7,26,1
8,55,1
9,126,1
10,216,1
11,254,1
12,329,1
13,357,1
14,323,1
15,296,1
16,330,1
17,245,1
18,171,1
19,173,1
20,124,1
21,72,1
22,64,1
23,45,1
0,24,2
1,12,2
2,8,2
3,2,2
4,7,2
5,25,2
6,90,2
7,283,2
8,404,2
9,190,2
10,87,2
11,123,2
12,154,2
13,171,2
14,133,2
15,148,2
16,248,3
17,446,3
18,399,3
19,308,2
20,205,2
21,176,2
22,106,2
23,62,2
0,28,2
1,16,2
2,3,2
3,3,2
4,7,2
5,20,2
6,86,2
7,234,2
8,414,2
9,204,2
10,50,2
11,32,2
12,55,2
13,71,2
14,75,2
15,45,2
16,88,2
17,262,2
18,304,2
19,233,2
20,110,2
21,114,2
22,87,2
23,53,2
0,33,2
1,13,2
2,6,2
3,3,2
4,1,2
5,3,2
6,18,2
7,46,2
8,86,2
9,64,2
10,33,2
11,50,2
12,33,2
13,33,2
14,25,2
15,30,2
16,31,2
17,52,2
18,51,2
19,33,0
20,26,0
21,6,0
22,13,0
23,16,0
0,21,2
1,7,2
2,4,2
3,1,2
4,2,0
5,12,2
6,71,0
7,244,0
8,429,0
9,225,0
10,110,0
11,106,0
12,156,0
13,124,0
14,137,0
15,117,0
16,208,0
17,331,0
18,318,0
19,232,0
20,175,0
21,139,0
22,92,0
23,61,0
0,34,2
1,14,2
2,12,2
3,6,2
4,2,2
5,20,2
6,63,2
7,199,2
8,385,2
9,264,2
10,126,2
11,136,0
12,173,0
13,168,0
14,187,0
15,189,0
16,250,0
17,362,3
18,318,3
19,199,2
20,150,2
21,140,2
22,129,2
23,94,2
0,77,1
1,66,1
2,60,1
3,25,1
4,3,1
5,6,1
6,11,1
7,11,1
8,73,1
9,149,1
10,192,1
11,236,0
12,283,0
13,286,0
14,293,0
15,299,0
16,241,0
17,185,0
18,172,0
19,154,0
20,124,0
21,83,0
22,95,0
23,66,0
0,74,1
1,62,1
2,52,1
3,19,1
4,5,1
5,6,1
6,10,1
7,31,1
8,72,1
9,107,1
10,194,1
11,197,1
12,288,1
13,268,1
14,242,1
15,266,1
16,206,1
17,163,1
18,163,1
19,105,1
20,72,1
21,63,1
22,43,1
23,35,1
0,20,2
1,9,2
2,4,2
3,2,2
4,3,2
5,21,2
6,64,2
7,235,2
8,385,2
9,220,2
10,105,2
11,115,2
12,145,0
13,166,0
14,111,0
15,132,2
16,214,0
17,359,3
18,357,0
19,241,0
20,165,0
21,121,2
22,71,2
23,45,2
0,17,2
1,4,2
2,2,2
3,3,2
4,4,2
5,20,2
6,92,2
7,223,2
8,400,2
9,233,2
10,102,0
11,124,0
12,167,0
13,127,0
14,134,0
15,151,0
16,207,0
17,398,0
18,382,0
19,267,0
20,161,0
21,139,0
22,107,0
23,59,2
0,22,2
1,8,2
2,2,2
3,3,2
4,4,2
5,26,2
6,87,2
7,247,2
8,467,2
9,239,2
10,142,2
11,115,2
12,144,2
13,133,2
14,151,2
15,167,0
16,245,0
17,396,3
18,390,3
19,268,0
20,175,0
21,154,0
22,104,0
23,51,0
0,50,2
1,20,2
2,7,2
3,3,2
4,6,2
5,24,2
6,92,2
7,258,2
8,457,0
9,280,0
10,109,0
11,135,0
12,157,0
13,164,0
14,132,0
15,82,0
16,131,2
17,324,3
18,377,3
19,287,0
20,221,0
21,155,0
22,124,0
23,114,0
0,72,2
1,31,2
2,23,2
3,5,2
4,5,2
5,26,0
6,82,0
7,231,0
8,459,0
9,243,0
10,132,0
11,144,0
12,173,0
13,137,0
14,128,0
15,153,0
16,224,0
17,365,0
18,295,0
19,214,0
20,152,0
21,102,0
22,106,0
23,75,0
0,62,1
1,43,1
2,58,1
3,26,1
4,9,1
5,9,1
6,17,1
7,20,1
8,59,1
9,100,1
10,181,1
11,209,0
12,244,0
13,236,0
14,237,0
15,228,0
16,222,0
17,165,0
18,157,0
19,106,0
20,106,1
21,96,1
22,80,1
23,69,1
0,71,1
1,46,1
2,41,1
3,18,1
4,1,1
5,5,1
6,3,1
7,12,1
8,32,1
9,81,1
10,129,1
11,188,1
12,228,1
13,228,1
14,219,1
15,207,1
16,234,1
17,136,1
18,138,1
19,135,1
20,104,1
21,89,1
22,49,1
23,37,1
0,17,2
1,11,2
2,3,2
3,3,2
4,4,2
5,21,2
6,68,2
7,191,2
8,397,2
9,183,2
10,108,2
11,127,0
12,141,0
13,142,0
14,137,0
15,159,0
16,208,0
17,378,0
18,354,0
19,251,0
20,206,0
21,127,0
22,107,0
23,60,0
0,21,2
1,6,2
2,11,2
3,2,2
4,4,2
5,15,2
6,72,2
7,268,2
8,432,3
9,259,2
10,129,2
11,129,2
12,175,2
13,181,0
14,138,2
15,154,2
16,238,3
17,431,3
18,411,3
19,224,2
20,147,2
21,143,0
22,107,2
23,53,2
0,25,2
1,11,2
2,4,2
3,2,2
4,2,2
5,28,2
6,76,2
7,229,2
8,405,2
9,234,2
10,89,0
11,56,0
12,61,2
13,58,2
14,51,2
15,61,0
16,101,2
17,229,2
18,280,2
19,209,2
20,167,0
21,123,0
22,105,2
23,54,2
0,27,2
1,15,2
2,11,2
3,6,2
4,3,2
5,16,2
6,64,2
7,186,2
8,343,2
9,228,2
10,141,2
11,145,2
12,202,2
13,188,2
14,159,2
15,214,2
16,256,2
17,356,3
18,288,3
19,142,2
20,33,2
21,17,2
22,17,2
23,11,2
0,9,2
1,12,2
2,13,2
3,4,2
4,2,2
5,8,2
6,40,2
7,92,2
8,182,2
9,156,0
10,104,0
11,174,0
12,170,0
13,194,0
14,200,0
15,203,0
16,181,0
17,140,0
18,95,0
19,76,0
20,50,0
21,32,0
22,47,0
23,25,0
0,23,1
1,16,1
2,26,1
3,5,1
4,3,1
5,4,1
6,10,1
7,10,1
8,27,1
9,56,0
10,56,0
11,71,0
12,94,0
13,121,0
14,85,0
15,97,0
16,99,0
17,68,1
18,35,1
19,25,1
20,24,1
21,19,1
22,20,1
23,17,1
0,6,1
1,4,1
2,2,1
3,4,1
5,1,1
6,1,1
7,4,1
8,5,1
9,23,1
10,43,1
11,85,1
12,66,1
13,79,1
14,86,1
15,91,1
16,86,1
17,44,1
18,30,1
19,16,1
20,26,1
21,19,1
22,17,1
23,16,1
0,11,1
1,10,1
2,7,1
4,2,1
5,4,1
6,4,1
7,19,1
8,18,1
9,62,1
10,70,0
11,91,0
12,100,0
13,140,0
14,153,0
15,131,1
16,97,0
17,97,1
18,75,1
19,65,1
20,56,1
21,49,1
22,27,1
23,29,1
0,12,2
1,6,2
2,4,2
3,3,2
4,3,2
5,8,2
6,35,0
7,80,2
8,164,2
9,104,2
10,60,2
11,30,2
12,24,2
13,20,2
14,14,0
15,19,0
16,46,2
17,115,2
18,135,2
19,90,2
20,69,2
21,63,2
22,32,2
23,26,2
0,10,2
1,12,2
2,7,2
3,4,2
5,9,0
6,43,0
7,110,0
8,217,0
9,189,0
10,96,0
11,111,0
12,140,0
13,159,0
14,120,0
15,117,0
16,167,0
17,250,0
18,169,0
19,151,0
20,79,0
21,70,0
22,33,0
23,39,0
0,28,2
1,15,2
2,3,2
3,2,2
4,3,2
5,10,2
6,41,2
7,106,2
8,210,2
9,170,2
10,110,2
11,122,2
12,130,2
13,131,0
14,142,2
15,177,0
16,177,0
17,240,0
18,207,0
19,135,0
20,96,0
21,68,0
22,55,0
23,45,0
0,30,2
1,20,2
2,12,2
3,6,2
4,2,2
5,10,2
6,32,2
7,95,2
8,205,2
9,194,2
10,118,0
11,171,2
12,197,0
13,207,0
14,245,0
15,292,3
16,283,0
17,242,0
18,182,0
19,112,0
20,91,0
21,95,0
22,85,0
23,73,0
0,44,1
1,35,1
2,28,1
3,18,1
4,10,1
5,1,1
6,6,1
7,19,1
8,49,1
9,90,1
10,128,1
11,217,1
12,273,0
13,313,0
14,300,0
15,253,0
16,195,0
17,129,1
18,93,1
19,92,1
20,71,1
21,52,1
22,38,1
23,31,1
0,48,1
1,93,1
2,75,1
3,52,1
4,8,1
5,5,1
6,2,1
7,7,1
8,14,1
9,40,1
10,70,1
11,138,1
12,201,1
13,223,1
14,267,1
15,265,1
16,215,1
17,111,1
18,106,1
19,105,1
20,83,1
21,71,1
22,66,0
23,29,0
0,39,0
1,12,1
2,7,0
4,4,1
5,4,1
6,14,0
7,16,0
8,53,1
9,68,1
10,109,0
11,175,0
12,202,0
13,176,0
14,151,0
15,168,0
16,154,0
17,153,0
18,126,0
19,93,0
20,88,0
21,66,0
22,39,0
23,34,0
0,13,2
1,6,2
2,3,0
3,2,0
4,5,0
5,12,2
6,85,0
7,170,0
8,354,0
9,153,0
10,60,0
11,75,0
12,74,0
13,73,0
14,79,0
15,77,0
16,136,0
17,245,0
18,224,0
19,156,0
20,115,0
21,68,0
22,33,0
23,18,0
0,9,0
1,3,0
2,1,0
3,1,0
4,2,0
5,14,0
6,59,0
7,152,0
8,315,0
9,180,0
10,64,2
11,46,0
12,84,0
13,91,0
14,75,0
15,90,0
16,131,0
17,281,0
18,289,0
19,184,0
20,123,0
21,90,0
22,52,0
23,32,0
0,14,2
1,5,2
2,4,2
3,4,2
4,5,2
5,26,2
6,78,2
7,215,2
8,388,2
9,227,2
10,86,2
11,84,2
12,120,0
13,118,0
14,117,0
15,119,0
16,197,0
17,412,0
18,383,0
19,265,0
20,177,0
21,97,0
22,71,0
23,60,0
0,25,2
1,8,2
2,5,2
3,4,2
4,3,2
5,13,2
6,70,2
7,205,2
8,447,2
9,241,2
10,116,2
11,138,0
12,191,0
13,204,0
14,178,0
15,222,0
16,294,0
17,476,3
18,419,3
19,272,0
20,177,0
21,154,0
22,135,0
23,101,0
0,79,1
1,62,1
2,38,1
3,20,1
4,10,1
5,9,1
6,7,1
7,20,1
8,64,1
9,130,1
10,203,1
11,324,1
12,376,0
13,445,3
14,512,3
15,449,3
16,401,3
17,322,3
18,297,3
19,215,3
20,170,0
21,140,0
22,109,0
23,119,0
0,91,1
1,72,1
2,67,1
3,32,1
4,6,1
5,2,1
6,2,1
7,24,1
8,57,1
9,125,1
10,208,1
11,256,1
12,351,1
13,343,0
14,328,1
15,330,0
16,314,0
17,219,1
18,181,1
19,112,1
20,126,1
21,91,1
22,58,1
23,30,1
0,15,2
1,5,2
2,5,2
3,3,2
4,4,2
5,21,2
6,88,2
7,240,2
8,420,2
9,197,2
10,108,2
11,88,2
12,103,2
13,80,2
14,50,2
15,69,2
16,49,2
17,152,2
18,164,2
19,190,2
20,132,2
21,79,2
22,62,2
23,52,2
0,14,2
1,5,2
2,4,2
4,4,2
5,23,0
6,79,2
7,222,2
8,471,2
9,195,2
10,83,2
11,101,0
12,140,0
13,178,0
14,106,0
15,136,0
16,240,0
17,460,3
18,385,3
19,281,0
20,200,0
21,116,0
22,114,0
23,41,2
0,28,2
1,7,2
2,5,2
3,4,2
4,2,2
5,22,2
6,74,2
7,256,2
8,499,2
9,225,2
10,97,2
11,99,2
12,55,2
13,65,2
14,73,2
15,79,2
16,118,2
17,134,2
18,98,2
19,93,2
20,57,2
21,29,2
22,49,2
23,9,2
0,3,2
1,3,2
2,2,2
3,3,2
4,2,2
5,16,2
6,89,2
7,220,2
8,508,2
9,230,2
10,90,2
11,119,2
12,144,2
13,183,2
14,156,2
15,188,2
16,281,3
17,495,3
18,421,3
19,330,3
20,240,0
21,174,0
22,133,0
23,67,0
0,42,2
1,12,2
2,14,2
3,7,2
4,3,0
5,21,0
6,73,2
7,177,0
8,419,0
9,214,0
10,103,0
11,114,0
12,154,0
13,154,0
14,129,0
15,138,0
16,233,0
17,332,0
18,301,0
19,206,0
20,136,0
21,102,0
22,65,0
23,65,0
0,44,1
1,50,1
2,38,1
3,20,1
4,3,1
5,4,1
6,5,1
7,24,1
8,92,1
9,81,1
10,149,1
11,178,0
12,219,0
13,220,0
14,231,0
15,226,0
16,206,0
17,144,0
18,143,0
19,102,0
20,103,0
21,69,0
22,66,0
23,76,0
0,59,1
1,42,1
2,43,1
3,25,1
4,6,1
5,5,1
6,8,1
7,17,1
8,36,1
9,90,1
10,126,1
11,165,1
12,234,0
13,224,0
14,188,0
15,206,0
16,205,0
17,146,0
18,120,0
19,110,1
20,95,1
21,72,1
22,60,1
23,29,1
0,25,1
1,20,1
2,17,1
3,3,1
4,8,1
5,6,1
6,13,1
7,33,1
8,78,1
9,96,1
10,126,1
11,179,1
12,185,1
13,228,0
14,181,0
15,192,0
16,180,0
17,193,0
18,181,0
19,144,1
20,90,1
21,49,0
22,43,0
23,28,1
0,12,2
1,2,2
2,12,2
4,2,2
5,13,2
6,57,2
7,126,2
8,93,2
9,68,2
10,62,2
11,75,2
12,86,2
13,103,0
14,132,0
15,129,0
16,219,0
17,462,0
18,463,0
19,308,0
20,180,0
21,180,0
22,90,0
23,61,0
0,17,2
1,10,2
2,2,0
3,4,0
4,1,0
5,29,0
6,88,0
7,263,0
8,489,0
9,202,0
10,93,0
11,114,0
12,161,0
13,130,0
14,105,0
15,130,0
16,176,0
17,346,0
18,355,0
19,256,0
20,165,0
21,124,0
22,78,0
23,38,0
0,16,2
1,5,2
2,3,2
3,4,2
4,1,2
5,19,0
6,86,0
7,206,2
8,423,0
9,210,2
10,108,2
11,99,0
12,111,0
13,124,0
14,119,0
15,127,0
16,193,0
17,385,0
18,361,0
19,234,0
20,191,0
21,121,0
22,90,0
23,56,0
0,27,0
1,15,2
2,11,2
3,4,2
4,3,2
5,19,2
6,68,0
7,185,2
8,425,0
9,263,0
10,97,0
11,123,0
12,124,0
13,156,0
14,115,0
15,156,0
16,174,0
17,349,0
18,301,0
19,192,0
20,142,0
21,104,0
22,72,0
23,38,0
0,24,1
1,23,1
2,26,1
3,13,1
4,1,1
5,2,1
6,1,1
7,13,1
8,25,1
9,42,1
10,45,1
11,63,1
12,67,1
13,76,1
14,95,1
15,119,1
16,118,1
17,106,1
18,110,0
19,85,0
20,67,1
21,69,0
22,59,0
23,52,1
0,52,1
1,50,1
2,47,1
3,21,1
4,2,1
5,3,1
6,4,1
7,13,1
8,32,1
9,63,1
10,129,1
11,133,1
12,185,1
13,199,1
14,182,1
15,176,1
16,155,1
17,108,1
18,121,1
19,89,1
20,74,1
21,44,1
22,58,1
23,37,1
0,19,2
1,4,2
2,2,2
3,1,2
4,1,2
5,19,2
6,42,2
7,122,2
8,272,2
9,211,2
10,149,2
11,62,2
12,62,2
13,37,2
14,61,2
15,74,2
16,122,2
17,276,2
18,282,2
19,220,2
20,169,2
21,120,2
22,68,2
23,37,0
0,25,2
1,9,2
2,8,2
3,3,2
4,2,2
5,26,2
6,89,2
7,232,2
8,490,2
9,255,2
10,116,2
11,153,2
12,175,2
13,203,2
14,173,2
15,208,2
16,278,2
17,515,3
18,423,3
19,331,3
20,229,2
21,172,2
22,125,2
23,99,2
0,31,2
1,13,2
2,6,2
3,1,2
4,4,2
5,33,2
6,88,2
7,257,2
8,513,0
9,236,0
10,141,0
11,157,0
12,193,0
13,212,0
14,160,0
15,155,2
16,246,0
17,470,3
18,439,3
19,316,3
20,235,0
21,185,2
22,113,0
23,66,2
0,25,2
1,21,2
2,7,2
3,6,2
4,3,2
5,28,2
6,88,2
7,239,2
8,530,2
9,274,2
10,108,2
11,111,2
12,165,2
13,173,2
14,128,2
15,164,2
16,224,2
17,413,3
18,406,3
19,313,3
20,224,2
21,192,2
22,142,2
23,91,2
0,38,2
1,29,2
2,13,2
3,8,2
4,4,2
5,24,2
6,72,2
7,134,2
8,220,2
9,107,2
10,126,2
11,105,2
12,180,2
13,201,0
14,176,0
15,197,0
16,267,0
17,422,0
18,383,0
19,251,0
20,159,0
21,135,0
22,119,0
23,86,0
0,69,1
1,58,1
2,41,1
3,17,1
4,8,1
5,10,1
6,15,1
7,31,1
8,91,1
9,158,1
10,191,1
11,296,1
12,314,1
13,373,1
14,362,0
15,410,0
16,407,0
17,290,0
18,241,0
19,206,0
20,120,0
21,127,0
22,103,0
23,85,0
0,96,1
1,73,0
2,51,1
3,21,1
4,5,1
5,7,1
6,5,1
7,12,1
8,70,1
9,111,1
10,191,1
11,255,0
12,288,0
13,316,0
14,280,0
15,310,0
16,322,0
17,234,0
18,168,0
19,159,0
20,111,0
21,69,0
22,64,0
23,25,0
0,10,0
1,9,0
2,7,0
3,4,2
4,5,2
5,26,2
6,80,0
7,225,0
8,493,0
9,198,0
10,85,0
11,99,2
12,134,0
13,132,0
14,115,0
15,138,0
16,221,0
17,438,0
18,410,0
19,306,0
20,181,0
21,162,0
22,94,0
23,52,0
0,15,2
1,8,0
2,2,0
3,2,0
4,1,2
5,22,2
6,104,2
7,279,2
8,512,2
9,261,0
10,144,0
11,139,0
12,194,0
13,198,0
14,160,0
15,177,0
16,307,0
17,559,3
18,502,3
19,328,0
20,238,0
21,165,0
22,129,0
23,63,0
0,31,0
1,4,0
2,7,0
3,3,2
4,1,2
5,18,2
6,67,2
7,208,2
8,520,2
9,276,2
10,133,2
11,143,2
12,179,2
13,186,0
14,192,3
15,194,0
16,283,3
17,539,3
18,526,3
19,335,3
20,264,3
21,233,3
22,140,0
23,97,0
0,31,2
1,17,2
2,9,2
3,2,2
4,1,2
5,19,2
6,74,2
7,205,2
8,445,2
9,228,2
10,78,2
11,105,2
12,148,2
13,137,2
14,141,2
15,174,2
16,229,0
17,450,0
18,410,0
19,327,0
20,213,0
21,148,0
22,109,0
23,61,0
0,38,0
1,22,0
2,6,2
3,4,0
4,2,2
5,17,2
6,88,2
7,226,2
8,441,0
9,270,0
10,129,0
11,164,0
12,216,0
13,198,2
14,170,0
15,216,0
16,311,0
17,488,3
18,385,3
19,267,0
20,163,0
21,134,0
22,119,0
23,77,0
0,86,1
1,43,1
2,44,1
3,18,1
4,6,1
5,4,1
6,5,1
7,28,1
8,90,1
9,157,1
10,224,1
11,270,1
12,300,1
13,302,1
14,276,1
15,305,1
16,143,1
17,67,1
18,64,1
19,80,1
20,77,1
21,78,1
22,95,1
23,70,1
0,61,1
1,51,1
2,63,1
3,17,1
4,9,1
5,4,1
6,4,1
7,16,1
8,62,1
9,92,1
10,148,1
11,182,1
12,248,1
13,274,1
14,243,1
15,272,1
16,296,1
17,306,1
18,181,1
19,69,1
20,50,1
21,66,1
22,191,1
23,42,1
0,21,2
1,6,2
2,3,2
4,2,2
5,17,2
6,72,2
7,234,2
8,444,2
9,277,2
10,116,2
11,116,2
12,150,2
13,141,0
14,140,0
15,171,0
16,228,0
17,430,0
18,437,3
19,291,0
20,201,0
21,154,0
22,87,0
23,46,0
0,23,2
1,14,2
2,4,2
3,2,2
4,3,2
5,15,2
6,100,0
7,299,2
8,529,3
9,289,2
10,116,0
11,129,0
12,172,0
13,184,0
14,138,0
15,146,0
16,276,0
17,509,3
18,518,3
19,338,0
20,212,0
21,190,0
22,118,0
23,51,0
0,23,2
1,10,2
2,1,2
3,1,2
4,1,2
5,20,2
6,98,2
7,281,2
8,508,0
9,253,2
10,108,2
11,102,0
12,138,0
13,126,2
14,108,0
15,54,2
16,75,2
17,155,2
18,167,2
19,161,2
20,125,2
21,129,2
22,98,2
23,60,2
0,26,2
1,12,2
2,2,2
3,4,2
4,1,0
5,18,2
6,76,2
7,267,0
8,484,0
9,238,0
10,97,0
11,99,0
12,158,0
13,154,0
14,144,0
15,134,0
16,238,0
17,399,0
18,417,0
19,295,0
20,199,0
21,177,0
22,107,0
23,84,0
0,43,2
1,13,2
2,16,2
3,5,2
4,2,2
5,17,0
6,64,2
7,230,2
8,448,0
9,275,0
10,124,0
11,153,0
12,176,0
13,192,0
14,146,0
15,191,0
16,268,0
17,396,0
18,359,0
19,262,0
20,151,0
21,122,0
22,113,2
23,65,0
0,53,1
1,45,1
2,26,1
3,9,1
4,4,1
5,2,1
6,9,1
7,19,1
8,78,1
9,90,1
10,166,1
11,183,1
12,221,1
13,235,1
14,243,1
15,124,1
16,146,0
17,144,0
18,108,0
19,87,0
20,63,0
21,48,0
22,46,0
23,20,0
0,21,1
1,24,1
2,27,0
3,14,0
4,1,0
5,3,1
6,2,1
7,18,1
8,26,1
9,63,1
10,91,0
11,124,0
12,140,0
13,138,0
14,111,0
15,155,0
16,164,0
17,87,0
18,96,0
19,80,0
20,57,0
21,36,0
22,28,1
23,23,0
0,9,2
1,6,2
2,4,2
3,1,2
4,2,2
5,17,2
6,72,0
7,195,0
8,417,0
9,205,0
10,71,0
11,90,0
12,118,0
13,140,0
14,135,0
15,155,0
16,211,0
17,407,0
18,405,0
19,263,0
20,214,0
21,147,0
22,102,0
23,36,0
0,14,2
1,6,2
2,3,2
3,3,2
4,2,2
5,22,2
6,90,2
7,280,2
8,513,2
9,262,2
10,98,2
11,112,0
12,172,0
13,173,0
14,124,0
15,145,0
16,266,0
17,523,0
18,406,0
19,281,0
20,184,0
21,109,0
22,77,0
23,57,0
0,22,2
1,5,2
2,4,2
3,3,2
4,1,2
5,25,2
6,95,2
7,321,2
8,515,0
9,231,0
10,120,0
11,138,0
12,163,0
13,170,0
14,134,0
15,171,0
16,231,0
17,487,3
18,468,3
19,311,0
20,211,0
21,178,0
22,107,0
23,58,0
0,23,2
1,5,2
2,7,2
3,1,2
4,3,2
5,20,2
6,87,2
7,288,2
8,498,2
9,202,2
10,44,2
11,71,2
12,45,2
13,64,0
14,31,2
15,53,2
16,118,2
17,289,2
18,353,2
19,258,2
20,216,2
21,145,2
22,111,2
23,73,2
0,34,2
1,18,2
2,12,2
3,1,2
4,1,2
5,16,2
6,71,2
7,226,2
8,520,2
9,283,2
10,116,0
11,142,0
12,198,0
13,205,0
14,170,0
15,221,0
16,307,0
17,465,0
18,377,0
19,282,0
20,171,0
21,129,0
22,107,0
23,82,0
0,86,1
1,45,1
2,45,1
3,18,1
4,7,1
5,1,1
6,9,1
7,41,1
8,102,1
9,138,1
10,205,1
11,286,1
12,369,0
13,384,0
14,427,0
15,499,3
16,404,0
17,364,0
18,246,0
19,188,1
20,148,0
21,114,0
22,118,0
23,74,0
0,74,1
1,72,1
2,48,1
3,15,1
4,3,1
5,2,1
6,5,1
7,14,1
8,56,1
9,93,1
10,191,1
11,226,1
12,255,1
13,261,1
14,237,1
15,253,1
16,212,0
17,157,1
18,167,0
19,119,1
20,103,1
21,36,1
22,55,1
23,35,1
0,41,1
1,15,1
2,20,1
3,8,1
5,6,1
6,10,1
7,44,1
8,120,1
9,110,1
10,143,0
11,208,0
12,281,1
13,312,0
14,263,1
15,289,0
16,280,1
17,253,0
18,242,0
19,172,0
20,126,0
21,98,1
22,62,1
23,26,1
0,12,2
1,7,2
2,3,2
4,2,2
5,15,2
6,86,2
7,279,2
8,464,2
9,217,2
10,85,2
11,86,0
12,163,0
13,131,0
14,124,0
15,160,0
16,254,0
17,432,0
18,425,0
19,304,0
20,227,0
21,154,0
22,100,0
23,47,0
0,24,2
1,7,2
2,6,2
3,4,2
4,2,2
5,30,2
6,90,2
7,302,2
8,576,2
9,252,2
10,139,2
11,171,2
12,207,0
13,190,0
14,177,0
15,195,0
16,298,0
17,529,3
18,525,3
19,327,0
20,274,0
21,239,0
22,147,0
23,62,0
0,42,2
1,15,2
2,9,2
3,6,2
4,1,2
5,32,2
6,91,2
7,326,2
8,560,2
9,242,2
10,148,2
11,182,0
12,224,0
13,218,0
14,192,0
15,217,3
16,343,3
17,610,3
18,522,3
19,369,3
20,269,3
21,222,0
22,137,0
23,85,0
0,46,2
1,18,2
2,5,2
3,5,2
4,2,2
5,26,2
6,82,2
7,272,2
8,469,0
9,244,2
10,141,2
11,163,2
12,228,2
13,183,2
14,31,2
15,94,2
16,178,2
17,256,2
18,300,2
19,233,2
20,167,0
21,152,0
22,106,0
23,86,0
0,61,0
1,46,1
2,38,1
3,7,1
4,2,0
5,3,1
6,13,1
7,23,0
8,93,0
9,122,1
10,183,0
11,210,0
12,258,0
13,226,0
14,216,0
15,232,0
16,195,0
17,159,0
18,133,0
19,149,0
20,105,0
21,85,0
22,82,0
23,91,0
0,70,1
1,55,1
2,42,1
3,21,1
4,6,1
5,5,1
6,2,1
7,22,1
8,59,1
9,87,1
10,188,1
11,227,1
12,305,1
13,325,1
14,331,1
15,353,1
16,339,0
17,287,0
18,216,0
19,143,1
20,88,1
21,83,1
22,71,0
23,64,1
0,29,2
1,6,2
2,4,2
3,2,2
4,1,2
5,16,2
6,90,2
7,280,0
8,528,2
9,230,0
10,104,0
11,103,0
12,177,0
13,182,0
14,158,0
15,174,0
16,286,0
17,529,3
18,527,3
19,334,0
20,219,0
21,195,0
22,92,0
23,56,0
0,10,2
1,6,2
2,3,2
3,6,0
4,2,0
5,21,0
6,101,0
7,325,0
8,559,0
9,232,0
10,132,0
11,163,0
12,183,0
13,190,0
14,134,0
15,166,0
16,287,0
17,530,3
18,449,3
19,306,3
20,204,0
21,188,0
22,101,0
23,65,0
0,32,2
1,6,2
2,4,2
3,2,2
5,29,2
6,104,2
7,253,2
8,116,2
9,38,2
10,10,2
11,10,2
12,70,2
13,76,2
14,56,2
15,90,2
16,167,2
17,253,2
18,192,2
19,102,2
20,97,2
21,39,2
22,55,2
23,33,2
0,11,2
1,12,2
2,6,2
3,3,2
4,5,2
5,18,2
6,109,2
7,304,2
8,594,2
9,286,2
10,133,2
11,168,0
12,220,0
13,211,0
14,211,0
15,223,0
16,361,3
17,600,3
18,525,3
19,328,0
20,254,0
21,197,0
22,126,0
23,85,0
0,46,2
1,20,2
2,6,0
3,3,2
4,2,2
5,24,2
6,92,2
7,262,2
8,549,2
9,314,2
10,132,0
11,194,0
12,234,0
13,222,0
14,205,0
15,78,0
16,50,0
17,128,2
18,160,2
19,174,2
20,100,2
21,101,2
22,75,2
23,23,2
0,22,1
1,44,1
2,38,1
3,21,1
4,2,1
5,2,1
6,7,1
7,16,1
8,48,1
9,94,1
10,168,1
11,214,1
12,299,1
13,339,0
14,430,0
15,399,0
16,467,3
17,385,0
18,303,0
19,225,0
20,149,0
21,154,0
22,134,0
23,106,0
0,72,1
1,76,1
2,80,1
3,26,1
4,14,1
5,5,1
6,5,1
7,23,1
8,66,1
9,118,0
10,192,1
11,256,0
12,327,0
13,364,0
14,332,0
15,334,0
16,299,0
17,263,0
18,184,0
19,132,0
20,88,0
21,79,0
22,62,0
23,26,0
0,17,2
1,6,2
2,4,2
3,1,2
4,1,2
5,18,2
6,91,2
7,260,2
8,428,2
9,197,2
10,86,2
11,103,2
12,137,2
13,120,0
14,128,0
15,130,0
16,210,0
17,387,0
18,375,0
19,226,0
20,179,0
21,120,0
22,78,0
23,31,0
0,8,0
1,6,0
2,4,0
3,1,0
4,3,0
5,25,0
6,102,2
7,275,2
8,501,2
9,233,2
10,129,2
11,130,0
12,138,0
13,164,0
14,136,0
15,166,0
16,250,0
17,446,0
18,457,0
19,287,0
20,187,0
21,148,0
22,106,0
23,54,0
0,15,2
1,5,2
2,4,2
3,3,0
4,3,0
5,18,0
6,108,0
7,344,0
8,566,0
9,264,0
10,147,0
11,161,0
12,215,0
13,205,0
14,175,0
15,209,0
16,288,0
17,612,3
18,544,3
19,361,0
20,260,0
21,188,0
22,159,0
23,62,0
0,46,2
1,21,2
2,11,2
3,3,0
4,2,2
5,29,2
6,109,2
7,334,0
8,585,3
9,301,0
10,138,0
11,204,0
12,251,0
13,233,0
14,203,0
15,185,0
16,342,0
17,597,0
18,590,3
19,416,3
20,302,0
21,233,0
22,153,0
23,94,0
0,54,0
1,26,0
2,11,2
3,7,0
4,1,2
5,29,2
6,85,0
7,268,0
8,501,0
9,284,0
10,159,0
11,187,0
12,201,0
13,224,0
14,178,0
15,238,0
16,343,0
17,566,3
18,470,0
19,244,0
20,159,0
21,141,0
22,107,0
23,86,0
0,77,0
1,51,1
2,42,1
3,16,1
4,4,0
5,10,1
6,12,1
7,40,1
8,111,0
9,148,0
10,223,0
11,274,0
12,329,0
13,357,0
14,379,0
15,406,3
16,390,3
17,354,3
18,297,0
19,184,1
20,121,0
21,110,0
22,100,0
23,83,0
0,69,1
1,61,1
3,66,1
4,22,1
5,7,1
6,10,1
7,17,1
8,72,1
9,90,1
10,218,1
11,299,1
12,410,0
13,464,3
14,501,3
15,487,3
16,509,3
17,498,3
18,389,3
19,258,0
20,171,1
21,147,1
22,94,1
23,52,1
0,24,2
1,10,2
2,9,2
3,2,2
4,3,2
5,16,2
6,88,2
7,268,2
8,564,3
9,281,0
10,137,0
11,150,0
12,221,0
13,250,0
14,221,0
15,233,3
16,332,0
17,644,3
18,712,3
19,446,3
20,286,3
21,205,3
22,133,0
23,63,0
0,26,2
1,16,2
2,1,2
3,2,2
4,1,2
5,24,2
6,113,2
7,308,2
8,593,3
9,342,2
10,143,2
11,219,2
12,244,3
13,233,0
14,212,3
15,264,3
16,365,3
17,676,3
18,734,3
19,479,3
20,351,3
21,244,3
22,170,3
23,87,3
0,39,2
1,27,2
2,2,2
3,4,2
4,5,2
5,27,2
6,121,2
7,368,2
8,662,3
9,351,2
10,188,2
11,220,3
12,267,3
13,254,3
14,224,3
15,283,3
16,356,3
17,782,3
18,749,3
19,472,3
20,330,3
21,288,3
22,202,3
23,91,0
0,60,2
1,23,2
2,19,2
3,7,2
4,14,2
5,26,2
6,117,2
7,381,2
8,623,3
9,315,2
10,164,2
11,211,2
12,265,3
13,273,3
14,258,3
15,287,3
16,426,3
17,713,3
18,746,3
19,425,3
20,330,3
21,243,0
22,169,3
23,97,0
0,57,2
1,26,2
2,4,2
3,3,2
4,3,2
5,32,2
6,99,2
7,278,2
8,562,3
9,312,2
10,180,2
11,207,2
12,294,2
13,260,2
14,202,2
15,107,2
16,129,2
17,258,2
18,408,3
19,296,2
20,235,2
21,152,2
22,148,2
23,126,2
0,100,1
1,69,1
2,42,1
3,26,1
4,2,1
5,8,1
6,30,1
7,86,1
8,218,1
9,321,1
10,443,1
11,585,3
12,651,3
13,686,3
14,690,3
15,679,3
16,685,3
17,648,3
18,560,3
19,417,3
20,271,3
21,223,1
22,211,1
23,185,1
0,107,1
1,113,1
2,56,1
3,18,1
4,14,1
5,6,1
6,11,1
7,42,1
8,96,1
9,178,1
10,351,1
11,368,1
12,503,1
13,544,1
14,521,1
15,554,3
16,541,3
17,541,3
18,459,3
19,352,1
20,198,1
21,173,1
22,100,1
23,46,1
0,23,2
1,15,2
2,8,2
3,2,2
4,3,2
5,31,2
6,120,2
7,354,2
8,579,2
9,331,2
10,184,2
11,201,2
12,282,3
13,263,3
14,260,3
15,286,3
16,385,3
17,721,3
18,801,3
19,549,3
20,330,3
21,223,3
22,148,3
23,54,2
0,29,2
1,15,2
2,10,2
3,3,2
4,6,2
5,20,2
6,100,2
7,170,2
8,516,2
9,325,2
10,163,2
11,230,2
12,261,2
13,284,3
14,248,3
15,244,3
16,431,3
17,750,3
18,801,3
19,555,3
20,377,3
21,277,3
22,188,2
23,90,2
0,33,2
1,26,2
2,10,2
3,8,2
4,4,2
5,39,2
6,149,2
7,372,2
8,535,2
9,293,2
10,154,2
11,192,2
12,229,2
13,303,2
14,225,2
15,243,2
16,378,3
17,729,3
18,779,3
19,582,3
20,374,3
21,251,3
22,197,3
23,125,2
0,41,2
1,30,2
2,6,2
3,7,2
4,6,2
5,34,2
6,136,2
7,361,2
8,649,3
9,318,2
10,142,2
11,219,2
12,272,2
13,298,2
14,257,3
15,304,3
16,425,3
17,810,3
18,801,3
19,586,3
20,424,3
21,374,3
22,220,3
23,151,2
0,95,2
1,50,2
2,32,2
3,10,2
4,3,2
5,34,2
6,116,2
7,346,2
8,662,3
9,380,2
10,275,2
11,318,3
12,471,3
13,428,3
14,432,3
15,472,3
16,589,3
17,957,3
18,830,3
19,686,3
20,445,3
21,284,3
22,271,3
23,176,3
0,156,1
1,128,1
2,69,1
3,32,1
4,7,1
5,4,1
6,28,1
7,70,1
8,154,1
9,249,1
10,345,1
11,273,1
12,183,1
13,196,1
14,223,1
15,290,1
16,177,1
17,115,1
18,137,1
19,133,1
20,111,1
21,104,1
22,83,1
23,105,1
0,80,1
1,89,1
2,35,1
3,18,1
4,8,1
5,6,1
6,18,1
7,39,1
8,89,1
9,118,1
10,250,1
11,323,1
12,360,1
13,367,1
14,414,1
15,421,1
16,492,1
17,419,1
18,491,3
19,375,1
20,259,1
21,149,1
22,111,1
23,65,1
0,33,2
1,28,2
2,20,2
3,1,2
4,4,2
5,36,2
6,117,2
7,370,2
8,657,3
9,282,0
10,153,0
11,178,0
12,279,0
13,301,0
14,217,0
15,223,0
16,305,0
17,664,3
18,684,3
19,458,0
20,221,0
21,186,0
22,93,0
23,48,0
0,10,0
1,5,0
2,7,0
3,4,0
4,3,0
5,17,0
6,101,0
7,286,0
8,581,0
9,267,0
10,138,0
11,175,0
12,220,0
13,211,0
14,184,0
15,200,0
16,305,3
17,614,3
18,644,3
19,417,3
20,294,0
21,221,0
22,134,0
23,64,0
0,30,0
1,8,0
2,3,0
3,5,0
4,1,0
5,40,0
6,115,0
7,358,0
8,658,3
9,314,0
10,173,0
11,222,0
12,268,0
13,273,0
14,221,0
15,199,0
16,221,3
17,604,3
18,641,3
19,456,3
20,362,3
21,261,3
22,172,3
23,93,3
0,48,2
1,33,2
2,6,0
3,5,0
4,9,0
5,32,0
6,117,2
7,367,0
8,654,3
9,321,0
10,166,0
11,220,0
12,292,0
13,273,0
14,238,0
15,307,0
16,388,0
17,703,3
18,681,3
19,468,3
20,335,0
21,224,0
22,152,0
23,94,0
0,59,0
1,27,0
2,7,0
3,7,2
4,2,2
5,26,2
6,86,2
7,289,2
8,593,3
9,321,0
10,187,2
11,201,2
12,270,2
13,242,2
14,229,2
15,280,3
16,367,0
17,606,3
18,560,3
19,395,3
20,209,0
21,220,0
22,153,0
23,123,2
0,92,1
1,82,1
2,69,1
3,31,1
4,8,1
5,5,1
6,23,1
7,44,1
8,145,1
9,223,1
10,313,1
11,463,1
12,621,3
13,638,3
14,551,3
15,605,3
16,535,3
17,543,3
18,341,0
19,284,0
20,208,0
21,143,0
22,156,1
23,112,1
0,67,1
1,62,1
2,81,1
3,25,1
4,12,1
5,18,1
6,97,1
7,84,1
8,125,1
9,275,1
10,360,1
11,451,1
12,445,1
13,464,1
14,561,3
15,573,3
16,511,3
17,555,3
18,432,3
19,346,3
20,232,1
21,134,1
22,68,1
23,63,1
0,17,2
1,5,2
2,5,2
4,4,0
5,24,0
6,110,0
7,306,0
8,589,3
9,317,0
10,204,0
11,209,0
12,281,0
13,281,0
14,268,0
15,324,0
16,395,0
17,729,3
18,618,3
19,494,3
20,329,3
21,238,0
22,123,0
23,66,0
0,33,2
1,11,2
2,5,2
3,3,2
4,1,2
5,27,2
6,100,2
7,341,2
8,604,3
9,408,3
10,219,3
11,258,3
12,331,3
13,345,3
14,311,3
15,316,3
16,485,3
17,757,3
18,800,3
19,558,3
20,379,3
21,243,3
22,158,3
23,79,2
0,41,2
1,11,2
2,5,2
3,3,2
4,1,2
5,27,2
6,126,2
7,366,2
8,684,3
9,363,3
10,167,0
11,213,0
12,283,0
13,251,3
14,258,3
15,268,3
16,390,3
17,744,3
18,759,3
19,494,3
20,372,3
21,298,0
22,181,0
23,131,0
0,45,0
1,13,0
2,18,0
3,5,0
4,1,0
5,29,0
6,126,0
7,354,0
8,638,3
9,351,0
10,246,0
11,268,0
12,276,3
13,291,3
14,287,0
15,269,3
16,402,3
17,822,3
18,698,3
19,487,3
20,312,0
21,234,0
22,149,0
23,136,0
0,61,2
1,38,2
2,11,0
3,8,0
4,5,0
5,23,0
6,80,0
7,246,0
8,508,0
9,376,0
10,238,0
11,291,0
12,337,0
13,411,0
14,490,0
15,537,3
16,536,0
17,655,3
18,484,0
19,412,0
20,252,0
21,190,0
22,158,0
23,113,0
0,94,0
1,69,1
2,36,0
3,28,1
4,7,1
5,2,1
6,19,1
7,54,0
8,123,0
9,276,0
10,363,0
11,495,3
12,590,3
13,643,3
14,578,3
15,626,3
16,615,3
17,567,3
18,517,3
19,413,3
20,208,0
21,234,0
22,182,0
23,118,0
0,85,1
1,64,1
2,32,1
3,26,1
4,7,1
5,12,1
6,28,1
7,37,1
8,84,1
9,179,1
10,299,1
11,404,3
12,457,3
13,483,3
14,503,3
15,486,3
16,476,3
17,411,3
18,310,3
19,276,0
20,211,0
21,130,0
22,118,0
23,51,0
0,37,0
1,16,2
2,6,0
3,3,0
4,5,0
5,32,0
6,111,0
7,331,0
8,617,3
9,286,0
10,178,0
11,223,0
12,280,0
13,281,0
14,218,0
15,255,0
16,391,0
17,632,3
18,646,3
19,421,3
20,276,0
21,165,0
22,108,0
23,67,0
0,26,2
1,9,2
2,2,2
3,2,2
4,2,2
5,24,2
6,103,2
7,384,2
8,692,3
9,319,2
10,181,0
11,239,3
12,259,0
13,283,3
14,224,0
15,203,0
16,362,3
17,744,3
18,704,3
19,479,3
20,282,0
21,206,0
22,127,0
23,62,0
0,30,0
1,12,0
2,2,0
3,2,2
5,27,2
6,106,2
7,321,0
8,595,3
9,302,0
10,153,0
11,180,0
12,182,0
13,163,0
14,135,0
15,202,0
16,307,0
17,579,0
18,585,0
19,384,0
20,235,0
21,165,0
22,134,0
23,61,0
0,23,2
1,9,2
2,4,2
3,5,2
4,1,2
5,21,2
6,96,2
7,306,0
8,624,3
9,287,0
10,141,0
11,224,0
12,259,0
13,203,0
14,224,0
15,211,0
16,353,0
17,656,3
18,610,3
19,433,0
20,280,0
21,187,0
22,158,0
23,94,0
0,55,0
1,30,2
2,11,2
3,11,2
4,5,2
5,21,2
6,84,2
7,296,0
8,563,3
9,330,0
10,192,0
11,233,0
12,322,3
13,358,0
14,348,3
15,352,3
16,463,3
17,738,3
18,671,3
19,427,3
20,286,3
21,189,3
22,215,3
23,198,0
0,96,1
1,70,1
2,56,1
3,32,1
4,14,1
5,7,1
6,21,1
7,64,1
8,160,1
9,265,1
10,406,1
11,564,3
12,678,3
13,678,3
14,660,3
15,658,3
16,582,3
17,560,3
18,481,3
19,459,3
20,321,3
21,220,3
22,212,3
23,196,3
0,124,1
1,106,1
2,74,1
3,45,1
4,12,1
5,10,1
6,16,1
7,46,1
8,97,1
9,251,1
10,421,3
11,528,3
12,635,3
13,681,3
14,628,3
15,617,3
16,616,3
17,623,3
18,479,3
19,379,3
20,291,3
21,229,3
22,134,3
23,90,0
0,41,1
1,28,1
2,14,1
3,8,1
4,6,1
5,38,1
6,133,1
7,387,1
8,597,1
9,297,1
10,224,1
11,251,1
12,271,1
13,263,3
14,288,3
15,275,3
16,358,3
17,712,3
18,676,3
19,522,3
20,375,3
21,271,3
22,214,3
23,121,3
0,43,2
1,11,2
2,4,2
3,6,2
4,9,2
5,30,2
6,144,0
7,461,3
8,673,3
9,400,0
10,217,0
11,239,0
12,244,0
13,239,3
14,257,3
15,308,3
16,370,3
17,781,3
18,775,3
19,537,3
20,402,3
21,297,0
22,162,0
23,82,0
0,38,2
1,14,2
2,9,2
3,6,2
4,7,0
5,34,0
6,134,0
7,418,3
8,576,3
9,265,0
10,147,0
11,119,0
12,110,2
13,64,2
14,51,2
15,98,2
16,235,2
17,488,3
18,505,3
19,368,3
20,260,2
21,189,2
22,162,2
23,70,2
0,25,2
1,13,2
2,6,2
3,4,2
4,4,2
5,30,2
6,120,2
7,406,2
8,677,3
9,301,2
10,189,2
11,229,3
12,264,3
13,238,3
14,237,3
15,262,3
16,387,3
17,748,3
18,776,3
19,586,3
20,404,3
21,267,3
22,248,3
23,144,3
0,64,2
1,25,2
2,21,2
3,10,2
4,3,2
5,25,2
6,113,2
7,359,2
8,700,3
9,359,2
10,237,2
11,254,2
12,362,3
13,381,3
14,394,3
15,407,3
16,580,3
17,819,3
18,668,3
19,492,3
20,341,3
21,287,3
22,202,0
23,187,3
0,142,1
1,88,1
2,81,1
3,29,1
4,9,1
5,1,1
6,31,1
7,76,1
8,201,1
9,331,1
10,482,3
11,608,3
12,640,3
13,649,3
14,609,3
15,628,3
16,639,3
17,568,3
18,416,3
19,54,0
20,39,1
21,102,1
22,110,1
23,91,1
0,117,1
1,73,1
2,56,1
3,40,1
4,7,1
5,6,1
6,12,1
7,24,1
8,51,1
9,79,1
10,68,1
11,77,1
12,61,1
13,52,1
14,53,1
15,38,1
16,36,1
17,27,1
18,39,1
19,35,1
20,35,1
21,11,1
22,13,1
23,17,1
0,6,2
1,2,2
2,4,2
3,1,2
4,3,2
5,14,2
6,45,2
7,207,2
8,482,0
9,272,0
10,100,0
11,101,0
12,129,0
13,107,0
14,114,0
15,112,0
16,103,0
17,232,0
18,379,2
19,298,0
20,203,0
21,152,0
22,89,0
23,59,0
0,13,2
1,7,2
2,3,2
3,2,2
4,3,2
5,22,2
6,120,2
7,390,0
8,611,3
9,308,0
10,162,0
11,184,0
12,224,0
13,224,0
14,216,0
15,236,0
16,362,3
17,691,3
18,632,3
19,482,3
20,285,0
21,226,0
22,157,0
23,73,0
0,36,2
1,25,2
2,7,2
3,3,2
4,6,2
5,24,2
6,106,2
7,389,2
8,654,3
9,321,2
10,182,3
11,219,0
12,269,0
13,228,0
14,223,0
15,229,3
16,376,3
17,732,3
18,709,3
19,543,3
20,380,3
21,239,3
22,192,3
23,104,0
0,43,2
1,23,2
2,13,2
3,6,2
4,3,2
5,17,2
6,127,2
7,225,2
8,362,2
9,201,2
10,139,2
11,151,2
12,204,2
13,197,2
14,169,2
15,204,0
16,318,3
17,614,3
18,664,3
19,464,3
20,337,3
21,250,3
22,183,2
23,112,2
0,73,0
1,35,0
2,22,0
3,3,0
4,6,0
5,19,0
6,120,0
7,315,0
8,592,3
9,334,0
10,236,0
11,233,0
12,307,0
13,306,0
14,300,0
15,324,0
16,440,3
17,702,3
18,654,3
19,441,0
20,289,0
21,208,0
22,158,0
23,116,0
0,103,1
1,67,1
2,57,1
3,26,1
4,2,1
5,5,1
6,28,1
7,55,1
8,158,1
9,214,1
10,291,1
11,358,1
12,381,1
13,389,3
14,440,3
15,408,3
16,376,3
17,322,3
18,90,1
19,139,1
20,102,1
21,84,1
22,83,1
23,42,1
0,36,1
1,42,1
2,40,1
3,16,1
4,4,1
5,6,1
6,7,1
7,27,1
8,107,1
9,185,1
10,380,1
11,411,1
12,584,3
13,595,3
14,653,3
15,603,3
16,587,3
17,522,3
18,487,3
19,375,3
20,243,3
21,204,1
22,108,1
23,82,1
0,48,2
1,24,2
2,8,2
3,4,2
4,2,2
5,20,2
6,123,0
7,349,0
8,596,3
9,268,0
10,157,0
11,163,0
12,225,0
13,247,3
14,218,3
15,231,3
16,347,3
17,683,3
18,664,3
19,471,3
20,309,3
21,221,3
22,134,0
23,60,0
0,35,2
1,21,2
2,8,2
3,3,2
4,8,2
5,17,2
6,26,2
7,169,2
8,557,3
9,349,2
10,174,2
11,229,3
12,269,3
13,249,3
14,204,3
15,234,3
16,354,3
17,681,3
18,743,3
19,487,3
20,335,3
21,282,3
22,211,3
23,95,2
0,47,2
1,15,2
2,16,2
3,6,2
4,4,2
5,33,2
6,120,2
7,358,2
8,666,3
9,315,2
10,175,2
11,184,2
12,245,2
13,228,2
14,240,3
15,256,3
16,367,3
17,729,3
18,813,3
19,504,3
20,338,3
21,239,3
22,173,0
23,98,0
0,90,2
1,24,2
2,17,2
3,6,2
4,2,2
5,21,2
6,136,2
7,384,2
8,627,3
9,304,2
10,168,2
11,201,2
12,301,2
13,265,3
14,204,3
15,283,3
16,370,3
17,704,3
18,706,3
19,522,3
20,420,3
21,299,3
22,246,3
23,121,2
0,89,2
1,48,2
2,11,2
3,14,2
4,4,2
5,24,2
6,135,2
7,356,2
8,618,3
9,294,2
10,199,2
11,258,3
12,171,0
13,278,2
14,242,3
15,343,3
16,440,3
17,643,3
18,641,3
19,452,3
20,313,3
21,235,3
22,232,3
23,256,3
0,153,1
1,107,1
2,75,1
3,32,1
4,9,1
5,22,1
6,42,1
7,87,1
8,197,1
9,284,1
10,432,3
11,575,3
12,550,3
13,524,3
14,428,3
15,541,3
16,540,3
17,502,3
18,434,3
19,405,3
20,309,3
21,269,1
22,217,1
23,149,1
0,134,1
1,121,1
2,93,1
3,28,1
4,16,1
5,11,1
6,17,1
7,36,1
8,114,1
9,191,1
10,333,1
11,414,1
12,558,3
13,565,3
14,518,3
15,571,3
16,544,3
17,511,3
18,463,3
19,383,3
20,276,1
21,203,1
22,157,1
23,102,1
0,34,2
1,9,2
2,6,2
3,5,2
4,2,2
5,23,2
6,142,2
7,385,2
8,639,3
9,350,2
10,190,2
11,213,2
12,263,3
13,272,3
14,239,0
15,262,3
16,388,3
17,769,3
18,680,3
19,546,3
20,323,3
21,247,3
22,173,0
23,113,0
0,38,2
1,9,2
2,16,2
3,6,2
4,5,2
5,20,2
6,165,2
7,463,3
8,641,3
9,295,0
10,157,0
11,217,0
12,263,3
13,219,3
14,71,0
15,134,2
16,389,3
17,717,3
18,710,3
19,458,3
20,302,3
21,223,3
22,147,3
23,63,0
0,35,2
1,14,2
2,1,2
3,2,2
4,5,2
5,28,2
6,126,2
7,418,2
8,622,3
9,325,2
10,153,2
11,201,0
12,280,3
13,266,3
14,243,3
15,259,3
16,357,3
17,705,3
18,372,0
19,98,0
20,51,2
21,34,2
22,67,2
23,55,2
0,33,2
1,11,2
2,3,2
3,3,2
4,2,2
5,24,2
6,139,2
7,401,2
8,630,3
9,361,0
10,154,0
11,256,0
12,272,0
13,318,0
14,247,0
15,271,0
16,421,0
17,732,3
18,770,3
19,553,3
20,374,0
21,230,0
22,232,3
23,135,0
0,64,2
1,46,2
2,31,2
3,13,0
4,9,2
5,26,2
6,135,0
7,351,0
8,620,3
9,322,0
10,210,0
11,291,0
12,348,0
13,363,0
14,334,3
15,439,3
16,525,3
17,779,3
18,596,3
19,503,3
20,341,3
21,270,3
22,234,0
23,180,0
0,136,1
1,93,1
2,56,1
3,34,1
4,9,1
5,13,1
6,33,1
7,67,1
8,178,1
9,335,1
10,411,3
11,522,3
12,559,3
13,659,3
14,615,3
15,590,3
16,591,3
17,576,3
18,546,3
19,439,3
20,287,3
21,230,3
22,274,3
23,176,1
0,98,1
1,94,1
2,82,1
3,28,1
4,9,1
5,12,1
6,21,1
7,60,1
8,156,1
9,222,1
10,350,1
11,428,3
12,531,3
13,602,3
14,552,3
15,499,3
16,564,3
17,478,3
18,389,3
19,339,3
20,230,3
21,169,1
22,131,1
23,74,1
0,35,2
1,11,2
2,2,2
3,2,2
4,6,2
5,26,2
6,65,2
7,75,2
8,156,2
9,110,2
10,59,2
11,79,2
12,185,2
13,176,2
14,171,2
15,196,2
16,111,0
17,229,2
18,300,2
19,304,3
20,189,2
21,152,2
22,129,2
23,75,2
0,32,2
1,19,2
2,4,2
3,6,2
4,5,2
5,8,2
6,24,2
7,92,2
8,409,2
9,355,2
10,171,2
11,224,2
12,264,3
13,239,3
14,184,2
15,256,3
16,374,3
17,678,3
18,733,3
19,512,3
20,263,3
21,109,3
22,83,2
23,71,2
0,39,2
1,21,2
2,19,2
3,6,2
4,4,2
5,38,2
6,158,2
7,440,2
8,650,3
9,347,2
10,192,2
11,267,3
12,330,3
13,350,3
14,263,3
15,274,3
16,446,3
17,873,3
18,846,3
19,590,3
20,459,3
21,393,3
22,286,3
23,133,3
0,79,2
1,28,2
2,16,2
3,3,2
4,16,2
5,35,2
6,159,2
7,474,3
8,634,3
9,346,0
10,205,0
11,279,3
12,348,3
13,327,3
14,270,3
15,316,3
16,430,3
17,852,3
18,868,3
19,537,3
20,446,3
21,299,3
22,251,3
23,166,3
0,70,2
1,49,2
2,21,2
3,14,2
4,11,2
5,34,2
6,182,2
7,515,2
8,745,3
9,361,3
10,255,3
11,334,3
12,360,3
13,395,3
14,350,3
15,391,3
16,568,3
17,812,3
18,669,3
19,483,3
20,337,3
21,258,3
22,251,0
23,174,3
0,148,1
1,104,1
2,69,1
3,33,1
4,14,1
5,12,1
6,50,1
7,95,1
8,195,1
9,292,1
10,452,3
11,586,3
12,642,3
13,704,3
14,730,3
15,672,3
16,642,3
17,626,3
18,645,3
19,432,3
20,315,3
21,259,3
22,338,3
23,239,3
0,170,1
1,130,1
2,98,1
3,66,1
4,16,1
5,8,1
6,25,1
7,90,1
8,171,1
9,313,3
10,432,3
11,581,3
12,637,3
13,607,3
14,543,3
15,502,3
16,577,3
17,549,3
18,474,3
19,402,3
20,274,3
21,233,1
22,145,1
23,86,1
0,40,2
1,15,2
2,11,2
3,2,2
4,7,2
5,15,2
6,79,2
7,153,2
8,270,2
9,186,2
10,99,2
11,106,2
12,170,2
13,184,2
14,180,2
15,225,3
16,315,3
17,508,3
18,530,3
19,448,3
20,336,3
21,241,3
22,142,3
23,97,0
0,36,2
1,27,2
2,11,2
3,5,2
4,7,2
5,17,2
6,137,2
7,324,2
8,590,3
9,333,2
10,200,2
11,189,2
12,254,2
13,243,2
14,222,2
15,245,3
16,386,3
17,785,3
18,785,3
19,364,3
20,373,3
21,261,3
22,174,3
23,105,3
0,47,2
1,32,2
2,12,2
3,5,2
4,3,2
5,35,2
6,160,2
7,468,2
8,719,3
9,297,2
10,191,2
11,197,2
12,248,3
13,270,3
14,248,3
15,257,3
16,278,3
17,285,3
18,327,3
19,376,3
20,295,3
21,245,3
22,159,3
23,106,2
0,56,2
1,30,2
2,16,2
3,4,2
4,5,2
5,30,2
6,156,2
7,415,2
8,692,3
9,301,2
10,185,2
11,221,3
12,289,3
13,302,3
14,252,3
15,291,3
16,390,3
17,798,3
18,752,3
19,492,3
20,398,3
21,285,3
22,243,3
23,167,3
0,73,2
1,42,2
2,23,2
3,14,2
4,9,2
5,30,2
6,113,2
7,359,2
8,583,3
9,340,2
10,232,2
11,283,2
12,321,3
13,333,3
14,367,3
15,466,3
16,584,3
17,653,3
18,522,3
19,404,3
20,350,3
21,255,3
22,212,3
23,166,3
0,116,1
1,82,1
2,64,1
3,31,1
4,2,1
5,10,1
6,31,1
7,54,1
8,141,1
9,289,1
10,437,3
11,520,3
12,529,3
13,539,3
14,564,3
15,513,3
16,504,3
17,462,3
18,415,3
19,373,3
20,255,3
21,251,3
22,204,3
23,150,3
0,137,1
1,78,1
2,61,1
3,36,1
4,11,1
5,7,1
6,22,1
7,52,1
8,151,1
9,270,1
10,424,1
11,519,3
12,570,3
13,498,3
14,547,3
15,535,3
16,501,3
17,522,3
18,518,3
19,442,3
20,392,3
21,143,1
22,59,1
23,96,1
0,65,1
1,59,1
2,48,1
3,18,1
4,6,1
5,9,1
6,20,1
7,67,1
8,155,1
9,263,1
10,364,1
11,476,3
12,525,3
13,556,3
14,465,3
15,460,3
16,501,3
17,405,3
18,383,3
19,395,3
20,317,3
21,247,3
22,157,1
23,82,1
0,45,2
1,14,2
2,8,2
3,3,2
4,5,2
5,33,2
6,154,2
7,450,3
8,634,3
9,257,3
10,183,3
11,197,3
12,237,3
13,239,3
14,238,3
15,256,3
16,393,3
17,781,3
18,710,3
19,526,3
20,204,0
21,71,0
22,55,2
23,50,2
0,36,2
1,4,2
2,5,2
3,5,2
4,6,2
5,41,2
6,144,2
7,483,3
8,671,3
9,305,3
10,177,2
11,208,3
12,253,3
13,289,3
14,252,3
15,275,3
16,398,3
17,839,3
18,796,3
19,556,3
20,431,3
21,304,3
22,217,3
23,160,3
0,61,2
1,26,2
2,14,2
3,8,2
4,8,2
5,33,2
6,178,2
7,507,3
8,693,3
9,311,3
10,220,0
11,218,3
12,292,3
13,293,3
14,254,3
15,290,3
16,487,3
17,827,3
18,785,3
19,591,3
20,479,3
21,359,3
22,264,3
23,140,3
0,86,2
1,34,2
2,16,2
3,4,2
4,6,2
5,45,2
6,141,2
7,402,2
8,694,3
9,298,2
10,204,2
11,235,3
12,310,3
13,316,3
14,254,3
15,258,3
16,222,3
17,227,3
18,110,0
19,45,0
20,39,2
21,85,3
22,23,2
23,73,2
0,86,1
1,76,1
2,41,1
3,26,1
4,13,1
5,12,1
6,36,1
7,86,1
8,210,1
9,332,1
10,493,3
11,536,3
12,668,3
13,679,3
14,647,3
15,702,3
16,644,3
17,586,3
18,512,3
19,554,3
20,399,3
21,316,3
22,228,3
23,238,3
0,169,1
1,121,1
2,89,1
3,50,1
4,13,1
5,12,1
6,22,1
7,35,1
8,140,1
9,300,1
10,404,3
11,511,3
12,684,3
13,686,3
14,678,3
15,644,3
16,662,3
17,578,3
18,496,3
19,453,3
20,314,3
21,246,3
22,226,3
23,108,1
0,49,2
1,14,2
2,11,2
3,5,2
4,8,2
5,35,2
6,139,2
7,517,3
8,665,3
9,282,3
10,187,0
11,239,0
12,282,0
13,274,3
14,270,0
15,292,3
16,448,3
17,834,3
18,822,3
19,645,3
20,461,3
21,265,3
22,168,0
23,86,0
0,34,2
1,20,2
2,8,2
3,5,2
4,5,2
5,36,2
6,184,2
7,569,3
8,710,3
9,335,2
10,176,0
11,227,3
12,247,3
13,267,3
14,276,3
15,272,3
16,473,3
17,850,3
18,790,3
19,513,3
20,415,3
21,283,3
22,193,3
23,113,3
0,49,2
1,27,2
2,11,2
3,8,2
4,10,2
5,38,2
6,172,2
7,547,3
8,668,3
9,303,3
10,203,3
11,226,3
12,315,3
13,303,3
14,302,3
15,300,3
16,452,3
17,724,3
18,782,3
19,538,3
20,408,3
21,298,3
22,248,3
23,123,2
0,59,2
1,22,2
2,12,2
3,5,2
4,6,2
5,34,2
6,170,2
7,526,3
8,681,3
9,337,2
10,210,2
11,237,3
12,336,3
13,315,3
14,265,3
15,333,3
16,466,3
17,869,3
18,813,3
19,602,3
20,478,3
21,313,3
22,228,3
23,177,3
0,77,2
1,29,2
2,19,2
3,8,2
4,10,2
5,29,2
6,139,2
7,428,2
8,700,3
9,382,3
10,249,3
11,264,3
12,369,3
13,416,3
14,373,3
15,397,3
16,523,3
17,793,3
18,723,3
19,555,3
20,408,3
21,339,3
22,291,3
23,215,3
0,206,1
1,123,1
2,89,1
3,40,1
4,8,1
5,19,1
6,80,1
7,87,1
8,244,1
9,340,3
10,466,3
11,569,3
12,531,3
13,585,3
14,593,3
15,555,3
16,534,3
17,495,3
18,451,3
19,360,3
20,363,3
21,316,3
22,214,3
23,230,3
0,158,1
1,116,1
2,73,1
3,29,1
4,10,1
5,13,1
6,30,1
7,62,1
8,181,1
9,266,1
10,413,3
11,499,3
12,502,3
13,492,3
14,500,3
15,475,3
16,508,3
17,521,3
18,490,3
19,375,3
20,363,3
21,253,3
22,159,1
23,110,1
0,41,2
1,24,2
2,17,2
3,6,2
4,7,2
5,37,2
6,144,2
7,503,3
8,651,3
9,316,3
10,147,2
11,202,3
12,261,3
13,248,3
14,259,3
15,259,3
16,427,3
17,800,3
18,831,3
19,596,3
20,394,3
21,250,3
22,164,3
23,80,3
0,28,2
1,16,2
2,6,2
3,12,2
4,4,2
5,29,2
6,136,2
7,303,2
8,613,3
9,285,2
10,125,2
11,65,2
12,95,2
13,59,2
14,60,2
15,116,2
16,239,3
17,681,3
18,653,3
19,491,3
20,386,3
21,274,3
22,207,2
23,89,2
0,34,2
1,28,2
2,4,2
3,8,2
4,10,2
5,40,2
6,194,2
7,505,3
8,713,3
9,352,0
10,198,0
11,246,0
12,334,3
13,255,3
14,320,3
15,281,0
16,392,3
17,857,3
18,744,3
19,671,3
20,448,3
21,396,3
22,238,3
23,153,0
0,48,2
1,21,2
2,9,2
3,5,2
4,6,2
5,40,2
6,181,2
7,506,3
8,719,3
9,357,3
10,179,0
11,228,3
12,265,3
13,284,3
14,298,3
15,324,3
16,438,3
17,867,3
18,823,3
19,579,3
20,435,3
21,337,3
22,242,3
23,172,3
0,94,2
1,51,2
2,15,2
3,5,2
4,14,2
5,33,2
6,151,2
7,430,2
8,653,3
9,366,3
10,216,3
11,286,3
12,403,3
13,393,3
14,376,3
15,377,3
16,558,3
17,823,3
18,693,3
19,467,3
20,385,3
21,333,3
22,321,3
23,222,3
0,137,1
1,95,1
2,67,1
3,27,1
4,8,1
5,23,1
6,47,1
7,78,1
8,204,1
9,367,1
10,435,3
11,566,3
12,603,3
13,617,3
14,573,3
15,583,3
16,542,3
17,593,3
18,571,3
19,461,3
20,352,3
21,290,3
22,280,3
23,183,3
0,148,1
1,88,1
2,74,1
3,28,1
4,18,1
5,17,1
6,23,1
7,48,1
8,119,1
9,274,1
10,436,1
11,546,3
12,615,3
13,614,3
14,582,3
15,463,3
16,580,3
17,593,3
18,513,3
19,390,3
20,302,3
21,246,3
22,153,1
23,108,1
0,40,2
1,14,2
2,9,2
3,4,2
4,9,2
5,23,2
6,37,2
7,145,2
8,474,3
9,250,2
10,91,2
11,121,2
12,168,2
13,225,2
14,219,3
15,237,3
16,332,3
17,723,3
18,642,3
19,463,3
20,362,3
21,273,3
22,164,3
23,74,2
0,35,2
1,14,2
2,15,2
3,8,2
4,10,2
5,37,2
6,161,2
7,480,3
8,673,3
9,328,2
10,180,2
11,230,2
12,292,3
13,272,3
14,227,3
15,259,3
16,334,3
17,811,3
18,795,3
19,514,3
20,458,3
21,276,3
22,291,3
23,125,3
0,53,2
1,27,2
2,6,2
3,8,2
4,7,2
5,39,2
6,165,2
7,464,2
8,643,3
9,316,2
10,167,3
11,188,3
12,180,3
13,211,3
14,190,3
15,179,3
16,335,3
17,691,3
18,672,3
19,539,3
20,407,3
21,344,3
22,257,3
23,123,3
0,69,2
1,18,2
2,18,2
3,11,2
4,12,2
5,40,2
6,150,2
7,463,3
8,590,3
9,256,3
10,150,3
11,161,3
12,215,3
13,172,3
14,176,3
15,194,3
16,320,3
17,615,3
18,640,3
19,499,3
20,436,3
21,311,3
22,243,3
23,146,3
0,93,2
1,31,2
2,12,2
3,7,2
4,10,2
5,38,2
6,122,2
7,359,3
8,613,3
9,333,3
10,185,3
11,236,3
12,254,3
13,300,3
14,263,3
15,284,3
16,380,3
17,646,3
18,505,3
19,362,3
20,202,0
21,217,3
22,197,3
23,174,3
0,116,1
1,123,1
2,93,1
3,42,1
4,19,1
5,12,1
6,47,1
7,78,1
8,167,1
9,332,3
10,494,3
11,516,3
12,602,3
13,564,3
14,609,3
15,483,3
16,513,3
17,530,3
18,481,3
19,425,3
20,386,3
21,322,3
22,279,3
23,225,3
0,163,1
1,127,1
2,114,1
3,60,1
4,13,1
5,8,1
6,25,1
7,71,1
8,141,1
9,232,1
10,452,3
11,506,3
12,556,3
13,585,3
14,551,3
15,487,3
16,461,3
17,532,3
18,534,3
19,423,3
20,332,3
21,253,3
22,178,3
23,87,1
0,68,2
1,31,2
2,14,2
3,5,2
4,4,2
5,43,2
6,158,2
7,485,3
8,608,3
9,268,3
10,184,3
11,181,3
12,270,3
13,260,3
14,251,3
15,233,3
16,414,3
17,833,3
18,791,3
19,582,3
20,475,3
21,331,3
22,187,0
23,103,0
0,37,0
1,30,0
2,9,0
3,9,0
4,10,0
5,39,0
6,188,0
7,552,3
8,656,3
9,328,0
10,190,0
11,235,0
12,308,0
13,306,0
14,267,0
15,317,3
16,416,3
17,900,3
18,824,3
19,612,3
20,505,3
21,328,3
22,245,3
23,131,3
0,54,2
1,23,2
2,14,2
3,8,2
4,11,0
5,36,0
6,200,0
7,527,3
8,687,3
9,282,3
10,172,3
11,209,3
12,322,3
13,321,3
14,270,3
15,249,3
16,392,3
17,843,3
18,804,3
19,643,3
20,445,3
21,367,3
22,297,3
23,159,3
0,54,2
1,25,2
2,13,2
3,7,2
4,11,2
5,47,2
6,193,2
7,508,3
8,617,3
9,351,3
10,184,3
11,211,3
12,276,3
13,236,3
14,254,3
15,219,3
16,387,3
17,705,3
18,697,3
19,571,3
20,470,3
21,398,3
22,274,3
23,171,3
0,114,2
1,42,2
2,18,2
3,8,2
4,10,2
5,45,2
6,163,2
7,380,3
8,624,3
9,300,3
10,171,3
11,188,3
12,226,3
13,239,3
14,233,3
15,230,3
16,351,3
17,539,3
18,464,3
19,363,3
20,308,3
21,236,3
22,163,3
23,48,3
0,69,1
1,58,1
2,61,1
3,23,1
4,18,1
5,10,1
6,42,1
7,92,1
8,194,1
9,275,1
10,404,3
11,452,3
12,471,3
13,428,3
14,409,3
15,404,3
16,373,3
17,362,3
18,339,3
19,374,3
20,292,3
21,213,3
22,172,3
23,152,3
0,149,1
1,93,1
2,90,1
3,33,1
4,4,1
5,10,1
6,27,1
7,50,1
8,142,1
9,219,1
10,366,3
11,377,3
12,433,3
13,420,3
14,444,3
15,345,3
16,313,3
17,413,3
18,370,3
19,382,3
20,332,3
21,258,3
22,151,3
23,110,3
0,43,2
1,17,2
2,15,2
3,5,0
4,12,2
5,40,2
6,136,2
7,398,3
8,568,3
9,295,3
10,174,3
11,201,3
12,257,3
13,236,3
14,230,3
15,234,3
16,365,3
17,747,3
18,730,3
19,581,3
20,395,3
21,258,3
22,188,3
23,102,3
0,53,2
1,14,2
2,10,2
3,2,2
4,6,2
5,35,2
6,154,2
7,483,3
8,646,3
9,272,3
10,209,3
11,217,3
12,272,3
13,283,3
14,310,3
15,401,3
16,527,3
17,722,3
18,627,3
19,497,3
20,376,3
21,196,3
22,177,3
23,171,3
0,159,1
1,123,1
2,93,1
3,32,1
4,16,1
5,19,1
6,32,1
7,72,1
8,153,1
9,293,3
10,447,3
11,485,3
12,494,3
13,499,3
14,547,3
15,454,3
16,389,3
17,414,3
18,430,3
19,432,3
20,551,3
21,584,3
22,502,3
23,183,3
0,88,2
1,30,2
2,18,2
3,7,2
4,7,2
5,29,2
6,133,2
7,343,3
8,550,3
9,293,3
10,186,3
11,244,3
12,276,3
13,310,3
14,241,3
15,254,3
16,433,3
17,689,3
18,607,3
19,503,3
20,321,3
21,323,3
22,225,3
23,131,3
0,102,2
1,29,2
2,17,2
3,7,2
4,6,2
5,35,2
6,131,2
7,353,3
8,585,3
9,304,3
10,210,3
11,233,3
12,331,3
13,293,3
14,275,3
15,285,3
16,369,3
17,576,3
18,560,3
19,418,3
20,336,3
21,300,3
22,288,3
23,164,3
0,150,1
1,71,1
2,58,1
3,31,1
4,16,1
5,14,1
6,31,1
7,71,1
8,152,1
9,256,3
10,325,3
11,367,3
12,342,3
13,360,3
14,308,3
15,306,3
16,294,3
17,279,3
18,277,3
19,287,3
20,276,3
21,201,3
22,220,3
23,148,3
0,147,1
1,124,1
2,70,1
3,35,1
4,13,1
5,6,1
6,21,1
7,52,1
8,130,1
9,242,3
10,319,3
11,389,3
12,376,3
13,337,3
14,312,3
15,298,3
16,291,3
17,270,3
18,253,3
19,250,3
20,285,3
21,207,1
22,122,1
23,123,1
0,39,2
1,18,2
2,5,2
3,5,2
4,2,2
5,28,2
6,92,2
7,230,2
8,455,3
9,363,2
10,175,2
11,216,3
12,266,3
13,255,3
14,242,3
15,280,3
16,413,3
17,849,3
18,872,3
19,631,3
20,447,3
21,331,3
22,224,3
23,131,3
0,69,2
1,15,2
2,16,2
3,3,2
4,4,2
5,42,2
6,187,2
7,520,3
8,649,3
9,331,3
10,190,3
11,249,3
12,272,3
13,280,3
14,242,3
15,265,3
16,435,3
17,872,3
18,819,3
19,414,3
20,84,2
21,90,2
22,139,3
23,103,2
0,44,2
1,14,2
2,5,2
3,5,2
4,7,2
5,41,2
6,185,2
7,497,3
8,674,3
9,328,3
10,195,3
11,229,3
12,292,3
13,273,3
14,241,3
15,276,3
16,411,3
17,830,3
18,814,3
19,633,3
20,483,3
21,391,3
22,244,3
23,152,3
0,56,2
1,21,2
2,9,2
3,10,2
4,5,2
5,44,2
6,178,2
7,512,3
8,702,3
9,327,3
10,214,3
11,215,3
12,292,3
13,277,3
14,209,3
15,271,3
16,439,3
17,795,3
18,825,3
19,629,3
20,514,3
21,373,3
22,318,3
23,211,3
0,95,2
1,59,2
2,17,2
3,9,2
4,11,2
5,34,2
6,127,2
7,380,3
8,713,3
9,414,3
10,268,3
11,288,3
12,379,3
13,374,3
14,369,3
15,353,3
16,492,3
17,835,3
18,631,3
19,488,3
20,389,3
21,299,3
22,263,3
23,212,3
0,191,1
1,118,1
2,101,1
3,40,1
4,9,1
5,5,1
6,35,1
7,48,1
8,151,1
9,282,1
10,401,3
11,439,3
12,499,3
13,591,3
14,632,3
15,560,3
16,566,3
17,458,3
18,351,3
19,431,3
20,356,3
21,269,3
22,225,3
23,211,1
0,187,1
1,168,1
2,115,1
3,57,1
4,19,1
5,9,1
6,15,1
7,47,1
8,133,1
9,221,1
10,382,3
11,451,3
12,489,3
13,480,3
14,476,3
15,489,3
16,495,3
17,436,3
18,312,3
19,312,1
20,294,3
21,223,1
22,130,1
23,91,1
0,43,2
1,11,2
2,15,2
3,6,2
4,12,2
5,50,2
6,140,2
7,483,3
8,667,3
9,348,3
10,186,3
11,182,3
12,237,3
13,239,3
14,212,3
15,237,3
16,386,3
17,755,3
18,794,3
19,595,3
20,454,3
21,328,3
22,284,3
23,166,3
0,53,2
1,25,2
2,7,2
3,3,2
4,7,2
5,38,2
6,213,2
7,526,3
8,661,3
9,320,3
10,159,3
11,206,3
12,254,3
13,221,3
14,214,3
15,244,3
16,381,3
17,770,3
18,772,3
19,547,3
20,427,3
21,333,3
22,244,3
23,161,3
0,53,2
1,16,2
2,8,2
3,4,2
4,6,2
5,46,2
6,162,2
7,495,3
8,679,3
9,297,3
10,138,3
11,183,3
12,202,3
13,203,3
14,170,3
15,194,3
16,224,3
17,370,3
18,643,3
19,516,3
20,366,3
21,319,3
22,288,3
23,131,3
0,66,2
1,25,2
2,7,2
3,5,2
4,8,2
5,40,2
6,152,2
7,473,3
8,657,3
9,318,3
10,198,3
11,216,3
12,274,3
13,254,3
14,197,3
15,292,3
16,358,3
17,771,3
18,777,3
19,533,3
20,505,3
21,332,3
22,68,2
23,65,2
0,34,2
1,11,2
2,19,2
3,36,2
4,9,2
5,42,2
6,126,2
7,360,2
8,691,3
9,373,3
10,233,2
11,212,3
12,274,2
13,156,2
14,229,2
15,216,3
16,436,3
17,715,3
18,622,3
19,402,3
20,251,3
21,122,0
22,135,3
23,166,3
0,103,1
1,72,1
2,60,1
3,25,1
4,16,1
5,17,1
6,15,1
7,37,1
8,112,1
9,207,1
10,268,1
11,305,1
12,457,3
13,354,1
14,343,1
15,380,1
16,326,1
17,241,1
18,177,1
19,238,1
20,214,1
21,163,1
22,180,1
23,149,1
0,113,1
1,130,1
2,122,1
3,43,1
4,16,1
5,6,1
6,19,1
7,38,1
8,153,1
9,258,1
10,379,1
11,505,3
12,504,3
13,626,3
14,616,3
15,624,3
16,628,3
17,556,3
18,515,3
19,522,3
20,378,3
21,345,3
22,191,1
23,123,1
0,47,2
1,27,2
2,17,2
3,2,2
4,8,2
5,51,2
6,157,2
7,421,3
8,738,3
9,345,3
10,200,3
11,198,3
12,314,3
13,240,3
14,271,3
15,281,3
16,457,3
17,847,3
18,741,3
19,582,3
20,403,3
21,296,3
22,209,3
23,114,3
0,64,2
1,17,2
2,16,2
3,6,2
4,6,2
5,50,2
6,190,2
7,516,3
8,743,3
9,339,3
10,218,3
11,201,3
12,229,3
13,273,3
14,244,3
15,285,3
16,455,3
17,869,3
18,877,3
19,632,3
20,523,3
21,378,3
22,269,3
23,192,3
0,66,2
1,28,2
2,12,2
3,12,2
4,4,2
5,59,2
6,190,2
7,507,3
8,788,3
9,342,3
10,231,3
11,281,3
12,310,3
13,312,3
14,247,3
15,317,3
16,484,3
17,913,3
18,891,3
19,698,3
20,567,3
21,397,3
22,278,3
23,239,3
0,92,2
1,29,2
2,21,2
3,8,2
4,4,2
5,42,2
6,181,2
7,495,3
8,729,3
9,344,3
10,222,3
11,212,3
12,279,3
13,242,3
14,213,3
15,238,3
16,374,3
17,738,3
18,688,3
19,614,3
20,446,3
21,271,0
22,234,0
23,145,3
0,97,2
1,54,2
2,26,2
3,12,2
4,8,2
5,37,2
6,139,2
7,410,3
8,676,3
9,363,3
10,231,3
11,251,3
12,299,3
13,314,3
14,326,3
15,323,3
16,499,3
17,699,3
18,622,3
19,516,3
20,354,3
21,260,3
22,199,3
23,189,3
0,191,1
1,80,1
2,90,1
3,43,1
4,11,1
5,14,1
6,50,1
7,76,1
8,163,1
9,337,3
10,395,3
11,457,3
12,487,3
13,498,3
14,494,3
15,497,3
16,487,3
17,479,3
18,481,3
19,338,3
20,233,1
21,300,3
22,276,3
23,208,1
0,188,1
1,158,1
2,112,1
3,55,1
4,13,1
5,17,1
6,18,1
7,40,1
8,127,1
9,226,1
10,381,1
11,509,3
12,511,3
13,483,3
14,522,3
15,501,3
16,521,3
17,531,3
18,419,3
19,443,3
20,303,3
21,271,3
22,148,1
23,100,1
0,58,2
1,19,2
2,8,2
3,3,2
4,5,2
5,47,2
6,161,2
7,469,3
8,751,3
9,293,3
10,189,3
11,215,3
12,278,3
13,226,3
14,254,3
15,236,3
16,425,3
17,827,3
18,812,3
19,665,3
20,462,3
21,322,3
22,230,3
23,150,3
0,38,2
1,21,2
2,8,2
3,6,2
4,6,2
5,45,2
6,194,2
7,513,3
8,760,3
9,333,3
10,227,2
11,224,3
12,248,3
13,288,3
14,260,3
15,144,3
16,402,3
17,820,3
18,857,3
19,614,3
20,452,3
21,352,3
22,257,3
23,147,3
0,47,2
1,33,2
2,13,2
3,7,2
4,4,2
5,49,2
6,185,2
7,487,3
8,681,3
9,350,3
10,236,3
11,234,3
12,284,3
13,280,3
14,263,3
15,295,3
16,479,3
17,837,3
18,891,3
19,652,3
20,513,3
21,320,3
22,288,3
23,152,3
0,63,2
1,42,2
2,11,2
3,6,2
4,9,2
5,41,2
6,183,2
7,473,3
8,739,3
9,343,3
10,181,3
11,226,3
12,286,3
13,310,3
14,225,3
15,270,3
16,406,3
17,865,3
18,767,3
19,607,3
20,427,3
21,342,3
22,262,3
23,177,3
0,71,2
1,43,2
2,14,2
3,6,2
4,12,2
5,37,2
6,163,2
7,421,3
8,668,3
9,396,3
10,249,3
11,263,3
12,338,3
13,345,3
14,331,3
15,380,3
16,492,3
17,741,3
18,671,3
19,469,3
20,389,3
21,278,3
22,202,3
23,196,3
0,161,1
1,122,1
2,84,1
3,30,1
4,13,1
5,17,1
6,49,1
7,67,1
8,181,1
9,278,3
10,396,3
11,470,3
12,547,3
13,527,3
14,472,3
15,489,3
16,450,3
17,492,3
18,490,3
19,397,3
20,312,3
21,289,3
22,269,3
23,222,3
0,153,1
1,87,1
2,73,1
3,41,1
4,14,1
5,19,1
6,19,1
7,68,1
8,108,1
9,229,1
10,364,3
11,437,3
12,491,3
13,523,3
14,526,3
15,450,3
16,421,3
17,382,3
18,229,1
19,185,1
20,193,1
21,208,1
22,157,1
23,87,1
0,33,2
1,11,2
2,5,2
3,5,2
4,11,2
5,25,2
6,141,2
7,407,3
8,605,3
9,276,2
10,213,3
11,260,3
12,285,3
13,289,3
14,287,3
15,274,3
16,451,3
17,858,3
18,843,3
19,640,3
20,457,3
21,317,3
22,207,3
23,113,3
0,47,2
1,18,2
2,13,2
3,6,2
4,9,2
5,36,2
6,179,2
7,502,3
8,705,3
9,327,3
10,250,3
11,214,3
12,283,3
13,253,3
14,261,3
15,306,3
16,445,3
17,868,3
18,814,3
19,610,3
20,448,3
21,317,3
22,224,3
23,138,3
0,58,2
1,23,2
2,6,2
3,7,2
4,7,2
5,43,2
6,173,2
7,482,3
8,737,3
9,341,3
10,214,3
11,239,3
12,280,3
13,313,3
14,236,3
15,278,3
16,441,3
17,858,3
18,862,3
19,686,3
20,500,3
21,381,3
22,233,3
23,136,3
0,67,2
1,28,2
2,14,2
3,6,2
4,10,2
5,41,2
6,167,2
7,475,3
8,698,3
9,353,3
10,205,3
11,260,3
12,277,3
13,281,3
14,247,3
15,267,3
16,417,3
17,810,3
18,811,3
19,623,3
20,478,3
21,336,3
22,259,3
23,156,3
0,85,2
1,41,2
2,20,2
3,9,2
4,7,2
5,33,2
6,44,2
7,133,2
8,119,2
9,220,2
10,193,2
11,251,2
12,315,3
13,290,3
14,307,3
15,324,3
16,467,3
17,730,3
18,640,3
19,492,3
20,370,3
21,286,3
22,218,3
23,192,3
0,180,1
1,116,1
2,85,1
3,21,1
4,10,1
5,11,1
6,23,1
7,62,1
8,162,1
9,271,1
10,407,3
11,499,3
12,546,3
13,569,3
14,538,3
15,562,3
16,531,3
17,512,3
18,300,3
19,275,1
20,160,1
21,128,1
22,168,1
23,163,1
0,120,1
1,113,1
2,86,1
3,48,1
4,10,1
5,10,1
6,16,1
7,39,1
8,119,1
9,217,1
10,328,3
11,449,3
12,505,3
13,543,3
14,579,3
15,577,3
16,513,3
17,505,3
18,491,3
19,465,3
20,300,3
21,220,3
22,181,3
23,110,1
0,47,2
1,14,2
2,9,2
3,6,2
4,11,2
5,36,2
6,159,2
7,436,3
8,673,3
9,305,3
10,199,3
11,245,3
12,276,3
13,254,3
14,248,3
15,274,3
16,464,3
17,818,3
18,812,3
19,555,3
20,432,3
21,290,3
22,192,3
23,128,3
0,60,2
1,27,2
2,11,2
3,3,2
4,5,2
5,36,2
6,64,2
7,179,2
8,618,3
9,402,3
10,208,2
11,196,3
12,300,3
13,286,3
14,255,3
15,283,3
16,458,3
17,812,3
18,854,3
19,627,3
20,436,3
21,308,3
22,189,3
23,167,3
0,60,2
1,37,2
2,8,2
3,11,2
4,4,2
5,39,2
6,172,2
7,492,3
8,682,3
9,367,3
10,233,3
11,235,3
12,307,3
13,294,3
14,255,3
15,266,3
16,431,3
17,851,3
18,848,3
19,649,3
20,427,3
21,315,3
22,226,3
23,138,3
0,76,2
1,21,2
2,15,2
3,4,2
4,5,2
5,37,2
6,165,2
7,464,3
8,682,3
9,337,3
10,199,3
11,274,3
12,343,3
13,300,3
14,248,3
15,260,3
16,419,3
17,897,3
18,832,3
19,677,3
20,514,3
21,356,3
22,254,3
23,226,3
0,88,2
1,54,2
2,19,2
3,6,2
4,9,2
5,36,2
6,157,2
7,379,3
8,668,3
9,378,3
10,231,3
11,303,3
12,365,3
13,357,3
14,328,3
15,383,3
16,488,3
17,791,3
18,669,3
19,491,3
20,359,3
21,255,3
22,213,3
23,121,3
0,105,1
1,92,1
2,43,1
3,30,1
4,13,1
5,9,1
6,27,1
7,64,1
8,189,1
9,292,1
10,480,3
11,536,3
12,654,3
13,644,3
14,598,3
15,596,3
16,641,3
17,635,3
18,554,3
19,488,3
20,341,3
21,338,3
22,261,3
23,235,3
0,187,1
1,131,1
2,119,1
3,55,1
4,26,1
5,11,1
6,20,1
7,41,1
8,124,1
9,270,1
10,425,1
11,272,1
12,298,1
13,162,1
14,149,1
15,276,1
16,356,1
17,343,1
18,377,1
19,341,1
20,274,1
21,190,1
22,56,1
23,46,1
0,26,2
1,10,2
2,5,2
3,3,2
4,7,2
5,37,2
6,161,2
7,442,3
8,655,3
9,357,3
10,193,2
11,241,3
12,282,3
13,291,3
14,275,3
15,309,3
16,460,3
17,893,3
18,815,3
19,299,3
20,261,3
21,245,3
22,161,2
23,102,2
0,59,2
1,33,2
2,8,2
3,3,2
4,4,2
5,34,2
6,169,2
7,519,3
8,723,3
9,328,2
10,178,2
11,256,3
12,305,3
13,331,3
14,302,3
15,302,3
16,467,3
17,878,3
18,625,3
19,476,3
20,358,3
21,280,3
22,232,3
23,136,2
0,55,2
1,21,2
2,17,2
3,7,2
4,8,2
5,40,2
6,187,2
7,553,3
8,740,3
9,376,3
10,225,3
11,267,3
12,312,3
13,316,3
14,266,3
15,316,3
16,460,3
17,783,3
18,683,3
19,580,3
20,391,3
21,351,3
22,281,3
23,140,2
0,60,2
1,25,2
2,20,2
3,9,2
4,6,2
5,37,2
6,192,2
7,481,3
8,707,3
9,412,3
10,233,3
11,278,3
12,332,3
13,346,3
14,305,3
15,305,3
16,465,3
17,820,3
18,941,3
19,633,3
20,474,3
21,329,3
22,198,3
23,157,3
0,111,2
1,42,2
2,16,2
3,8,2
4,8,2
5,38,2
6,151,2
7,425,2
8,744,3
9,389,3
10,262,3
11,281,3
12,371,3
13,351,3
14,338,3
15,350,3
16,515,3
17,812,3
18,736,3
19,536,3
20,363,3
21,306,3
22,251,3
23,178,3
0,135,1
1,115,1
2,79,1
3,38,1
4,12,1
5,14,1
6,30,1
7,102,1
8,162,1
9,288,1
10,442,3
11,457,3
12,584,3
13,517,3
14,482,3
15,233,1
16,434,3
17,403,3
18,383,3
19,354,3
20,241,1
21,208,1
22,182,1
23,158,1
0,134,1
1,134,1
2,116,1
3,53,1
4,16,1
5,16,1
6,21,1
7,34,1
8,133,1
9,263,1
10,385,3
11,482,3
12,626,3
13,541,3
14,377,1
15,391,1
16,173,1
17,233,1
18,264,1
19,292,1
20,211,1
21,166,1
22,114,1
23,80,1
0,32,2
1,7,2
2,8,2
3,4,2
4,12,2
5,36,2
6,145,2
7,433,2
8,699,3
9,342,2
10,206,2
11,229,3
12,283,3
13,288,3
14,246,3
15,282,3
16,444,3
17,845,3
18,834,3
19,573,3
20,416,3
21,278,3
22,161,3
23,114,3
0,38,2
1,21,2
2,15,2
3,4,2
4,8,2
5,42,2
6,147,2
7,269,2
8,693,3
9,395,3
10,204,3
11,218,3
12,297,3
13,288,3
14,251,3
15,317,3
16,480,3
17,864,3
18,818,3
19,597,3
20,435,3
21,314,3
22,216,3
23,109,3
0,47,2
1,14,2
2,6,2
3,9,2
4,10,2
5,40,2
6,181,2
7,554,3
8,808,3
9,348,3
10,178,3
11,253,3
12,360,3
13,300,3
14,301,3
15,338,3
16,493,3
17,870,3
18,812,3
19,643,3
20,427,3
21,313,3
22,235,3
23,157,3
0,65,2
1,23,2
2,17,2
3,5,2
4,8,2
5,35,2
6,163,2
7,532,3
8,754,3
9,396,3
10,234,3
11,276,3
12,294,3
13,290,3
14,273,3
15,338,3
16,482,3
17,844,3
18,853,3
19,610,3
20,471,3
21,307,3
22,291,3
23,152,3
0,82,2
1,32,2
2,20,2
3,5,2
4,7,2
5,29,2
6,108,2
7,421,2
8,690,3
9,398,3
10,256,3
11,309,3
12,410,3
13,368,3
14,436,3
15,526,3
16,528,3
17,617,3
18,546,3
19,452,3
20,356,3
21,303,3
22,277,3
23,174,3
0,168,1
1,79,1
2,69,1
3,35,1
4,12,1
5,22,1
6,36,1
7,66,1
8,162,1
9,237,3
10,417,3
11,492,3
12,471,3
13,504,3
14,514,3
15,563,3
16,462,3
17,463,3
18,442,3
19,392,3
20,207,3
21,104,1
22,78,1
23,145,1
0,99,1
1,73,1
2,84,1
3,42,1
4,22,1
5,12,1
6,15,1
7,42,1
8,129,1
9,232,1
10,388,1
11,489,3
12,545,3
13,493,3
14,457,3
15,355,3
16,474,3
17,503,3
18,500,3
19,292,1
20,104,1
21,171,1
22,166,1
23,123,1
0,104,1
1,55,1
2,40,1
3,28,1
4,11,1
5,4,1
6,15,1
7,43,1
8,127,1
9,229,1
10,359,1
11,459,3
12,543,3
13,566,3
14,512,3
15,449,3
16,500,3
17,498,3
18,482,3
19,374,3
20,261,1
21,184,1
22,121,1
23,70,1
0,29,2
1,24,2
2,5,2
3,10,2
4,8,2
5,38,2
6,172,2
7,493,3
8,632,3
9,323,3
10,172,2
11,198,3
12,287,3
13,275,3
14,274,3
15,292,3
16,458,3
17,856,3
18,839,3
19,552,3
20,385,3
21,268,3
22,179,3
23,95,3
0,37,2
1,13,2
2,9,2
3,4,2
4,5,2
5,40,2
6,210,2
7,500,3
8,725,3
9,290,3
10,235,3
11,217,3
12,266,3
13,234,3
14,211,3
15,245,3
16,430,3
17,863,3
18,839,3
19,662,3
20,412,3
21,296,3
22,219,3
23,150,3
0,65,2
1,18,2
2,8,2
3,9,2
4,8,2
5,38,2
6,200,2
7,482,3
8,646,3
9,123,2
10,49,2
11,62,2
12,137,2
13,191,2
14,216,3
15,270,3
16,416,3
17,808,3
18,835,3
19,558,3
20,406,3
21,272,3
22,217,3
23,169,3
0,96,2
1,29,2
2,11,2
3,9,2
4,8,2
5,40,2
6,140,2
7,486,3
8,719,3
9,344,3
10,224,2
11,296,3
12,323,3
13,354,3
14,253,3
15,331,3
16,470,3
17,772,3
18,792,3
19,568,3
20,391,3
21,301,3
22,299,3
23,248,3
0,150,1
1,117,1
2,77,1
3,43,1
4,11,1
5,15,1
6,34,1
7,82,1
8,230,1
9,348,3
10,422,3
11,578,3
12,694,3
13,668,3
14,626,3
15,512,3
16,114,1
17,171,1
18,167,1
19,215,1
20,194,1
21,181,1
22,194,1
23,133,1
0,124,1
1,124,1
2,96,1
3,46,1
4,28,1
5,55,1
6,35,1
7,70,1
8,170,1
9,299,1
10,495,3
11,585,3
12,757,3
13,729,3
14,647,3
15,696,3
16,701,3
17,671,3
18,560,3
19,496,3
20,356,3
21,206,3
22,189,1
23,92,1
0,41,2
1,18,2
2,17,2
3,12,2
4,5,2
5,40,2
6,180,2
7,447,3
8,730,3
9,361,3
10,210,3
11,236,3
12,332,3
13,323,3
14,340,3
15,346,3
16,488,3
17,871,3
18,968,3
19,633,3
20,390,3
21,285,3
22,159,3
23,93,3
0,32,2
1,10,2
2,6,2
3,8,2
4,9,2
5,44,2
6,211,2
7,596,3
8,750,3
9,358,3
10,196,3
11,247,3
12,316,3
13,328,3
14,255,3
15,326,3
16,536,3
17,970,3
18,877,3
19,596,3
20,461,3
21,310,3
22,216,3
23,109,3
0,49,2
1,21,2
2,11,2
3,7,2
4,5,2
5,48,2
6,205,2
7,557,3
8,770,3
9,328,3
10,205,2
11,232,3
12,352,3
13,323,3
14,278,3
15,318,3
16,509,3
17,925,3
18,977,3
19,635,3
20,470,3
21,306,3
22,212,3
23,127,3
0,57,2
1,28,2
2,9,2
3,11,2
4,6,2
5,57,2
6,195,2
7,571,3
8,758,3
9,338,3
10,212,2
11,254,3
12,297,3
13,283,3
14,274,3
15,352,3
16,491,3
17,884,3
18,852,3
19,674,3
20,463,3
21,317,3
22,251,3
23,170,3
0,87,2
1,41,2
2,30,2
3,14,2
4,12,2
5,41,2
6,152,2
7,454,2
8,766,3
9,347,2
10,246,2
11,280,3
12,409,3
13,408,3
14,371,3
15,367,3
16,563,3
17,894,3
18,808,3
19,579,3
20,404,3
21,312,3
22,229,3
23,195,3
0,207,1
1,109,1
2,93,1
3,37,1
4,6,1
5,16,0
6,33,0
7,73,1
8,212,0
9,342,0
10,442,3
11,627,3
12,706,3
13,704,3
14,715,3
15,654,3
16,783,3
17,729,3
18,614,3
19,478,3
20,330,3
21,296,3
22,279,3
23,229,1
0,151,1
1,117,1
2,89,1
3,48,1
4,8,1
5,13,1
6,35,1
7,71,1
8,128,1
9,296,1
10,490,3
11,559,3
12,656,3
13,694,3
14,635,3
15,557,3
16,596,3
17,570,3
18,481,3
19,403,3
20,324,3
21,191,1
22,127,1
23,94,1
0,45,2
1,21,2
2,13,2
3,7,2
4,11,2
5,45,2
6,164,2
7,492,2
8,683,3
9,299,2
10,202,2
11,252,3
12,295,3
13,343,3
14,332,3
15,338,3
16,453,3
17,842,3
18,774,3
19,486,3
20,340,3
21,233,3
22,129,3
23,70,2
0,13,2
1,5,2
2,4,2
3,6,2
4,7,2
5,48,2
6,167,2
7,356,3
8,672,3
9,293,0
10,160,0
11,151,0
12,88,0
13,114,0
14,143,0
15,36,2
16,141,2
17,338,3
18,281,3
19,324,3
20,290,3
21,207,3
22,151,0
23,78,2
0,26,2
1,12,2
2,3,2
3,5,2
4,10,2
5,56,2
6,172,2
7,545,3
8,797,3
9,362,3
10,192,3
11,247,3
12,313,3
13,289,3
14,286,3
15,311,3
16,466,3
17,886,3
18,892,3
19,611,3
20,409,3
21,349,3
22,229,3
23,123,3
0,58,2
1,18,2
2,11,2
3,6,2
4,6,2
5,56,2
6,170,2
7,534,2
8,790,3
9,355,3
10,190,2
11,243,3
12,290,3
13,336,3
14,298,3
15,291,3
16,457,3
17,976,3
18,900,3
19,603,3
20,417,3
21,274,3
22,287,3
23,154,3
0,66,2
1,49,2
2,14,2
3,12,2
4,10,2
5,49,2
6,165,2
7,503,2
8,757,3
9,383,3
10,225,3
11,321,3
12,389,3
13,421,3
14,412,3
15,423,3
16,567,3
17,846,3
18,805,3
19,588,3
20,369,3
21,312,3
22,295,3
23,186,0
0,172,1
1,124,1
2,83,1
3,45,1
4,15,1
5,17,1
6,41,1
7,77,1
8,218,1
9,377,3
10,474,3
11,626,3
12,688,3
13,707,3
14,654,3
15,750,3
16,680,3
17,646,3
18,598,3
19,407,3
20,325,3
21,261,3
22,239,3
23,171,3
0,180,1
1,142,1
2,95,1
3,54,1
4,10,1
5,6,1
6,16,1
7,57,1
8,175,1
9,276,1
10,489,3
11,570,3
12,776,3
13,702,3
14,666,3
15,640,3
16,691,3
17,723,3
18,540,3
19,413,3
20,252,1
21,196,1
22,138,1
23,100,1
0,64,2
1,18,2
2,8,2
3,5,2
4,8,2
5,37,2
6,168,2
7,530,3
8,750,3
9,328,3
10,198,0
11,238,3
12,342,3
13,328,3
14,303,3
15,300,3
16,516,3
17,898,3
18,853,3
19,590,3
20,432,3
21,256,3
22,172,0
23,94,0
0,64,2
1,13,2
2,14,2
3,5,2
4,9,2
5,47,2
6,194,2
7,556,3
8,805,3
9,409,3
10,170,0
11,218,0
12,302,3
13,305,3
14,293,3
15,303,3
16,495,3
17,967,3
18,822,3
19,539,3
20,425,3
21,297,3
22,188,3
23,98,0
0,40,2
1,29,2
2,17,2
3,10,2
4,14,2
5,36,2
6,182,2
7,532,3
8,838,3
9,334,3
10,185,2
11,227,3
12,316,3
13,340,3
14,277,3
15,300,3
16,468,3
17,953,3
18,884,3
19,627,3
20,434,3
21,360,3
22,215,3
23,115,3
0,65,2
1,21,2
2,16,2
3,7,2
4,8,2
5,66,2
6,169,2
7,558,3
8,794,3
9,335,3
10,208,3
11,294,3
12,335,3
13,326,3
14,258,3
15,296,3
16,472,3
17,905,3
18,899,3
19,559,3
20,457,3
21,253,3
22,47,0
23,45,2
0,17,2
1,13,2
2,10,2
3,7,2
4,12,2
5,38,2
6,138,2
7,394,2
8,705,3
9,426,3
10,245,2
11,361,3
12,380,3
13,410,3
14,399,3
15,392,3
16,502,3
17,808,3
18,667,3
19,508,3
20,336,3
21,237,3
22,220,3
23,190,3
0,149,1
1,101,1
2,92,1
3,29,1
4,14,1
5,15,1
6,37,1
7,73,1
8,211,1
9,332,1
10,472,3
11,663,3
12,682,3
13,686,3
14,750,3
15,727,3
16,722,3
17,712,3
18,594,3
19,470,3
20,315,3
21,292,3
22,221,1
23,196,1
0,147,1
1,116,1
2,92,1
3,58,1
4,7,1
5,10,1
6,22,1
7,57,1
8,144,1
9,285,1
10,479,3
11,591,3
12,680,3
13,594,3
14,612,3
15,649,3
16,648,3
17,575,3
18,401,3
19,257,1
20,194,1
21,123,1
22,91,1
23,57,1
0,45,2
1,18,2
2,12,2
3,7,2
4,10,2
5,36,2
6,155,2
7,483,2
8,784,3
9,340,2
10,179,2
11,272,3
12,323,3
13,305,3
14,244,3
15,329,3
16,459,3
17,856,3
18,613,3
19,516,3
20,262,3
21,218,3
22,207,3
23,105,2
0,31,2
1,11,2
2,2,2
3,5,2
4,10,2
5,43,2
6,179,2
7,260,2
8,134,2
9,86,2
10,45,2
11,99,2
12,104,2
13,154,2
14,163,2
15,209,2
16,374,3
17,715,3
18,687,3
19,395,3
20,306,3
21,289,3
22,240,3
23,98,2
0,52,2
1,19,2
2,9,2
3,7,2
4,11,2
5,34,2
6,177,2
7,515,3
8,809,3
9,362,2
10,175,2
11,230,2
12,358,3
13,279,3
14,251,3
15,319,3
16,478,3
17,917,3
18,810,3
19,593,3
20,497,3
21,209,3
22,241,3
23,220,3
0,76,2
1,25,2
2,13,2
3,11,2
4,10,2
5,39,2
6,133,2
7,391,2
8,738,3
9,359,2
10,177,2
11,214,2
12,288,3
13,294,3
14,267,3
15,325,3
16,497,3
17,901,3
18,887,3
19,534,3
20,441,3
21,321,3
22,232,3
23,155,3
0,102,2
1,46,2
2,11,2
3,16,2
4,11,2
5,41,2
6,137,2
7,428,2
8,785,3
9,384,3
10,260,3
11,304,3
12,468,3
13,424,3
14,400,3
15,470,3
16,634,3
17,900,3
18,761,3
19,500,3
20,372,3
21,267,3
22,264,3
23,171,3
0,191,1
1,141,1
2,75,1
3,56,1
4,11,1
5,10,1
6,30,1
7,84,1
8,206,1
9,395,1
10,539,3
11,647,3
12,743,3
13,710,3
14,576,3
15,620,3
16,659,3
17,610,3
18,495,3
19,341,3
20,247,0
21,215,1
22,185,1
23,179,1
0,127,1
1,109,1
2,74,1
3,22,1
4,11,1
5,10,1
6,23,1
7,35,1
8,62,1
9,86,1
10,185,1
11,336,1
12,392,1
13,320,1
14,314,1
15,306,1
16,333,1
17,157,1
18,106,1
19,114,1
20,116,1
21,113,1
22,79,1
23,80,1
0,51,1
1,37,1
2,15,1
3,10,1
4,7,1
5,19,1
6,59,1
7,154,1
8,397,1
9,332,1
10,298,1
11,308,1
12,341,1
13,405,1
14,420,1
15,370,1
16,377,1
17,497,3
18,456,3
19,371,1
20,227,1
21,151,1
22,107,1
23,69,1
0,31,2
1,13,2
2,7,2
3,3,2
4,7,2
5,19,2
6,143,2
7,362,2
8,713,3
9,382,2
10,164,2
11,193,2
12,260,2
13,238,2
14,244,3
15,254,3
16,424,3
17,806,3
18,784,3
19,514,3
20,360,3
21,225,3
22,162,2
23,84,2
0,33,2
1,8,2
2,8,2
3,6,2
4,6,2
5,40,2
6,175,2
7,507,2
8,839,3
9,366,3
10,217,0
11,291,3
12,390,3
13,297,3
14,271,3
15,319,3
16,566,3
17,948,3
18,844,3
19,566,0
20,392,0
21,269,0
22,197,0
23,136,0
0,42,2
1,11,2
2,11,2
3,3,0
4,10,0
5,42,2
6,159,2
7,478,0
8,798,3
9,355,0
10,204,0
11,251,3
12,326,3
13,291,3
14,348,3
15,460,3
16,481,3
17,827,3
18,692,3
19,743,3
20,415,3
21,260,0
22,177,0
23,186,0
0,68,2
1,37,2
2,16,2
3,6,2
4,8,2
5,35,2
6,143,2
7,392,2
8,745,3
9,400,0
10,275,0
11,313,0
12,387,0
13,381,0
14,371,0
15,455,0
16,520,3
17,837,3
18,642,3
19,493,3
20,308,3
21,190,0
22,160,0
23,100,0
0,249,1
1,146,1
2,67,1
3,15,1
4,11,1
5,11,1
6,28,1
7,70,1
8,174,1
9,266,1
10,347,1
11,527,3
12,573,3
13,670,3
14,597,3
15,615,3
16,637,3
17,528,3
18,473,3
19,332,3
20,255,1
21,204,1
22,189,1
23,125,0
0,111,1
1,112,1
2,66,1
3,28,1
4,12,1
5,11,1
6,24,1
7,51,1
8,132,1
9,223,1
10,428,1
11,494,3
12,562,3
13,619,3
14,617,3
15,568,3
16,581,3
17,539,3
18,453,3
19,336,1
20,246,1
21,196,1
22,125,1
23,105,1
0,48,2
1,29,2
2,6,2
3,4,2
4,10,2
5,40,2
6,147,2
7,476,3
8,737,3
9,359,3
10,168,0
11,263,0
12,284,3
13,146,2
14,185,2
15,260,3
16,447,3
17,766,3
18,592,3
19,239,2
20,256,0
21,206,0
22,126,0
23,81,0
0,48,2
1,13,2
2,3,2
3,2,2
4,7,2
5,52,2
6,172,2
7,525,3
8,835,3
9,355,3
10,222,0
11,228,0
12,325,0
13,328,0
14,308,3
15,346,0
16,446,3
17,943,3
18,838,3
19,531,3
20,432,3
21,195,3
22,181,2
23,199,2
0,49,2
1,17,2
2,16,2
3,7,2
4,4,2
5,41,2
6,178,2
7,464,2
8,817,3
9,382,2
10,228,2
11,234,3
12,332,3
13,310,3
14,270,3
15,301,3
16,466,3
17,888,3
18,884,3
19,516,3
20,414,3
21,329,3
22,215,0
23,99,2
0,57,2
1,14,2
2,14,2
3,5,2
4,5,2
5,42,2
6,153,2
7,508,2
8,834,3
9,387,2
10,218,2
11,268,3
12,377,3
13,332,3
14,285,3
15,353,3
16,450,3
17,890,3
18,788,3
19,513,3
20,387,3
21,283,3
22,229,3
23,117,2
0,56,2
1,16,2
2,10,2
3,5,2
4,6,2
5,36,2
6,131,2
7,154,2
8,467,2
9,389,2
10,224,2
11,252,2
12,332,3
13,375,3
14,365,3
15,395,3
16,565,3
17,425,3
18,233,2
19,232,2
20,229,3
21,206,2
22,190,3
23,131,2
0,123,1
1,95,1
2,78,1
3,29,1
4,18,1
5,13,1
6,31,1
7,65,1
8,193,1
9,363,1
10,423,3
11,612,3
12,703,3
13,714,3
14,711,3
15,711,3
16,691,3
17,731,3
18,521,3
19,345,3
20,259,0
21,296,0
22,202,1
23,163,1
0,154,1
1,117,1
2,132,1
3,41,1
4,21,1
5,10,1
6,26,1
7,56,1
8,143,1
9,269,1
10,443,3
11,547,3
12,675,3
13,626,3
14,640,3
15,623,3
16,591,3
17,491,3
18,413,3
19,266,1
20,195,1
21,166,1
22,113,1
23,66,1
0,31,2
1,11,2
2,5,2
3,6,2
4,7,2
5,46,2
6,144,2
7,452,2
8,728,3
9,360,2
10,212,2
11,211,3
12,283,3
13,315,3
14,282,3
15,296,3
16,524,3
17,922,3
18,786,3
19,514,3
20,403,3
21,174,3
22,183,2
23,163,2
0,37,2
1,17,2
2,7,2
3,1,2
4,7,2
5,50,2
6,158,2
7,531,2
8,761,3
9,334,2
10,221,2
11,253,3
12,378,3
13,303,3
14,296,3
15,346,3
16,541,3
17,938,3
18,826,3
19,482,3
20,379,3
21,295,3
22,194,3
23,111,2
0,46,2
1,27,2
2,6,2
3,4,2
4,6,2
5,53,2
6,173,2
7,526,2
8,801,3
9,373,2
10,171,2
11,236,2
12,316,3
13,306,3
14,301,3
15,308,3
16,532,3
17,963,3
18,858,3
19,572,3
20,441,3
21,313,3
22,238,3
23,123,3
0,76,2
1,28,2
2,18,2
3,8,2
4,5,2
5,55,2
6,171,2
7,495,2
8,779,3
9,343,2
10,225,2
11,238,2
12,319,2
13,313,2
14,285,3
15,305,3
16,499,3
17,886,3
18,809,3
19,542,3
20,347,3
21,271,3
22,207,2
23,135,2
0,71,2
1,36,2
2,19,2
3,13,2
4,5,2
5,50,2
6,144,2
7,421,2
8,734,3
9,403,2
10,197,2
11,290,2
12,392,3
13,337,3
14,351,3
15,448,3
16,582,3
17,817,3
18,665,3
19,471,3
20,311,3
21,292,3
22,217,3
23,178,3
0,142,1
1,146,1
2,90,1
3,26,1
4,13,1
5,9,1
6,31,1
7,86,1
8,213,1
9,328,1
10,479,3
11,585,3
12,668,3
13,760,3
14,750,3
15,711,3
16,612,3
17,618,3
18,456,3
19,300,1
20,296,1
21,209,1
22,157,1
23,167,0
0,117,1
1,133,1
2,116,1
3,79,1
4,20,1
5,28,1
6,39,1
7,65,1
8,173,0
9,330,1
10,434,0
11,462,3
12,491,0
13,391,0
14,402,0
15,301,0
16,293,0
17,225,0
18,154,1
19,54,1
20,55,1
21,46,1
22,37,1
23,14,1
0,22,2
13,116,0
14,126,0
15,124,2
16,98,2
17,124,2
18,143,2
19,115,0
20,81,2
21,64,2
22,66,2
23,39,2
0,16,2
1,8,2
2,7,2
3,3,2
4,5,2
5,24,2
6,116,2
7,337,2
8,621,3
9,297,2
10,168,0
11,189,0
12,241,0
13,213,0
14,224,0
15,230,0
16,424,3
17,723,3
18,584,3
19,410,3
20,268,0
21,192,0
22,165,0
23,101,0
0,60,2
1,30,2
2,20,2
3,15,2
4,10,2
5,40,2
6,148,2
7,420,3
8,680,3
9,331,2
10,146,2
11,170,0
12,221,2
13,248,0
14,185,0
15,214,0
16,344,0
17,689,3
18,678,3
19,452,3
20,296,0
21,267,0
22,202,0
23,120,0
0,50,2
1,24,2
2,10,2
3,3,2
4,7,2
5,26,2
6,122,2
7,357,2
8,687,3
9,382,0
10,204,0
11,221,0
12,292,0
13,294,0
14,262,0
15,306,0
16,421,0
17,638,3
18,522,0
19,374,0
20,221,0
21,156,0
22,149,0
23,119,0
0,108,1
1,89,1
2,46,1
3,28,1
4,16,1
5,9,1
6,21,1
7,59,1
8,142,0
9,219,0
10,328,0
11,340,0
12,394,0
13,449,0
14,455,0
15,448,0
16,400,0
17,410,0
18,297,0
19,239,1
20,181,1
21,166,1
22,146,1
23,148,1
0,102,1
1,165,1
2,37,1
3,11,1
4,9,1
5,5,1
6,16,1
7,50,1
8,149,1
9,217,1
10,360,1
11,445,1
12,504,3
13,493,3
14,509,3
15,449,3
16,435,0
17,327,1
18,237,1
19,227,0
20,141,0
21,87,0
22,79,0
23,53,1
0,23,2
1,8,2
2,6,2
3,4,2
4,16,2
5,39,0
6,139,0
7,461,0
8,648,3
9,257,0
10,142,0
11,150,0
12,244,0
13,222,0
14,196,0
15,231,0
16,360,0
17,638,3
18,542,3
19,372,0
20,241,0
21,152,0
22,115,0
23,53,0
0,19,2
1,8,2
2,2,2
3,4,2
4,7,2
5,41,2
6,149,2
7,387,2
8,588,3
9,363,0
10,230,0
11,216,0
12,248,0
13,278,0
14,240,0
15,272,0
16,402,0
17,627,3
18,497,0
19,371,0
20,228,0
21,151,0
22,153,0
23,205,0
0,283,0
1,92,2
2,74,0
3,11,0
4,9,0
5,27,0
6,118,0
7,319,0
8,601,0
9,368,0
10,178,0
11,147,0
12,212,0
13,181,0
14,161,0
15,198,0
16,273,0
17,517,0
18,465,0
19,319,0
20,256,0
21,126,0
22,60,0
23,40,0
0,15,2
1,12,0
2,6,2
4,10,0
5,35,0
6,124,0
7,423,0
8,668,3
9,275,0
10,161,0
11,171,0
12,235,0
13,228,0
14,182,0
15,233,0
16,339,0
17,592,3
18,507,0
19,373,0
20,245,0
21,233,0
22,161,0
23,87,0
0,55,0
1,20,2
2,12,2
3,9,0
4,14,0
5,27,2
6,131,2
7,341,2
8,693,3
9,327,0
10,197,0
11,251,0
12,262,0
13,299,0
14,274,0
15,356,0
16,434,3
17,654,3
18,496,3
19,361,3
20,255,0
21,199,2
22,163,0
23,162,2
0,122,1
1,76,1
2,44,1
3,20,1
4,6,1
5,10,1
6,16,1
7,71,1
8,146,1
9,259,1
10,350,1
11,466,1
12,606,3
13,651,3
14,627,3
15,567,3
16,605,3
17,501,3
18,359,3
19,283,1
20,192,1
21,220,1
22,193,1
23,146,1
0,124,1
1,108,1
2,70,1
3,48,1
4,11,1
5,12,1
6,19,1
7,68,1
8,119,1
9,273,1
10,405,1
11,504,1
12,585,3
13,686,3
14,654,3
15,724,3
16,653,3
17,493,3
18,405,3
19,277,1
20,200,1
21,171,1
22,134,1
23,109,1
0,49,1
1,30,1
2,20,1
3,4,1
4,4,1
5,24,1
6,71,1
7,264,1
8,540,1
9,397,1
10,266,1
11,367,1
12,419,1
13,420,3
14,444,3
15,382,3
16,434,3
17,596,3
18,551,3
19,353,1
20,304,1
21,155,1
22,112,1
23,63,1
0,23,2
1,5,0
2,11,2
3,5,2
4,9,2
5,18,2
6,50,0
7,107,2
8,211,2
9,110,2
10,94,0
11,155,2
12,196,0
13,218,0
14,203,0
15,217,0
16,310,0
17,608,0
18,559,3
19,356,0
20,223,0
21,187,0
22,135,0
23,84,0
0,24,2
1,12,2
2,1,2
3,5,2
4,6,2
5,39,2
6,146,2
7,415,0
8,691,3
9,332,0
10,171,0
11,151,0
12,240,2
13,214,0
14,181,0
15,260,0
16,321,0
17,583,3
18,567,3
19,396,0
20,267,0
21,213,0
22,173,0
23,87,0
0,34,2
1,16,2
2,7,2
3,2,2
4,5,2
5,37,2
6,147,2
7,410,2
8,646,3
9,323,0
10,153,2
11,166,2
12,213,2
13,217,0
14,201,0
15,217,0
16,342,0
17,563,3
18,573,3
19,386,3
20,285,0
21,224,0
22,153,0
23,125,0
0,65,2
1,21,2
2,9,2
3,6,2
4,5,2
5,36,2
6,130,2
7,367,2
8,711,3
9,351,0
10,198,0
11,218,0
12,290,0
13,278,0
14,251,0
15,267,0
16,383,0
17,580,3
18,505,3
19,332,0
20,227,0
21,178,0
22,162,0
23,128,0
0,106,1
1,87,1
2,49,1
3,21,1
4,7,1
5,11,1
6,21,1
7,78,1
8,168,1
9,248,1
10,320,0
11,423,3
12,476,3
13,525,3
14,555,3
15,549,3
16,469,3
17,403,3
18,271,1
19,253,1
20,172,1
21,139,1
22,145,1
23,133,1
0,129,1
1,95,1
2,73,1
3,46,1
4,12,1
5,12,1
6,15,1
7,42,1
8,119,1
9,204,1
10,329,1
11,359,1
12,442,1
13,447,1
14,428,1
15,407,1
16,372,1
17,280,1
18,276,1
19,210,1
20,129,1
21,110,1
22,74,1
23,59,1
0,27,2
1,19,2
2,5,2
3,2,2
4,12,2
5,39,2
6,131,2
7,386,0
8,663,3
9,278,0
10,139,2
11,197,0
12,242,0
13,251,0
14,217,0
15,257,0
16,380,0
17,619,3
18,580,3
19,406,0
20,259,0
21,203,0
22,113,0
23,74,0
0,29,2
1,13,2
2,5,2
3,2,2
4,6,2
5,34,2
6,148,2
7,418,2
8,665,3
9,326,2
10,176,2
11,205,2
12,313,2
13,267,2
14,224,2
15,287,3
16,395,3
17,590,3
18,550,3
19,384,3
20,235,2
21,157,2
22,122,2
23,83,2
0,26,2
1,14,2
2,8,2
3,2,2
4,10,2
5,29,2
6,101,2
7,273,2
8,551,2
9,365,2
10,172,2
11,241,0
12,344,0
13,365,0
14,413,3
15,449,3
16,469,3
17,374,3
18,311,3
19,243,0
20,136,0
21,105,0
22,88,0
23,57,2
0,46,1
1,42,1
2,18,1
3,6,1
4,3,1
5,8,1
6,17,1
7,56,1
8,97,1
9,119,1
10,219,1
11,232,1
12,262,1
13,269,1
14,220,1
15,228,1
16,182,1
17,109,1
18,70,1
19,44,1
20,52,1
21,46,1
22,44,1
23,36,1
0,32,2
1,13,2
2,5,2
3,1,2
4,4,2
5,10,2
6,20,2
7,77,2
8,94,2
9,112,2
10,201,2
11,251,0
12,379,0
13,424,0
14,435,3
15,447,3
16,357,3
17,300,3
18,208,3
19,154,0
20,142,0
21,98,0
22,79,0
23,67,0
0,42,0
1,20,0
2,32,0
3,11,0
4,3,0
5,3,0
6,10,1
7,25,0
8,62,0
9,122,0
10,142,0
11,186,0
12,199,0
13,225,0
14,207,0
15,198,0
16,170,0
17,126,0
18,145,0
19,83,0
20,58,0
21,75,0
22,76,0
23,57,0
0,34,1
1,36,1
2,28,1
3,8,1
4,2,1
5,3,1
6,11,1
7,21,1
8,34,1
9,96,1
10,139,1
11,204,1
12,202,1
13,195,1
14,203,1
15,245,1
16,228,1
17,181,1
18,141,1
19,127,1
20,119,1
21,64,1
22,62,1
23,41,1
0,23,2
1,10,2
2,5,2
3,5,2
4,10,2
5,41,2
6,124,2
7,365,2
8,638,3
9,286,2
10,147,2
11,130,0
12,210,0
13,217,0
14,228,3
15,230,0
16,346,3
17,553,3
18,521,3
19,371,3
20,277,3
21,181,0
22,104,2
23,65,0
0,26,2
1,6,2
2,5,2
3,4,2
4,5,2
5,31,2
6,100,2
7,293,2
8,500,2
9,268,2
10,57,2
11,65,2
12,76,0
13,77,2
14,94,0
15,155,0
16,257,0
17,527,0
18,482,0
19,350,0
20,232,0
21,185,0
22,97,0
23,67,0
0,23,2
1,12,2
2,1,2
3,3,2
4,4,2
5,39,2
6,136,2
7,409,0
8,692,3
9,322,0
10,161,0
11,146,0
12,208,0
13,214,0
14,176,0
15,179,0
16,325,0
17,563,3
18,542,0
19,387,0
20,263,0
21,223,0
22,154,0
23,78,0
0,29,2
1,16,2
2,7,2
4,7,2
5,42,2
6,121,2
7,362,2
8,679,3
9,299,2
10,178,2
11,163,0
12,236,0
13,224,0
14,187,0
15,220,0
16,370,0
17,561,3
18,537,3
19,344,0
20,252,0
21,208,0
22,151,0
23,130,0
0,52,2
1,19,2
2,12,2
3,4,2
4,3,2
5,40,2
6,106,2
7,352,2
8,729,3
9,330,2
10,169,2
11,201,2
12,268,2
13,262,0
14,251,0
15,296,0
16,405,3
17,582,3
18,509,3
19,377,3
20,245,2
21,183,2
22,163,2
23,110,2
0,108,1
1,69,1
2,50,1
3,15,1
4,5,1
5,13,1
6,27,1
7,63,1
8,144,1
9,193,1
10,256,1
11,392,1
12,446,1
13,509,1
14,479,1
15,484,1
16,443,1
17,320,1
18,297,1
19,249,1
20,198,1
21,158,1
22,147,1
23,126,1
0,117,1
1,94,1
2,74,1
3,25,1
4,7,1
5,8,1
6,16,1
7,31,1
8,93,1
9,172,1
10,293,1
11,355,1
12,520,1
13,431,1
14,473,1
15,417,1
16,443,1
17,303,1
18,203,1
19,174,1
20,154,1
21,99,1
22,96,1
23,51,1
0,21,2
1,13,2
2,10,2
3,8,2
4,5,2
5,38,2
6,138,2
7,396,2
8,731,2
9,308,2
10,136,2
11,233,2
12,268,2
13,321,3
14,260,3
15,268,3
16,442,3
17,708,3
18,692,3
19,471,3
20,300,2
21,221,2
22,144,2
23,102,2
0,55,2
1,25,2
2,8,2
3,4,2
4,7,2
5,46,2
6,153,2
7,502,2
8,721,3
9,336,2
10,156,2
11,207,2
12,312,3
13,272,3
14,270,3
15,300,3
16,435,3
17,743,3
18,731,3
19,460,3
20,306,3
21,280,3
22,181,0
23,96,0
0,37,2
1,11,2
2,9,2
3,7,2
4,10,0
5,49,2
6,124,0
7,398,0
8,759,3
9,388,3
10,141,0
11,172,0
12,232,0
13,214,0
14,218,0
15,285,0
16,377,0
17,605,3
18,609,0
19,414,0
20,293,0
21,198,0
22,105,0
23,74,0
0,44,0
1,16,0
2,9,0
3,2,2
4,9,0
5,32,0
6,124,0
7,389,0
8,659,0
9,276,0
10,145,0
11,178,0
12,235,0
13,245,0
14,212,0
15,270,0
16,331,3
17,617,3
18,565,3
19,373,0
20,227,0
21,191,0
22,133,0
23,93,0
0,48,2
1,28,2
2,11,2
3,5,2
4,10,2
5,26,2
6,84,2
7,215,2
8,441,2
9,301,2
10,166,2
11,203,2
12,240,2
13,220,2
14,215,2
15,303,0
16,375,2
17,568,3
18,498,3
19,352,2
20,241,2
21,171,2
22,165,2
23,122,2
0,103,1
1,100,1
2,70,1
3,29,1
4,12,1
5,6,1
6,20,1
7,39,1
8,111,1
9,170,1
10,287,1
11,404,1
12,486,1
13,547,1
14,542,1
15,541,1
16,507,1
17,345,1
18,304,1
19,246,1
20,182,1
21,209,1
22,160,1
23,162,1
0,118,1
1,102,1
2,78,1
3,48,1
4,12,1
5,8,1
6,6,1
7,23,1
8,69,1
9,103,1
10,219,1
11,250,1
12,315,1
13,285,1
14,232,1
15,225,1
16,253,1
17,229,1
18,198,1
19,122,1
20,108,1
21,96,1
22,78,1
23,51,1
0,20,2
1,4,2
2,5,2
3,4,2
4,12,2
5,27,2
6,123,2
7,294,2
8,584,2
9,284,2
10,133,2
11,134,2
12,173,2
13,220,2
14,210,2
15,236,2
16,345,2
17,616,3
18,564,3
19,427,3
20,300,3
21,245,2
22,126,2
23,84,2
0,31,2
1,8,2
2,1,2
3,3,2
4,8,2
5,41,2
6,118,2
7,380,0
8,724,3
9,334,0
10,154,0
11,173,0
12,226,0
13,254,0
14,204,0
15,270,0
16,358,0
17,601,3
18,546,3
19,433,0
20,257,0
21,207,0
22,106,0
23,64,0
0,34,2
1,21,2
2,9,2
3,10,2
4,4,2
5,37,2
6,128,0
7,369,0
8,688,3
9,285,2
10,136,0
11,172,0
12,232,2
13,238,0
14,225,2
15,228,0
16,329,0
17,561,3
18,540,3
19,402,0
20,268,0
21,202,0
22,122,0
23,79,0
0,32,2
1,23,0
2,8,2
3,2,0
4,8,2
5,33,2
6,114,0
7,385,0
8,679,3
9,325,0
10,167,0
11,189,0
12,282,0
13,271,0
14,242,0
15,280,0
16,406,3
17,550,3
18,466,3
19,348,0
20,241,0
21,213,0
22,148,0
23,120,0
0,47,2
1,26,2
2,9,2
3,12,2
4,10,2
5,34,2
6,113,2
7,308,2
8,636,3
9,343,2
10,190,2
11,211,0
12,273,0
13,313,0
14,299,0
15,309,0
16,417,3
17,622,3
18,455,3
19,319,0
20,221,0
21,172,0
22,138,0
23,134,0
0,94,1
1,95,1
2,69,1
3,23,1
4,6,1
5,3,1
6,11,1
7,48,1
8,119,1
9,220,1
10,273,1
11,393,1
12,453,1
13,456,3
14,426,3
15,447,3
16,413,3
17,309,0
18,272,1
19,257,1
20,201,1
21,184,1
22,156,1
23,119,1
0,110,1
1,96,1
2,87,1
3,38,1
4,11,1
5,9,1
6,6,1
7,27,1
8,88,1
9,132,1
10,257,1
11,295,1
12,417,1
13,356,1
14,310,1
15,338,1
16,400,1
17,243,1
18,107,1
19,109,1
20,122,1
21,106,1
22,89,1
23,33,1
0,28,2
1,15,2
2,5,2
3,3,2
4,5,2
5,24,2
6,108,2
7,319,2
8,592,2
9,282,2
10,135,2
11,170,2
12,232,2
13,210,2
14,181,2
15,211,2
16,302,2
17,495,3
18,507,3
19,340,2
20,200,2
21,120,2
22,54,2
23,47,2
0,18,2
1,15,2
2,7,2
3,5,2
4,8,2
5,36,2
6,118,2
7,355,2
8,662,2
9,326,2
10,184,2
11,269,0
12,313,0
13,286,0
14,247,0
15,246,0
16,363,0
17,572,0
18,525,0
19,353,0
20,268,0
21,168,0
22,132,0
23,81,0
0,41,2
1,15,2
2,3,2
3,5,2
4,7,2
5,31,2
6,112,2
7,363,2
8,678,2
9,317,2
10,164,2
11,200,0
12,236,0
13,213,0
14,218,0
15,237,0
16,334,0
17,562,0
18,569,3
19,336,0
20,241,0
21,168,0
22,129,0
23,88,0
0,42,2
1,20,2
2,8,2
3,4,2
4,6,2
5,35,2
6,118,2
7,350,2
8,599,3
9,317,2
10,161,2
11,190,0
12,212,0
13,217,0
14,214,0
15,249,0
16,302,0
17,475,3
18,381,0
19,118,0
20,50,2
21,26,0
22,21,2
23,13,0
0,17,2
1,9,2
2,3,2
3,3,2
4,6,0
5,13,0
6,80,0
7,208,0
8,472,0
9,267,0
10,154,0
11,162,0
12,224,0
13,240,0
14,219,0
15,263,0
16,281,0
17,321,0
18,243,0
19,153,0
20,112,0
21,70,0
22,63,0
23,40,0
0,31,0
1,35,0
2,23,0
3,7,0
4,5,1
5,5,0
6,13,0
7,20,0
8,29,0
9,90,0
10,118,0
11,159,0
12,146,0
13,158,0
14,161,0
15,153,0
16,147,0
17,114,0
18,82,0
19,60,0
20,61,0
21,53,0
22,39,0
23,40,0
0,27,1
1,20,1
2,18,1
3,9,1
4,4,1
5,6,1
6,9,1
7,19,1
8,48,1
9,56,1
10,93,1
11,152,1
12,196,1
13,186,1
14,175,0
15,137,1
16,190,1
17,114,1
18,93,1
19,58,1
20,52,1
21,42,1
22,58,1
23,25,1
0,12,2
1,11,2
2,5,2
3,3,2
5,9,2
6,17,2
7,30,2
8,66,2
9,85,2
10,103,2
11,124,2
12,135,2
13,70,2
14,46,2
15,33,2
16,33,2
17,26,2
18,26,2
19,18,2
20,23,2
21,22,2
22,12,2
23,11,2
0,13,1
1,13,1
2,7,1
4,1,1
5,3,1
6,7,1
7,6,1
8,11,1
9,28,1
10,32,1
11,86,1
12,114,1
13,121,1
14,126,1
15,107,1
16,86,1
17,50,1
18,43,1
19,36,1
20,40,1
21,34,1
22,19,1
23,30,1
0,9,2
1,7,2
2,1,2
3,2,2
4,2,0
5,11,2
6,36,2
7,26,2
8,31,2
9,23,2
10,8,2
11,10,0
12,10,2
13,15,2
14,20,2
15,13,0
16,13,0
17,53,0
18,43,2
19,35,2
20,32,2
21,20,0
22,11,0
23,10,0
0,3,2
1,5,2
2,2,2
3,1,2
4,3,2
5,11,2
6,45,0
7,90,2
8,208,0
9,133,0
10,75,0
11,103,0
12,109,0
13,118,0
14,119,0
15,120,0
16,174,0
17,257,0
18,197,0
19,117,0
20,91,0
21,63,0
22,44,0
23,26,0
0,25,2
1,9,2
2,5,2
3,2,2
4,4,2
5,15,2
6,51,0
7,112,2
8,239,2
9,191,0
10,162,0
11,178,0
12,222,0
13,222,0
14,261,0
15,225,0
16,250,0
17,271,0
18,213,0
19,128,0
20,97,0
21,92,0
22,62,0
23,59,0
0,26,1
1,37,1
2,19,1
3,6,1
4,3,1
5,3,1
6,7,1
7,18,1
8,44,1
9,49,1
10,41,1
11,45,1
12,48,1
13,84,1
14,98,1
15,129,1
16,147,1
17,118,1
18,110,1
19,97,1
20,66,0
21,60,0
22,54,0
23,32,1
0,41,1
1,28,1
2,19,1
3,15,1
4,7,1
5,2,1
6,8,1
7,13,1
8,33,0
9,74,1
10,122,0
11,136,0
12,144,0
13,169,0
14,160,0
15,138,0
16,133,0
17,123,0
18,125,0
19,102,1
20,72,0
21,47,1
22,36,1
23,49,1
0,34,2
1,19,2
2,11,2
3,1,2
4,3,2
5,9,2
6,40,2
7,85,2
8,196,2
9,157,2
10,120,2
11,157,0
12,224,0
13,203,0
14,247,0
15,315,0
16,214,0
17,164,0
18,122,0
19,119,0
20,89,0
21,90,0
22,61,0
23,49,0
