hr,cnt,cluster
0,16,1
1,40,1
2,32,1
3,13,1
4,1,1
5,1,1
6,2,1
7,3,1
8,8,1
9,14,1
10,36,4
11,56,4
12,84,4
13,94,4
14,106,4
15,110,4
16,93,2
17,67,2
18,35,2
19,37,2
20,36,2
21,34,2
22,28,2
23,39,2
0,17,1
1,17,1
2,9,1
3,6,1
4,3,1
6,2,1
7,1,1
8,8,1
9,20,1
10,53,4
11,70,4
12,93,4
13,75,4
14,59,4
15,74,4
16,76,2
17,65,2
18,53,2
19,30,2
20,22,2
21,31,2
22,9,2
23,8,2
0,5,1
1,2,1
4,1,1
5,3,1
6,30,1
7,64,1
8,154,4
9,88,4
10,44,4
11,51,4
12,61,4
13,61,4
14,77,4
15,72,4
16,76,2
17,157,2
18,157,2
19,110,2
20,52,2
21,52,2
22,20,2
23,12,2
0,5,1
1,2,1
2,1,1
4,2,1
5,4,1
6,36,1
7,94,1
8,179,4
9,100,4
10,42,4
11,57,4
12,78,4
13,97,4
14,63,4
15,65,4
16,83,2
17,212,2
18,182,2
19,112,2
20,54,2
21,48,2
22,35,2
23,11,2
0,6,1
1,6,1
2,2,1
4,2,1
5,3,1
6,33,1
7,88,1
8,195,4
9,115,4
10,57,4
11,46,4
12,79,4
13,71,4
14,62,4
15,62,4
16,89,2
17,190,2
18,169,2
19,132,2
20,89,2
21,43,2
22,42,2
23,19,2
0,11,1
1,4,1
2,2,1
4,1,1
5,4,1
6,36,1
7,95,1
8,219,4
9,122,4
10,45,4
11,59,4
12,84,4
13,67,4
14,70,4
15,62,4
16,86,2
17,172,2
18,163,2
19,112,2
20,69,2
21,48,2
22,52,2
23,23,2
0,17,1
1,7,1
2,1,1
4,1,1
5,5,1
6,34,1
7,84,1
8,210,4
9,134,4
10,63,4
11,67,4
12,59,4
13,73,4
14,50,4
15,72,4
16,87,2
17,187,2
18,123,2
19,95,2
20,51,2
21,39,2
22,36,2
23,15,2
0,25,1
1,16,1
2,16,1
3,7,1
4,1,1
5,5,1
6,2,1
7,9,1
8,15,1
9,20,1
10,61,4
11,62,4
12,98,4
13,102,4
14,95,4
15,74,4
16,76,2
17,69,2
18,55,2
19,30,2
20,28,2
21,37,2
22,34,2
23,22,2
0,25,1
1,12,1
2,11,1
3,4,1
4,1,1
5,1,1
6,1,1
7,6,1
8,10,1
9,19,1
10,49,4
11,49,4
12,83,4
13,75,4
14,72,4
15,82,4
16,92,2
17,62,2
18,48,2
19,41,2
20,38,2
21,20,2
22,15,2
23,6,2
0,5,1
1,1,1
2,3,1
3,1,1
4,3,1
5,3,1
6,31,1
7,77,1
8,188,4
9,94,4
10,31,4
11,30,4
12,52,4
13,54,4
14,47,4
15,45,4
16,74,2
17,178,2
18,155,2
19,95,2
20,74,2
21,38,2
22,24,2
23,18,2
0,12,1
1,3,1
2,3,1
5,6,1
6,27,1
7,99,1
8,217,4
9,130,4
10,54,4
11,35,4
12,57,4
13,52,4
14,63,4
15,47,4
16,76,2
17,136,2
18,95,2
19,51,2
20,32,2
21,20,2
22,29,2
23,19,2
0,7,1
1,6,1
2,1,1
5,5,1
6,16,1
7,54,1
8,128,4
9,81,4
10,39,4
11,35,4
12,55,4
13,49,4
14,44,4
15,49,4
16,68,2
17,139,2
18,137,2
19,83,2
20,56,2
21,57,2
22,33,2
23,20,2
0,7,1
1,2,1
2,2,1
3,3,1
4,4,1
5,3,1
6,28,1
7,72,1
8,202,4
9,139,4
10,38,4
11,37,4
12,52,4
13,83,4
14,42,4
15,60,4
16,78,2
17,162,2
18,144,2
19,99,2
20,64,2
21,40,2
22,30,2
23,15,2
0,14,1
1,5,1
2,1,1
3,1,1
5,8,1
6,17,1
7,70,1
8,158,4
9,117,4
10,44,4
11,53,4
12,61,4
13,77,4
14,64,4
15,68,4
16,90,2
17,159,2
18,139,2
19,92,2
20,68,2
21,52,2
22,36,2
23,27,2
0,28,1
1,20,1
2,12,1
3,8,1
4,5,1
5,1,1
6,3,1
7,10,1
8,23,1
9,33,4
10,59,4
11,72,4
12,89,4
13,101,4
14,118,4
15,129,4
16,128,2
17,83,2
18,84,2
19,74,2
20,41,2
21,57,2
22,26,2
23,44,2
0,39,1
1,23,1
2,16,1
3,15,1
4,1,1
5,2,1
6,1,1
7,3,1
8,18,1
9,32,4
10,79,4
11,93,4
12,104,4
13,118,4
14,91,4
15,113,4
16,99,2
17,105,2
18,67,2
19,61,2
20,57,2
21,28,2
22,21,2
23,18,2
0,17,1
1,16,1
2,8,1
3,2,1
4,3,1
5,1,1
6,5,1
7,13,1
8,33,1
9,47,4
10,57,4
11,64,4
12,80,4
13,93,4
14,86,4
15,93,4
16,82,2
17,71,2
18,92,2
19,60,2
20,33,2
21,27,2
22,13,2
23,4,2
12,3,4
13,22,4
14,28,4
15,35,4
16,61,2
17,125,2
18,133,2
19,99,2
20,83,2
21,41,2
22,33,2
23,20,2
0,3,1
1,7,1
2,3,1
4,2,1
5,7,1
6,32,1
7,90,1
8,197,4
9,109,4
10,47,4
11,52,4
12,70,4
13,78,4
14,75,4
15,82,4
16,104,2
17,197,2
18,161,2
19,112,2
20,76,2
21,59,2
22,59,2
23,28,2
0,13,1
1,5,1
2,2,1
3,1,1
4,1,1
5,6,1
6,35,1
7,101,1
8,249,4
9,143,4
10,57,4
11,68,4
12,84,4
13,98,4
14,81,4
15,70,4
16,91,2
17,215,2
18,185,2
19,152,2
20,126,2
21,57,2
22,56,2
23,31,2
0,21,1
1,6,1
2,2,1
3,1,1
4,1,1
5,5,1
6,27,1
7,68,1
8,217,4
9,166,4
10,63,4
11,59,4
12,78,4
13,73,4
14,62,4
15,65,4
16,97,2
17,161,2
18,120,2
19,96,2
20,53,2
21,41,2
22,34,2
23,27,2
0,13,1
1,12,1
2,11,1
3,7,1
4,3,1
6,2,1
7,8,1
8,27,1
9,40,4
10,53,4
11,63,4
12,70,4
13,84,4
14,75,4
15,103,4
16,83,2
17,67,2
18,54,2
19,59,2
20,45,2
21,39,2
22,30,2
23,33,2
0,22,1
1,13,1
2,18,1
3,5,1
5,3,1
6,1,1
7,2,1
8,19,1
9,28,4
10,58,4
11,99,4
12,116,4
13,87,4
14,110,4
15,77,4
16,65,2
17,55,2
18,49,2
19,50,2
20,35,2
21,25,2
22,28,2
23,21,2
0,7,1
1,1,1
3,1,1
4,1,1
5,5,1
6,15,1
7,84,1
8,177,4
9,102,4
10,40,4
11,46,4
12,63,4
13,60,4
14,45,4
15,57,4
16,70,2
17,184,2
18,153,2
19,106,2
20,81,2
21,59,2
22,35,2
23,24,2
0,9,1
1,5,1
2,2,1
4,1,1
5,9,1
6,36,1
7,108,4
8,238,4
9,144,4
10,55,4
11,61,4
12,106,4
13,93,4
14,68,4
15,84,4
16,116,2
17,222,2
18,225,2
19,146,2
20,119,2
21,45,2
22,53,2
23,40,2
0,17,1
1,5,1
2,10,1
5,1,1
6,8,1
7,30,1
8,72,4
9,58,4
10,28,4
11,41,4
12,48,4
13,47,4
14,36,4
15,43,4
16,36,2
17,26,2
16,24,2
17,84,2
18,104,2
19,79,2
20,59,2
21,38,2
22,27,2
23,16,2
0,9,1
1,3,1
2,2,1
3,1,1
5,4,1
6,16,1
7,60,1
8,157,4
9,101,4
10,49,4
11,30,4
12,29,4
13,31,4
14,38,4
15,41,4
16,80,2
17,149,2
18,109,2
19,89,2
20,62,2
21,58,2
22,26,2
23,23,2
0,28,1
1,20,1
2,15,1
3,8,1
4,3,1
6,2,1
7,5,1
8,34,1
9,34,4
10,55,4
11,64,4
12,78,4
13,65,4
14,99,4
15,120,4
16,107,2
17,91,2
18,68,2
19,58,2
20,43,2
21,36,2
22,32,2
23,33,2
0,33,1
1,29,1
2,11,1
3,8,1
4,1,1
5,3,1
7,3,1
8,12,1
9,38,4
10,64,4
11,59,4
12,97,4
13,84,4
14,122,4
15,109,4
16,123,2
17,77,2
18,65,2
19,55,2
20,33,2
21,28,2
22,21,2
23,21,2
0,7,1
1,7,1
2,1,1
3,2,1
4,2,1
5,8,1
6,37,1
7,72,1
8,185,4
9,112,4
10,69,4
11,48,4
12,68,4
13,54,4
14,86,4
15,44,4
16,86,2
17,161,2
18,156,2
19,111,2
20,78,2
21,56,2
22,34,2
23,17,2
0,8,1
1,3,1
2,2,1
3,2,1
5,3,1
6,22,1
7,52,1
8,135,4
9,116,4
10,47,4
11,51,4
12,55,4
13,52,4
14,54,4
15,52,4
16,64,2
17,176,2
18,168,2
19,108,2
20,74,2
21,64,2
22,36,2
23,16,2
0,2,1
1,3,1
2,4,1
3,1,1
4,1,1
5,3,1
6,18,1
7,49,1
8,155,4
9,123,4
10,61,4
11,52,4
12,64,4
13,75,4
14,63,4
15,76,4
16,103,2
17,190,2
18,182,2
19,91,2
20,75,2
21,63,2
22,40,2
23,32,2
0,12,1
1,5,1
2,2,1
3,1,1
5,2,1
6,39,1
7,87,1
8,188,4
9,133,4
10,52,4
11,64,4
12,69,4
13,51,4
14,47,4
15,60,4
16,78,2
17,175,2
18,147,2
19,96,2
20,109,2
21,54,2
22,41,2
23,38,2
0,13,1
1,7,1
2,1,1
3,1,1
5,7,1
6,28,1
7,87,1
8,220,4
9,127,4
10,51,4
11,64,4
12,86,4
13,82,4
14,91,4
15,90,4
16,99,2
17,205,2
18,155,2
19,103,2
20,71,2
21,43,2
22,46,2
23,31,2
0,39,1
1,18,1
2,17,1
3,11,1
4,8,1
5,9,1
6,4,1
7,4,1
8,10,1
9,20,1
10,34,4
11,47,4
12,52,4
13,72,4
14,55,4
15,60,4
16,71,2
17,78,2
18,83,2
19,84,2
20,69,2
21,56,2
22,45,2
23,59,2
0,39,1
1,44,1
2,20,1
3,13,1
4,2,1
5,1,1
6,1,1
7,8,1
8,23,1
9,45,4
10,89,4
11,117,4
12,174,4
13,182,4
14,161,4
15,182,4
16,157,2
17,121,2
18,78,2
19,21,2
20,26,2
21,27,2
22,62,2
23,30,2
0,15,1
1,5,1
2,3,1
3,1,1
4,2,1
5,10,1
6,30,1
7,95,1
8,230,4
9,118,4
10,55,4
11,47,4
12,66,4
13,64,4
14,60,4
15,50,4
16,114,2
17,216,2
18,175,2
19,128,2
20,88,2
21,78,2
22,37,2
23,25,2
0,10,1
1,4,1
2,2,1
3,1,1
4,3,1
5,2,1
6,39,1
7,100,1
8,243,4
9,135,4
10,48,4
11,50,4
12,65,4
13,50,4
14,64,4
15,51,4
16,83,2
17,176,2
18,152,2
19,101,2
20,56,2
21,54,2
22,29,2
23,12,2
0,17,1
1,7,1
2,3,1
3,2,1
5,7,1
6,43,1
7,99,1
8,199,4
9,123,4
10,59,4
11,41,4
12,61,4
13,69,4
14,58,4
15,64,4
16,79,2
17,166,2
18,170,2
19,88,2
20,84,2
21,83,2
22,46,2
23,37,2
0,16,1
1,7,1
2,3,1
4,1,1
5,6,1
6,26,1
7,99,1
8,178,4
9,122,4
10,35,4
11,45,4
12,69,4
13,62,4
14,48,4
15,50,4
16,80,2
17,165,2
18,160,2
19,112,2
20,97,2
21,72,2
22,51,2
23,34,2
0,14,1
1,7,1
2,3,1
5,4,1
6,24,1
7,74,1
8,216,4
9,140,4
10,44,4
11,64,4
12,71,4
13,110,4
14,84,4
15,74,4
16,125,2
17,211,2
18,174,2
19,101,2
20,63,2
21,47,2
22,43,2
23,53,2
0,30,1
1,24,1
2,15,1
3,10,1
4,4,1
5,1,1
6,2,1
7,11,1
8,30,1
9,43,4
10,84,4
11,114,4
12,120,4
13,135,4
14,120,4
15,174,4
16,145,2
17,137,2
18,64,2
19,41,2
20,40,2
21,51,2
22,45,2
23,32,2
0,39,1
1,24,1
2,20,1
3,12,1
4,2,1
6,5,1
7,3,1
8,12,1
9,47,4
10,105,4
11,112,4
12,152,4
13,154,4
14,161,4
15,162,4
16,134,2
17,125,2
18,95,2
19,61,2
20,47,2
21,51,2
22,36,2
23,30,2
0,11,1
1,7,1
2,2,1
3,2,1
4,2,1
5,3,1
6,26,1
7,98,1
8,256,4
9,130,4
10,55,4
11,53,4
12,126,4
13,120,4
14,90,4
15,90,4
16,118,2
17,243,0
18,205,2
19,98,2
20,70,2
21,43,2
22,45,2
23,20,2
0,19,1
1,5,1
2,3,1
4,1,1
5,4,1
6,30,1
7,105,1
8,223,4
9,110,4
10,52,4
11,57,4
12,71,4
13,82,4
14,79,4
15,85,4
16,98,2
17,206,2
18,212,2
19,145,2
20,101,2
21,66,2
22,41,2
23,20,2
0,15,1
1,9,1
3,1,1
4,1,1
5,5,1
6,33,1
7,108,4
8,230,4
9,124,4
10,69,4
11,66,4
12,86,4
13,93,4
14,82,4
15,117,4
16,122,2
17,255,0
18,222,2
19,161,2
20,118,2
21,92,2
22,73,2
23,33,2
0,17,1
1,6,1
2,6,1
3,4,1
4,4,1
5,12,1
6,47,1
7,126,4
8,285,4
9,179,4
10,88,4
11,90,4
12,101,4
13,123,4
14,81,4
15,106,4
16,146,2
17,274,0
18,222,2
19,175,2
20,139,2
21,124,2
22,76,2
23,44,2
0,32,1
1,8,1
2,7,1
3,8,1
4,1,1
5,7,1
6,50,1
7,116,4
8,272,4
9,169,4
10,95,4
11,113,4
12,185,4
13,176,4
14,191,4
15,172,4
16,232,0
17,327,0
18,224,2
19,162,2
20,124,2
21,72,2
22,107,2
23,77,2
0,29,1
1,31,1
2,17,1
3,7,1
4,3,1
5,3,1
6,6,1
7,22,1
8,45,1
9,55,4
10,106,4
11,123,4
12,119,4
13,155,4
14,196,4
15,171,4
16,120,2
17,127,2
18,88,2
19,59,2
20,47,2
21,33,2
22,44,2
23,29,2
0,17,1
1,16,1
2,17,1
3,18,1
4,1,1
6,2,1
7,2,1
8,24,1
9,55,4
10,104,4
11,161,4
12,182,4
13,198,4
14,212,4
15,168,4
16,147,2
17,146,2
18,101,2
19,42,2
20,42,2
21,56,2
22,47,2
23,54,2
0,37,1
1,13,1
2,4,1
3,5,1
4,1,1
5,3,1
6,8,1
7,19,1
8,63,1
9,57,4
10,81,4
11,90,4
12,93,4
13,103,4
14,116,4
15,87,4
16,56,2
17,80,2
18,66,2
19,49,2
20,29,2
21,34,2
22,11,2
23,2,2
6,7,1
7,40,1
8,114,4
9,106,4
10,44,4
11,50,4
12,55,4
13,55,4
14,58,4
15,69,4
16,86,2
17,196,2
18,167,2
19,118,2
20,105,2
21,82,2
22,77,2
23,21,2
0,6,1
1,4,1
2,1,1
3,2,1
5,8,1
6,36,1
7,96,1
8,235,4
9,139,4
10,51,4
11,69,4
12,67,4
13,87,4
14,78,4
15,72,4
16,94,2
17,222,2
18,209,2
19,141,2
20,109,2
21,91,2
22,61,2
23,39,2
0,11,1
1,7,1
2,4,1
3,2,1
5,4,1
6,58,1
7,104,1
8,252,4
9,137,4
10,57,4
11,79,4
12,95,4
13,88,4
14,69,4
15,63,4
16,71,2
17,177,2
18,137,2
19,115,2
20,89,2
21,83,2
22,55,2
23,50,2
0,9,1
1,10,1
2,3,1
3,2,1
5,6,1
6,11,1
7,35,1
8,73,4
9,114,4
10,49,4
11,59,4
12,115,4
13,83,4
14,85,4
15,55,4
16,102,2
17,189,2
18,157,2
19,90,2
20,62,2
21,63,2
22,50,2
23,39,2
0,28,1
1,27,1
2,12,1
3,8,1
4,2,1
5,10,1
6,7,1
7,22,1
8,57,1
9,74,4
10,85,4
11,126,4
12,160,4
13,174,4
14,211,4
15,165,4
16,171,4
17,183,2
18,137,2
19,94,2
20,68,2
21,68,2
22,46,2
23,34,2
0,34,1
1,37,1
2,22,1
3,11,1
4,2,1
6,3,1
7,14,1
8,35,1
9,59,4
10,103,4
11,125,4
12,193,4
13,259,4
14,282,0
15,261,0
16,268,0
17,187,2
18,127,2
19,102,2
20,81,2
21,69,2
22,69,2
23,59,2
0,30,1
1,8,1
3,1,1
5,5,1
6,28,1
7,92,1
8,255,4
9,142,4
10,92,4
11,87,4
12,36,4
13,32,4
14,25,4
15,35,4
16,42,2
17,79,2
18,131,2
19,80,2
20,45,2
21,80,2
22,76,2
23,45,2
0,7,1
1,3,1
2,4,1
3,2,1
4,1,1
5,2,1
6,46,1
7,107,4
8,214,4
9,124,4
10,68,4
11,56,4
12,86,4
13,78,4
14,79,4
15,64,4
16,102,2
17,242,0
18,224,2
19,119,2
20,88,2
21,63,2
22,47,2
23,25,2
0,8,1
1,4,1
2,2,1
3,4,1
4,1,1
5,5,1
6,40,1
7,110,4
8,256,4
9,148,4
10,76,4
11,73,4
12,82,4
13,125,4
14,96,4
15,110,4
16,139,2
17,268,0
18,201,2
19,150,2
20,95,2
21,71,2
22,48,2
23,22,2
0,13,1
1,1,1
2,3,1
3,1,1
4,1,1
5,8,1
6,35,1
7,111,4
8,220,4
9,145,4
10,56,4
11,50,4
12,72,4
13,80,4
14,78,4
15,68,4
16,71,2
17,202,2
18,167,2
19,106,2
20,70,2
21,51,2
22,53,2
23,23,2
0,12,1
1,4,1
2,2,1
3,1,1
4,1,1
5,7,1
6,29,1
7,83,1
8,228,4
9,150,4
10,66,4
11,89,4
12,97,4
13,87,4
14,95,4
15,106,4
16,118,2
17,228,2
18,187,2
19,107,2
20,87,2
21,70,2
22,44,2
23,46,2
0,19,1
1,25,1
2,20,1
3,2,1
4,1,1
5,3,1
6,4,1
7,15,1
8,45,1
9,63,4
10,103,4
11,159,4
12,167,4
13,190,4
14,198,4
15,205,4
16,204,4
17,164,2
18,152,2
19,89,2
20,70,2
21,72,2
22,63,2
23,44,2
0,52,1
1,39,1
2,32,1
3,11,1
4,3,1
6,2,1
7,5,1
8,9,1
9,22,1
10,31,4
11,62,4
12,79,4
13,105,4
14,39,4
15,7,4
16,11,2
17,25,2
18,23,2
19,11,2
20,11,2
21,7,2
22,10,2
23,9,2
0,4,1
1,2,1
3,1,1
4,1,1
5,1,1
6,34,1
7,91,1
8,211,4
9,134,4
10,58,4
11,60,4
12,96,4
13,70,4
14,77,4
15,96,4
16,122,2
17,233,2
18,233,2
19,145,2
20,92,2
21,54,2
22,35,2
23,22,2
0,10,1
1,4,1
2,1,1
3,7,1
4,2,1
5,10,1
6,45,1
7,128,4
8,257,4
9,151,4
10,71,4
11,78,4
12,99,4
13,98,4
14,72,4
15,112,4
16,108,2
17,248,0
18,235,2
19,150,2
20,76,2
21,75,2
22,55,2
23,41,2
0,9,1
1,4,1
2,2,1
3,3,1
4,2,1
5,8,1
6,49,1
7,141,4
8,249,4
9,141,4
10,57,4
11,59,4
12,98,4
13,99,4
14,71,4
15,79,4
16,112,2
17,194,2
18,188,2
19,134,2
20,91,2
21,62,2
22,21,2
23,18,2
0,3,1
1,2,1
2,1,1
5,3,1
6,12,1
7,37,1
8,44,1
9,24,1
10,17,4
11,11,4
12,34,4
13,12,4
14,12,4
15,14,4
16,21,2
17,111,2
18,82,2
19,56,2
20,38,2
21,28,2
22,34,2
23,27,2
0,6,1
1,8,1
2,5,1
3,2,1
5,7,1
6,32,1
7,114,4
8,259,4
9,156,4
10,78,4
11,81,4
12,111,4
13,107,4
14,89,4
15,85,4
16,113,2
17,223,2
18,153,2
19,118,2
20,76,2
21,53,2
22,64,2
23,37,2
0,34,1
1,18,1
2,14,1
3,7,1
4,1,1
5,2,1
6,4,1
7,23,1
8,53,1
9,101,4
10,99,4
11,119,4
12,158,4
13,157,4
14,166,4
15,182,4
16,244,0
17,213,2
18,145,2
19,112,2
20,86,2
21,82,2
22,63,2
23,49,2
0,38,1
1,33,1
3,23,1
4,13,1
5,3,1
6,2,1
7,10,1
8,34,1
9,44,4
10,122,4
11,181,4
12,194,4
13,221,4
14,250,4
15,304,0
16,256,0
17,241,0
18,147,2
19,101,2
20,77,2
21,58,2
22,37,2
23,28,2
0,11,1
1,1,1
2,1,1
3,3,1
5,8,1
6,28,1
7,88,1
8,241,4
9,140,4
10,84,4
11,71,4
12,94,4
13,75,4
14,79,4
15,101,4
16,107,2
17,271,0
18,235,2
19,150,2
20,129,2
21,63,2
22,47,2
23,19,2
0,14,1
1,10,1
2,3,1
4,2,1
5,11,1
6,35,1
7,119,4
8,282,4
9,157,4
10,78,4
11,78,4
12,102,4
13,97,4
14,88,4
15,90,4
16,114,2
17,217,2
18,225,2
19,152,2
20,88,2
21,55,2
22,21,2
23,18,2
0,8,1
1,3,1
3,3,1
4,1,1
5,3,1
6,31,1
7,111,4
8,253,4
9,154,4
10,68,4
11,75,4
12,88,4
13,99,4
14,100,4
15,101,4
16,151,2
17,253,0
18,237,2
19,168,2
20,121,2
21,78,2
22,59,2
23,27,2
0,23,1
1,12,1
2,8,1
3,2,1
4,3,1
5,13,1
6,51,1
7,140,4
8,299,4
9,185,4
10,78,4
11,86,4
12,105,4
13,111,4
14,119,4
15,125,4
16,142,2
17,313,0
18,310,0
19,207,2
20,137,2
21,138,2
22,87,2
23,50,2
0,29,1
1,16,1
2,14,1
3,5,1
5,10,1
6,36,1
7,123,4
8,280,4
9,210,4
10,117,4
11,159,4
12,195,4
13,175,4
14,174,4
15,173,4
16,204,4
17,332,0
18,331,0
19,190,2
20,149,2
21,113,2
22,118,2
23,86,2
0,76,1
1,51,1
2,25,1
3,8,1
4,3,1
5,2,1
6,10,1
7,13,1
8,48,1
9,76,4
10,140,4
11,196,4
12,267,4
13,301,0
14,312,0
15,313,0
16,304,0
17,278,0
18,217,2
19,154,2
20,108,2
21,93,2
22,72,2
23,50,2
0,40,1
1,24,1
2,30,1
3,12,1
4,3,1
5,9,1
6,4,1
7,14,1
8,37,1
9,78,4
10,136,4
11,203,4
12,228,4
13,203,4
14,279,0
15,308,0
16,224,4
17,226,2
18,156,2
19,79,2
20,67,2
21,49,2
22,38,2
23,24,2
0,13,1
1,7,1
2,6,1
3,1,1
5,2,1
6,32,1
7,18,1
8,98,4
9,127,4
10,62,4
11,79,4
12,81,4
13,112,4
14,101,4
15,107,4
16,141,2
17,272,0
18,276,0
19,221,2
20,122,2
21,91,2
22,78,2
23,30,2
0,11,1
1,19,1
2,1,1
3,5,1
4,1,1
5,12,1
6,60,1
7,136,4
8,336,0
9,178,4
10,124,4
11,86,4
12,121,4
13,106,4
14,101,4
15,134,4
16,165,4
17,307,0
18,312,0
19,164,2
20,135,2
21,87,2
22,70,2
23,32,2
0,11,1
1,7,1
2,2,1
3,3,1
5,10,1
6,44,1
7,118,4
8,261,4
9,182,4
10,75,4
11,71,4
12,87,4
13,108,4
14,84,4
15,85,4
16,136,2
17,273,0
18,238,2
19,159,2
20,75,2
21,22,2
22,44,2
23,26,2
0,11,1
1,3,1
2,6,1
3,1,1
4,1,1
5,9,1
6,41,1
7,108,4
8,124,4
9,97,4
10,65,4
11,71,4
12,94,4
13,101,4
14,83,4
15,90,4
16,84,2
17,233,2
18,214,2
19,138,2
20,118,2
21,78,2
22,62,2
23,33,2
0,18,1
1,5,1
2,5,1
3,2,1
4,5,1
5,9,1
6,32,1
7,104,1
8,237,4
9,166,4
10,68,4
11,75,4
12,145,4
13,138,4
14,133,4
15,122,4
16,150,2
17,225,2
18,198,2
19,135,2
20,81,2
21,75,2
22,43,2
23,39,2
0,28,1
1,27,1
2,25,1
3,9,1
4,6,1
5,8,1
6,10,1
7,41,1
8,66,1
9,100,4
10,125,4
11,168,4
12,227,4
13,239,4
14,216,4
15,219,4
16,248,0
17,203,2
18,153,2
19,138,2
20,85,2
21,51,2
22,63,2
23,41,2
0,31,1
1,20,1
2,21,1
3,14,1
4,6,1
6,2,1
7,7,1
8,14,1
9,54,4
10,86,4
11,108,4
12,163,4
13,147,4
14,164,4
15,172,4
16,143,2
17,159,2
18,137,2
19,103,2
20,57,2
21,36,2
22,30,2
23,19,2
0,12,1
1,6,1
2,5,1
3,2,1
5,8,1
6,40,1
7,110,4
8,254,4
9,121,4
10,69,4
11,57,4
12,79,4
13,83,4
14,80,4
15,72,4
16,132,2
17,252,0
18,241,2
19,173,2
20,112,2
21,61,2
22,40,2
23,19,2
0,16,1
1,4,1
2,3,1
3,3,1
4,2,1
5,8,1
6,50,1
7,133,4
8,287,4
9,172,4
10,59,4
11,81,4
12,106,4
13,104,4
14,86,4
15,87,4
16,136,2
17,299,0
18,294,0
19,190,2
20,132,2
21,83,2
22,55,2
23,35,2
0,11,1
1,10,1
2,4,1
3,4,1
4,1,1
5,7,1
6,48,1
7,136,4
8,263,4
9,154,4
10,64,4
11,90,4
12,80,4
13,98,4
14,80,4
15,70,4
16,36,2
17,116,2
18,85,2
19,72,2
20,44,2
21,27,2
22,24,2
23,12,2
0,3,1
1,5,1
2,5,1
3,1,1
4,2,1
5,8,1
6,36,1
7,92,1
8,192,4
9,132,4
10,69,4
11,58,4
12,90,4
13,68,4
14,76,4
15,65,4
16,85,2
17,168,2
18,177,2
19,130,2
20,85,2
21,60,2
22,51,2
23,27,2
0,6,1
1,4,1
2,7,1
3,4,1
4,3,1
5,12,1
6,28,1
7,95,1
8,206,4
9,173,4
10,75,4
11,89,4
12,95,4
13,110,4
14,87,4
15,111,4
16,167,4
17,281,0
18,241,2
19,136,2
20,77,2
21,93,2
22,74,2
23,53,2
0,32,1
1,32,1
2,21,1
3,9,1
4,5,1
5,5,1
6,12,1
7,18,1
8,55,1
9,87,4
10,154,4
11,198,4
12,184,4
13,137,4
14,190,4
15,136,4
16,196,4
17,184,2
18,179,2
19,148,2
20,85,2
21,77,2
22,55,2
23,53,2
0,39,1
1,34,1
2,24,1
3,11,1
4,3,1
5,5,1
6,33,1
7,33,1
8,62,1
9,142,4
10,215,4
11,243,4
12,313,0
13,367,0
14,349,0
15,292,0
16,303,0
17,274,0
18,172,2
19,144,2
20,79,2
21,45,2
22,36,2
23,31,2
0,6,1
1,11,1
2,2,1
3,1,1
4,2,1
5,7,1
6,46,1
7,157,4
8,339,0
9,158,4
10,90,4
11,124,4
12,157,4
13,139,4
14,123,4
15,143,4
16,189,4
17,366,0
18,386,0
19,278,0
20,173,2
21,95,2
22,75,2
23,48,2
0,22,1
1,15,1
2,5,1
3,4,1
4,2,1
5,5,1
6,38,1
7,134,4
8,157,4
9,46,4
10,28,4
11,19,4
12,38,4
13,56,4
14,76,4
15,68,4
16,130,2
17,273,0
18,267,0
19,160,2
20,91,2
21,89,2
22,46,2
23,26,2
0,15,1
1,2,1
2,5,1
3,4,1
4,1,1
5,13,1
6,56,1
7,133,4
8,325,0
9,165,4
10,69,4
11,93,4
12,134,4
13,112,4
14,115,4
15,117,4
16,169,4
17,356,0
18,325,0
19,232,2
20,141,2
21,102,2
22,84,2
23,40,2
0,20,1
1,13,1
2,7,1
3,3,1
4,1,1
5,6,1
6,64,1
7,160,4
8,314,4
9,170,4
10,95,4
11,122,4
12,153,4
13,135,4
14,157,4
15,160,4
16,213,4
17,343,0
18,333,0
19,226,2
20,203,2
21,108,2
22,81,2
23,54,2
0,25,1
1,9,1
2,13,1
3,1,1
4,1,1
5,9,1
6,35,1
7,113,4
8,221,4
9,185,4
10,73,4
11,98,4
12,80,4
13,42,4
14,15,4
15,25,4
16,60,2
17,148,2
18,62,2
19,53,2
20,63,2
21,54,2
22,51,2
23,35,2
0,31,1
1,20,1
2,17,1
3,14,1
4,3,1
5,5,1
6,13,1
7,21,1
8,54,1
9,98,4
10,133,4
11,142,4
12,202,4
13,222,4
14,212,4
15,201,4
16,191,4
17,257,0
18,177,2
19,130,2
20,93,2
21,75,2
22,87,2
23,57,2
0,53,1
1,37,1
2,36,1
3,16,1
4,5,1
5,4,1
6,4,1
7,10,1
8,55,1
9,81,4
10,150,4
11,202,4
12,230,4
13,263,4
14,281,0
15,297,0
16,288,0
17,236,2
18,240,2
19,131,2
20,92,2
21,95,2
22,57,2
23,32,2
0,23,1
1,4,1
2,9,1
4,1,1
5,13,1
6,61,1
7,176,4
8,314,4
9,165,4
10,96,4
11,104,4
12,134,4
13,139,4
14,145,4
15,141,4
16,235,0
17,452,0
18,383,0
19,284,0
20,166,2
21,158,2
22,91,2
23,54,2
0,24,1
1,13,1
2,14,1
3,1,1
4,6,1
5,16,1
6,58,1
7,189,4
8,226,4
9,54,4
10,40,4
11,49,4
12,92,4
13,106,4
14,44,4
15,78,4
16,99,2
17,291,0
18,224,2
19,130,2
20,103,2
21,84,2
22,54,2
23,39,2
0,15,1
1,1,1
2,2,1
3,2,1
4,3,1
5,5,1
6,34,1
7,70,1
8,164,4
9,65,4
10,46,4
11,61,4
12,95,4
13,61,4
14,106,4
15,81,4
16,142,2
17,309,0
18,321,0
19,175,2
20,126,2
21,117,2
22,99,2
23,62,2
0,21,1
1,10,1
2,3,1
3,2,1
4,9,1
5,14,1
6,70,1
7,193,4
8,337,0
9,170,4
10,89,4
11,115,4
12,145,4
13,159,4
14,137,4
15,142,4
16,202,4
17,388,0
18,337,0
19,259,2
20,169,2
21,145,2
22,104,2
23,47,2
0,27,1
1,15,1
2,18,1
3,3,1
4,3,1
5,13,1
6,47,1
7,149,4
8,300,4
9,178,4
10,122,4
11,136,4
12,200,4
13,180,4
14,163,4
15,162,4
16,243,0
17,331,0
18,263,0
19,209,2
20,118,2
21,102,2
22,80,2
23,64,2
0,43,1
1,33,1
2,24,1
3,14,1
4,5,1
5,4,1
6,10,1
7,21,1
8,45,1
9,29,4
10,22,4
11,31,4
12,32,4
13,58,4
14,63,4
15,78,4
16,33,2
17,15,2
18,38,2
19,71,2
20,53,2
21,14,2
22,24,2
23,35,2
0,33,1
1,31,1
2,29,1
3,25,1
4,7,1
5,3,1
6,8,1
7,16,1
8,43,1
9,102,4
10,211,4
11,304,0
12,354,0
13,343,0
14,361,0
15,388,0
16,343,0
17,306,0
18,277,0
19,210,2
20,141,2
21,83,2
22,70,2
23,56,2
0,39,1
1,19,1
2,16,1
3,7,1
4,6,1
5,16,1
6,54,1
7,168,4
8,297,4
9,169,4
10,109,4
11,123,4
12,184,4
13,169,4
14,144,4
15,176,4
16,205,4
17,428,0
18,362,0
19,286,0
20,165,2
21,151,2
22,90,2
23,46,2
0,25,1
1,7,1
2,13,1
3,3,1
4,5,1
5,18,1
6,65,1
7,188,4
8,351,0
9,162,4
10,75,4
11,72,4
12,103,4
13,129,4
14,107,4
15,127,4
16,192,4
17,411,0
18,421,0
19,276,0
20,168,2
21,122,2
22,112,2
23,52,2
0,33,1
1,7,1
2,2,1
3,2,1
4,9,1
5,15,1
6,64,1
7,237,4
8,396,0
9,197,4
10,131,4
11,118,4
12,145,4
13,177,4
14,148,4
15,145,4
16,255,0
17,432,0
18,441,0
19,383,0
20,225,2
21,172,2
22,117,2
23,93,2
0,44,1
1,26,1
2,13,1
3,7,1
4,6,1
5,14,1
6,75,1
7,198,4
8,365,0
9,196,4
10,98,4
11,133,4
12,199,4
13,177,4
14,228,4
15,235,4
16,294,0
17,481,0
18,452,0
19,324,0
20,204,2
21,184,2
22,137,2
23,99,2
0,33,1
1,24,1
2,9,1
3,2,1
4,3,1
5,16,1
6,49,1
7,180,4
8,346,0
9,195,4
10,136,4
11,106,4
12,80,4
13,40,4
14,36,4
15,75,4
16,62,2
17,69,2
18,51,2
19,55,2
20,47,2
21,28,2
22,24,2
23,17,2
0,18,1
1,16,1
2,17,1
3,4,1
4,5,1
5,7,1
6,11,1
7,19,1
8,47,1
9,68,4
10,129,4
11,232,4
12,291,0
13,312,0
14,391,0
15,397,0
16,426,0
17,383,0
18,376,0
19,283,0
20,183,2
21,135,2
22,169,2
23,117,2
0,96,1
1,54,1
2,72,1
3,24,1
4,5,1
5,12,1
6,13,1
7,27,1
8,80,4
9,177,4
10,289,4
11,317,0
12,388,0
13,441,0
14,420,0
15,369,0
16,359,0
17,331,0
18,270,0
19,194,2
20,105,2
21,61,2
22,45,2
23,42,2
0,12,1
1,10,1
2,10,1
3,10,1
4,5,1
5,17,1
6,66,1
7,196,4
8,353,0
9,174,4
10,125,4
11,147,4
12,188,4
13,203,4
14,146,4
15,175,4
16,239,0
17,521,3
18,499,0
19,382,0
20,237,2
21,190,2
22,106,2
23,62,2
0,27,1
1,21,1
2,26,1
3,21,1
4,6,1
5,16,1
6,80,1
7,270,4
8,449,0
9,199,4
10,120,4
11,172,4
12,186,4
13,176,4
14,155,4
15,153,4
16,291,0
17,521,3
18,528,3
19,328,0
20,234,2
21,195,2
22,148,2
23,78,2
0,27,1
1,17,1
2,5,1
3,7,1
4,6,1
5,17,1
6,84,1
7,246,4
8,444,0
9,181,4
10,92,4
11,156,4
12,173,4
13,150,4
14,148,4
15,138,4
16,218,4
17,521,3
18,412,0
19,260,2
20,218,2
21,145,2
22,129,2
23,78,2
0,54,1
1,20,1
2,21,1
3,3,1
4,9,1
5,13,1
6,86,1
7,215,4
8,398,0
9,183,4
10,54,4
11,84,4
12,107,4
13,121,4
14,142,4
15,163,4
16,270,0
17,455,0
18,530,3
19,404,0
20,269,2
21,194,2
22,153,2
23,110,2
0,48,1
1,31,1
2,10,1
3,5,1
4,6,1
5,25,1
6,71,1
7,240,4
8,421,0
9,230,4
10,156,4
11,157,4
12,223,4
13,308,0
14,248,4
15,252,0
16,299,0
17,508,3
18,439,0
19,270,2
20,194,2
21,195,2
22,146,2
23,113,2
0,106,1
1,74,1
2,65,1
3,17,1
4,7,1
5,7,1
6,21,1
7,48,1
8,91,4
9,156,4
10,279,4
11,321,0
12,416,0
13,455,0
14,452,0
15,499,0
16,464,0
17,407,0
18,371,0
19,387,0
20,224,2
21,177,2
22,143,2
23,125,2
0,96,1
1,59,1
2,50,1
3,23,1
4,17,1
5,10,1
6,13,1
7,33,1
8,59,1
9,141,4
10,264,4
11,250,4
12,281,0
13,332,0
14,238,4
15,266,0
16,214,4
17,196,2
18,159,2
19,178,2
20,121,2
21,105,2
22,100,2
23,146,2
0,177,1
1,114,1
2,35,1
3,16,1
4,17,1
5,20,1
6,62,1
7,209,4
8,371,0
9,172,4
10,108,4
11,130,4
12,187,4
13,170,4
14,181,4
15,155,4
16,269,0
17,537,3
18,518,3
19,314,0
20,218,2
21,232,2
22,125,2
23,64,2
0,16,1
1,14,1
2,5,1
3,2,1
4,4,1
5,14,1
6,109,1
7,265,4
8,459,0
9,186,4
10,127,4
11,140,4
12,217,4
13,194,4
14,158,4
15,154,4
16,271,0
17,517,3
18,544,3
19,365,0
20,290,2
21,225,2
22,113,2
23,62,2
0,27,1
1,7,1
2,4,1
3,1,1
4,3,1
5,9,1
6,21,1
7,52,1
8,79,4
9,40,4
10,31,4
11,72,4
12,124,4
13,143,4
14,107,4
15,129,4
16,195,4
17,410,0
18,396,0
19,296,0
20,191,2
21,150,2
22,89,2
23,57,2
0,27,1
1,10,1
2,5,1
3,4,1
4,7,1
5,30,1
6,89,1
7,271,4
8,440,0
9,184,4
10,128,4
11,148,4
12,196,4
13,192,4
14,154,4
15,147,4
16,269,0
17,533,3
18,520,3
19,361,0
20,258,2
21,180,2
22,165,2
23,115,2
0,56,1
1,32,1
2,16,1
3,9,1
4,1,1
5,16,1
6,82,1
7,222,4
8,450,0
9,188,4
10,127,4
11,165,4
12,246,4
13,253,4
14,213,4
15,260,0
16,344,0
17,553,3
18,470,0
19,292,0
20,190,2
21,152,2
22,151,2
23,120,2
0,86,1
1,58,1
2,52,1
3,18,1
4,5,1
5,7,1
6,13,1
7,40,1
8,115,4
9,218,4
10,298,4
11,347,0
12,373,0
13,436,0
14,378,0
15,378,0
16,342,0
17,354,0
18,289,0
19,267,2
20,219,2
21,182,2
22,120,2
23,119,2
0,100,1
1,64,1
2,59,1
3,31,1
4,10,1
5,5,1
6,6,1
7,23,1
8,86,4
9,160,4
10,244,4
11,340,0
12,382,0
13,390,0
14,366,0
15,358,0
16,385,0
17,351,0
18,268,0
19,239,2
20,174,2
21,127,2
22,115,2
23,50,2
0,53,1
1,33,1
2,8,1
3,7,1
4,4,1
5,23,1
6,89,1
7,237,4
8,374,0
9,178,4
10,119,4
11,125,4
12,195,4
13,174,4
14,162,4
15,199,4
16,304,0
17,598,3
18,524,3
19,384,0
20,239,2
21,156,2
22,116,2
23,61,2
0,18,1
1,15,1
2,5,1
3,4,1
4,2,1
5,29,1
6,112,1
7,314,4
8,425,0
9,205,4
10,127,4
11,125,4
12,217,4
13,202,4
14,176,4
15,180,4
16,327,0
17,611,3
18,550,3
19,434,0
20,291,2
21,203,2
22,150,2
23,81,2
0,38,1
1,20,1
2,10,1
3,3,1
4,2,1
5,20,1
6,99,1
7,318,4
8,442,0
9,203,4
10,154,4
11,141,4
12,226,4
13,193,4
14,177,4
15,179,4
16,289,0
17,259,0
18,274,0
19,401,0
20,273,2
21,234,2
22,146,2
23,81,2
0,44,1
1,17,1
2,15,1
3,5,1
4,6,1
5,29,1
6,112,1
7,297,4
8,421,0
9,212,4
10,147,4
11,179,4
12,207,4
13,218,4
14,191,4
15,217,4
16,288,0
17,594,3
18,527,3
19,364,0
20,276,2
21,223,2
22,172,2
23,103,2
0,52,1
1,20,1
2,11,1
3,4,1
4,5,1
5,25,1
6,82,1
7,157,4
8,387,0
9,233,4
10,130,4
11,146,4
12,223,4
13,226,4
14,190,4
15,198,4
16,300,0
17,491,0
18,398,0
19,270,2
20,152,2
21,154,2
22,132,2
23,119,2
0,102,1
1,82,1
2,52,1
3,35,1
4,5,1
5,14,1
6,11,1
7,32,1
8,88,4
9,100,4
10,167,4
11,279,4
12,279,0
13,248,4
14,216,4
15,294,0
16,295,0
17,272,0
18,304,0
19,248,2
20,157,2
21,59,2
22,26,2
23,44,2
0,39,1
1,47,1
2,50,1
3,32,1
4,13,1
5,14,1
6,17,1
7,42,1
8,70,4
9,134,4
10,226,4
11,322,0
12,367,0
13,456,0
14,437,0
15,459,0
16,440,0
17,392,0
18,237,2
19,231,2
20,191,2
21,151,2
22,117,2
23,69,2
0,38,1
1,14,1
2,13,1
3,4,1
4,6,1
5,21,1
6,104,1
7,272,4
8,394,0
9,194,4
10,112,4
11,185,4
12,209,4
13,214,4
14,193,4
15,165,4
16,226,4
17,274,0
18,453,0
19,308,0
20,198,2
21,177,2
22,127,2
23,57,2
0,31,1
1,13,1
2,8,1
3,4,1
4,4,1
5,22,1
6,49,1
7,151,4
8,347,0
9,207,4
10,104,4
11,130,4
12,153,4
13,172,4
14,184,4
15,210,4
16,290,0
17,604,3
18,480,0
19,349,0
20,283,2
21,174,2
22,98,2
23,56,2
0,23,1
1,12,1
2,6,1
3,9,1
4,3,1
5,9,1
6,101,1
7,274,4
8,453,0
9,202,4
10,106,4
11,23,4
12,54,4
13,122,4
14,138,4
15,167,4
16,294,0
17,565,3
18,489,0
19,331,0
20,213,2
21,85,2
22,117,2
23,59,2
0,29,1
1,6,1
2,15,1
3,4,1
4,5,1
5,26,1
6,103,1
7,257,4
8,487,0
9,216,4
10,130,4
11,164,4
12,168,4
13,183,4
14,180,4
15,188,4
16,302,0
17,547,3
18,513,3
19,410,0
20,282,2
21,209,2
22,79,2
23,72,2
0,48,1
1,25,1
2,8,1
3,5,1
4,5,1
5,28,1
6,117,1
7,319,4
8,517,3
9,234,4
10,148,4
11,196,4
12,255,4
13,232,4
14,197,4
15,242,0
16,330,0
17,554,3
18,473,0
19,302,0
20,220,2
21,195,2
22,152,2
23,115,2
0,98,1
1,72,1
2,40,1
3,19,1
4,7,1
5,5,1
6,28,1
7,43,1
8,126,4
9,225,4
10,323,0
11,418,0
12,493,0
13,462,0
14,456,0
15,506,3
16,471,0
17,444,0
18,444,0
19,301,0
20,248,2
21,227,2
22,204,2
23,145,2
0,131,1
1,98,1
2,68,1
3,33,1
4,12,1
5,6,1
6,18,1
7,40,1
8,94,4
9,189,4
10,305,0
11,373,0
12,401,0
13,455,0
14,316,0
15,331,0
16,273,0
17,306,0
18,358,0
19,300,0
20,231,2
21,136,2
22,121,2
23,65,2
0,41,1
1,9,1
2,5,1
3,4,1
4,4,1
5,11,1
6,96,1
7,236,4
8,409,0
9,167,4
10,121,4
11,180,4
12,204,4
13,204,4
14,187,4
15,176,4
16,279,0
17,429,0
18,453,0
19,358,0
20,310,0
21,188,2
22,131,2
23,72,2
0,35,1
1,15,1
2,10,1
3,2,1
4,4,1
5,24,1
6,112,1
7,314,4
8,434,0
9,138,4
10,108,4
11,175,4
12,170,4
13,190,4
14,153,4
15,188,4
16,277,0
17,548,3
18,564,3
19,355,0
20,280,2
21,189,2
22,141,2
23,66,2
0,35,1
1,8,1
2,8,1
3,9,1
4,3,1
5,25,1
6,117,1
7,313,4
8,531,3
9,234,4
10,135,4
11,140,4
12,210,4
13,202,4
14,168,4
15,182,4
16,299,0
17,601,3
18,517,3
19,405,0
20,340,0
21,236,2
22,174,2
23,86,2
0,45,1
1,16,1
2,14,1
3,4,1
4,2,1
5,27,1
6,98,1
7,286,4
8,489,0
9,216,4
10,143,4
11,160,4
12,194,4
13,197,4
14,189,4
15,141,4
16,291,0
17,494,0
18,478,0
19,378,0
20,322,0
21,223,2
22,180,2
23,90,2
0,69,1
1,50,1
2,18,1
3,12,1
4,7,1
5,31,1
6,81,1
7,249,4
8,418,0
9,227,4
10,153,4
11,166,4
12,243,4
13,209,4
14,239,4
15,356,0
16,419,0
17,491,0
18,399,0
19,279,0
20,144,2
21,151,2
22,141,2
23,127,2
0,94,1
1,55,1
2,48,1
3,15,1
4,4,1
5,7,1
6,19,1
7,50,1
8,102,4
9,177,4
10,276,4
11,349,0
12,358,0
13,385,0
14,382,0
15,374,0
16,402,0
17,341,0
18,385,0
19,252,2
20,196,2
21,201,2
22,161,2
23,125,2
0,83,1
1,66,1
2,61,1
3,26,1
4,23,1
5,6,1
6,15,1
7,30,1
8,96,4
9,152,4
10,251,4
11,319,0
12,402,0
13,418,0
14,351,0
15,376,0
16,361,0
17,383,0
18,328,0
19,287,0
20,219,2
21,229,2
22,171,2
23,135,2
0,103,1
1,79,1
2,45,1
3,18,1
4,6,1
5,7,1
6,16,1
7,31,1
8,94,4
9,128,4
10,269,4
11,321,0
12,366,0
13,350,0
14,327,0
15,311,0
16,309,0
17,304,0
18,249,2
19,225,2
20,237,2
21,149,2
22,106,2
23,48,2
0,29,1
1,17,1
2,12,1
3,4,1
4,3,1
5,26,1
6,109,1
7,235,4
8,406,0
9,175,4
10,109,4
11,106,4
12,162,4
13,147,4
14,140,4
15,175,4
16,249,0
17,495,0
18,417,0
19,285,0
20,251,2
21,210,2
22,159,2
23,61,2
0,34,1
1,17,1
2,3,1
3,6,1
4,4,1
5,21,1
6,128,1
7,284,4
8,454,0
9,207,4
10,115,4
11,112,4
12,169,4
13,154,4
14,145,4
15,152,4
16,266,0
17,486,0
18,309,0
19,264,2
20,256,2
21,190,2
22,129,2
23,69,2
0,42,1
1,15,1
2,6,1
3,4,1
4,3,1
5,31,1
6,113,1
7,304,4
8,467,0
9,225,4
10,139,4
11,165,4
12,232,4
13,203,4
14,185,4
15,188,4
16,318,0
17,572,3
18,525,3
19,379,0
20,337,0
21,248,2
22,155,2
23,112,2
0,68,1
1,22,1
2,12,1
3,5,1
4,6,1
5,28,1
6,106,1
7,277,4
8,502,0
9,230,4
10,161,4
11,192,4
12,259,4
13,248,4
14,240,4
15,212,4
16,349,0
17,558,3
18,564,3
19,391,0
20,293,2
21,247,2
22,171,2
23,171,2
0,93,1
1,94,1
2,59,1
3,18,1
4,15,1
5,8,1
6,28,1
7,87,1
8,125,4
9,224,4
10,317,0
11,369,0
12,420,0
13,456,0
14,451,0
15,404,0
16,440,0
17,344,0
18,341,0
19,285,0
20,239,2
21,185,2
22,190,2
23,150,2
0,113,1
1,96,1
2,64,1
3,47,1
4,12,1
5,6,1
6,21,1
7,27,1
8,98,4
9,164,4
10,251,4
11,335,0
12,335,0
13,367,0
14,385,0
15,417,0
16,398,0
17,390,0
18,363,0
19,357,0
20,279,2
21,165,2
22,130,2
23,86,2
0,29,1
1,14,1
2,8,1
3,5,1
4,8,1
5,31,1
6,112,1
7,299,4
8,438,0
9,188,4
10,95,4
11,111,4
12,153,4
13,180,4
14,145,4
15,165,4
16,267,0
17,579,3
18,556,3
19,407,0
20,336,0
21,189,2
22,173,2
23,60,2
0,20,1
1,4,1
2,5,1
3,2,1
4,5,1
5,32,1
6,126,1
7,334,4
8,477,0
9,217,4
10,123,4
11,151,4
12,183,4
13,196,4
14,146,4
15,183,4
16,308,0
17,539,3
18,551,3
19,424,0
20,346,0
21,218,2
22,153,2
23,90,2
0,41,1
1,23,1
2,7,1
3,3,1
4,6,1
5,21,1
6,116,1
7,353,0
8,481,0
9,202,4
10,90,4
11,134,4
12,149,4
13,136,4
14,155,4
15,128,4
16,233,0
17,506,3
18,459,0
19,384,0
20,280,2
21,202,2
22,176,2
23,116,2
0,47,1
1,16,1
2,6,1
3,2,1
4,6,1
5,20,1
6,118,1
7,314,4
8,432,0
9,168,4
10,94,4
11,118,4
12,140,4
13,136,4
14,118,4
15,104,4
16,200,4
17,409,0
18,466,0
19,326,0
20,254,2
21,171,2
22,153,2
23,97,2
0,69,1
1,23,1
2,13,1
3,6,1
4,4,1
5,28,1
6,104,1
7,267,4
8,452,0
9,213,4
10,111,4
11,153,4
12,207,4
13,189,4
14,165,4
15,212,4
16,285,0
17,517,3
18,463,0
19,306,0
20,250,2
21,218,2
22,185,2
23,146,2
0,117,1
1,77,1
2,60,1
3,28,1
4,13,1
5,16,1
6,40,1
7,68,1
8,143,4
9,230,4
10,264,4
11,325,0
12,347,0
13,387,0
14,380,0
15,374,0
16,394,0
17,337,0
18,286,0
19,264,2
20,275,2
21,220,2
22,190,2
23,131,2
0,119,1
1,93,1
2,66,1
3,28,1
4,14,1
5,10,1
6,14,1
7,34,1
8,92,4
9,182,4
10,311,0
11,367,0
12,420,0
13,373,0
14,315,0
15,360,0
16,350,0
17,252,0
18,256,2
19,223,2
20,206,2
21,140,2
22,128,2
23,107,2
0,28,1
1,16,1
2,10,1
3,7,1
4,4,1
5,29,1
6,105,1
7,328,4
8,476,0
9,224,4
10,118,4
11,159,4
12,196,4
13,227,4
14,200,4
15,185,4
16,326,0
17,601,3
18,586,3
19,423,0
20,331,0
21,218,2
22,134,2
23,89,2
0,31,1
1,13,1
2,10,1
3,2,1
4,3,1
5,26,1
6,113,1
7,365,0
8,486,0
9,193,4
10,130,4
11,143,4
12,169,4
13,209,4
14,159,4
15,178,4
16,330,0
17,569,3
18,538,3
19,386,0
20,297,0
21,243,2
22,188,2
23,110,2
0,52,1
1,14,1
2,9,1
3,1,1
4,4,1
5,21,1
6,121,1
7,370,0
8,498,0
9,207,4
10,135,4
11,164,4
12,211,4
13,189,4
14,178,4
15,164,4
16,312,0
17,638,3
18,607,3
19,416,0
20,330,0
21,257,2
22,175,2
23,107,2
0,47,1
1,17,1
2,5,1
3,4,1
4,6,1
5,25,1
6,112,1
7,188,4
8,388,0
9,261,4
10,121,4
11,150,4
12,206,4
13,151,4
14,153,4
15,159,4
16,294,0
17,272,0
18,325,0
19,327,0
20,201,2
21,188,2
22,151,2
23,16,2
0,24,1
1,23,1
2,13,1
3,6,1
4,6,1
5,13,1
6,97,1
7,250,4
8,454,0
9,224,4
10,170,4
11,181,4
12,243,4
13,204,4
14,215,4
15,243,0
16,355,0
17,552,3
18,450,0
19,328,0
20,232,2
21,208,2
22,175,2
23,178,2
0,104,1
1,95,1
2,53,1
3,20,1
4,5,1
5,7,1
6,27,1
7,57,1
8,131,4
9,218,4
10,244,4
11,404,0
12,420,0
13,327,0
14,334,0
15,367,0
16,468,0
17,449,0
18,381,0
19,326,0
20,188,2
21,183,2
22,161,2
23,150,2
0,89,1
1,76,1
2,72,1
3,30,1
4,17,1
5,19,1
6,33,1
7,71,1
8,84,4
9,169,4
10,244,4
11,377,0
12,396,0
13,363,0
14,317,0
15,362,0
16,378,0
17,397,0
18,296,0
19,311,0
20,232,2
21,167,2
22,152,2
23,92,2
0,26,1
1,12,1
2,2,1
3,1,1
4,3,1
5,3,1
6,26,1
7,46,1
8,221,4
9,219,4
10,91,4
11,94,4
12,162,4
13,179,4
14,175,4
15,205,4
16,299,0
17,565,3
18,538,3
19,431,0
20,316,0
21,206,2
22,130,2
23,60,2
0,33,1
1,14,1
2,6,1
3,2,1
4,9,1
5,25,1
6,115,1
7,309,4
8,401,0
9,275,4
10,161,4
11,171,4
12,189,4
13,207,4
14,152,4
15,170,4
16,335,0
17,572,3
18,536,3
19,425,0
20,326,0
21,229,2
22,109,2
23,64,2
0,33,1
1,21,1
2,7,1
3,7,1
4,11,1
5,23,1
6,122,1
7,311,4
8,423,0
9,219,4
10,135,4
11,145,4
12,188,4
13,147,4
14,145,4
15,146,4
16,258,0
17,529,3
18,513,3
19,342,0
20,282,2
21,247,2
22,148,2
23,105,2
0,49,1
1,31,1
2,4,1
3,5,1
4,7,1
5,24,1
6,100,1
7,327,4
8,432,0
9,227,4
10,127,4
11,136,4
12,160,4
13,186,4
14,149,4
15,189,4
16,275,0
17,569,3
18,540,3
19,400,0
20,352,0
21,234,2
22,162,2
23,105,2
0,63,1
1,28,1
2,14,1
3,5,1
4,9,1
5,20,1
6,91,1
7,268,4
8,466,0
9,231,4
10,145,4
11,203,4
12,201,4
13,221,4
14,229,4
15,216,4
16,327,0
17,557,3
18,452,0
19,385,0
20,288,2
21,233,2
22,167,2
23,172,2
0,116,1
1,95,1
2,59,1
3,39,1
4,11,1
5,14,1
6,29,1
7,42,1
8,112,4
9,186,4
10,302,0
11,331,0
12,392,0
13,371,0
14,383,0
15,392,0
16,410,0
17,399,0
18,307,0
19,375,0
20,269,2
21,202,2
22,187,2
23,179,2
0,115,1
1,90,1
2,87,1
3,34,1
4,11,1
5,12,1
6,20,1
7,51,1
8,107,4
9,206,4
10,332,0
11,346,0
12,443,0
13,442,0
14,443,0
15,403,0
16,455,0
17,421,0
18,382,0
19,317,0
20,213,2
21,183,2
22,114,2
23,78,2
0,32,1
1,15,1
2,6,1
3,2,1
4,9,1
5,22,1
6,94,1
7,261,4
8,447,0
9,187,4
10,150,4
11,150,4
12,170,4
13,164,4
14,158,4
15,202,4
16,275,0
17,604,3
18,591,3
19,396,0
20,305,0
21,242,2
22,145,2
23,81,2
0,30,1
1,13,1
2,11,1
3,2,1
4,8,1
5,21,1
6,124,1
7,347,0
8,456,0
9,246,4
10,157,4
11,167,4
12,202,4
13,189,4
14,160,4
15,166,4
16,261,0
17,579,3
18,504,3
19,299,0
20,296,0
21,195,2
22,134,2
23,81,2
0,36,1
1,28,1
2,16,1
3,5,1
4,5,1
5,22,1
6,116,1
7,336,0
8,540,3
9,221,4
10,126,4
11,170,4
12,243,4
13,231,4
14,188,4
15,189,4
16,328,0
17,570,3
18,588,3
19,401,0
20,333,0
21,221,2
22,183,2
23,129,2
0,54,1
1,32,1
2,8,1
3,9,1
4,6,1
5,25,1
6,123,1
7,320,4
8,555,3
9,260,4
10,132,4
11,169,4
12,233,4
13,232,4
14,163,4
15,240,4
16,323,0
17,594,3
18,586,3
19,455,0
20,340,0
21,323,0
22,207,2
23,126,2
0,68,1
1,31,1
2,13,1
3,11,1
4,6,1
5,30,1
6,108,1
7,243,4
8,492,0
9,260,4
10,170,4
11,214,4
12,263,4
13,292,0
14,303,0
15,381,0
16,427,0
17,461,0
18,422,0
19,318,0
20,269,2
21,218,2
22,222,2
23,140,2
0,115,1
1,78,1
2,52,1
3,26,1
4,11,1
5,14,1
6,32,1
7,45,1
8,132,4
9,179,4
10,271,4
11,357,0
12,374,0
13,404,0
14,392,0
15,331,0
16,398,0
17,349,0
18,383,0
19,305,0
20,284,2
21,232,2
22,201,2
23,154,2
0,144,1
1,78,1
2,69,1
3,33,1
4,5,1
5,1,1
6,3,1
7,25,1
8,92,4
9,181,4
10,264,4
11,390,0
12,404,0
13,421,0
14,375,0
15,376,0
16,414,0
17,358,0
18,181,2
19,183,2
20,176,2
21,167,2
22,162,2
23,147,2
0,140,1
1,119,1
2,63,1
3,26,1
4,12,1
5,4,1
6,16,1
7,36,1
8,86,4
9,238,4
10,280,4
11,349,0
12,447,0
13,423,0
14,408,0
15,408,0
16,452,0
17,436,0
18,418,0
19,375,0
20,386,0
21,457,0
22,326,2
23,138,2
0,55,1
1,39,1
2,13,1
3,8,1
4,5,1
5,20,1
6,94,1
7,270,4
8,432,0
9,227,4
10,139,4
11,172,4
12,201,4
13,203,4
14,178,4
15,162,4
16,281,0
17,545,3
18,496,0
19,368,0
20,284,2
21,245,2
22,155,2
23,73,2
0,37,1
1,15,1
2,5,1
3,6,1
4,6,1
5,35,1
6,121,1
7,312,4
8,428,0
9,189,4
10,43,4
11,127,4
12,152,4
13,140,4
14,163,4
15,185,4
16,275,0
17,596,3
18,563,3
19,394,0
20,312,0
21,241,2
22,186,2
23,98,2
0,35,1
1,16,1
2,8,1
3,4,1
4,4,1
5,32,1
6,118,1
7,292,4
8,443,0
9,179,4
10,101,4
11,142,4
12,171,4
13,155,4
14,160,4
15,166,4
16,265,0
17,569,3
18,562,3
19,365,0
20,285,2
21,209,2
22,182,2
23,129,2
0,47,1
1,34,1
2,22,1
3,6,1
4,11,1
5,27,1
6,102,1
7,332,4
8,457,0
9,241,4
10,138,4
11,165,4
12,213,4
13,229,4
14,216,4
15,141,4
16,132,2
17,167,2
18,316,0
19,270,2
20,250,2
21,204,2
22,169,2
23,151,2
0,121,1
1,53,1
2,55,1
3,30,1
4,6,1
5,15,1
6,38,1
7,71,1
8,182,4
9,247,4
10,264,4
11,290,0
12,366,0
13,416,0
14,373,0
15,402,0
16,416,0
17,401,0
18,378,0
19,306,0
20,314,0
21,238,2
22,214,2
23,140,2
0,154,1
1,113,1
2,96,1
3,25,1
4,5,1
5,17,1
6,25,1
7,65,1
8,92,4
9,169,4
10,268,4
11,287,4
12,377,0
13,367,0
14,349,0
15,361,0
16,372,0
17,363,0
18,363,0
19,303,0
20,268,2
21,227,2
22,143,2
23,72,2
0,35,1
1,10,1
2,12,1
3,10,1
4,4,1
5,26,1
6,121,1
7,317,4
8,420,0
9,208,4
10,117,4
11,128,4
12,148,4
13,141,4
14,134,4
15,146,4
16,239,0
17,514,3
18,472,0
19,373,0
20,236,2
21,130,2
22,90,2
23,55,2
0,22,1
1,14,1
2,9,1
3,8,1
4,6,1
5,25,1
6,115,1
7,330,4
8,417,0
9,176,4
10,123,4
11,125,4
12,163,4
13,136,4
14,124,4
15,148,4
16,202,4
17,428,0
18,511,3
19,337,0
20,308,0
21,258,2
22,194,2
23,79,2
0,46,1
1,12,1
2,5,1
3,4,1
4,5,1
5,26,1
6,121,1
7,313,4
8,449,0
9,186,4
10,113,4
11,165,4
12,174,4
13,158,4
14,116,4
15,46,4
16,141,2
17,488,0
18,463,0
19,419,0
20,342,0
21,250,2
22,184,2
23,116,2
0,46,1
1,25,1
2,10,1
3,6,1
4,6,1
5,28,1
6,130,1
7,334,4
8,486,0
9,224,4
10,127,4
11,148,4
12,223,4
13,177,4
14,178,4
15,180,4
16,274,0
17,595,3
18,578,3
19,400,0
20,348,0
21,261,2
22,176,2
23,124,2
0,80,1
1,20,1
2,38,1
3,7,1
4,10,1
5,23,1
6,120,1
7,274,4
8,564,3
9,207,4
10,166,4
11,210,4
12,238,4
13,247,4
14,265,0
15,237,4
16,361,0
17,587,3
18,496,0
19,394,0
20,343,0
21,261,2
22,223,2
23,167,2
0,110,1
1,75,1
2,58,1
3,26,1
4,16,1
5,10,1
6,37,1
7,52,1
8,127,4
9,222,4
10,322,0
11,396,0
12,463,0
13,497,0
14,433,0
15,428,0
16,425,0
17,475,0
18,428,0
19,406,0
20,296,0
21,252,2
22,201,2
23,168,2
0,125,1
1,102,1
2,94,1
3,47,1
4,10,1
5,12,1
6,21,1
7,50,1
8,118,4
9,184,4
10,304,0
11,391,0
12,420,0
13,472,0
14,430,0
15,324,0
16,317,0
17,369,0
18,390,0
19,379,0
20,262,2
21,207,2
22,181,2
23,93,2
0,51,1
1,25,1
2,10,1
3,7,1
4,4,1
5,17,1
6,105,1
7,277,4
8,347,0
9,203,4
10,130,4
11,141,4
12,165,4
13,152,4
14,138,4
15,164,4
16,265,0
17,545,3
18,558,3
19,398,0
20,323,0
21,202,2
22,140,2
23,91,2
0,51,1
1,13,1
2,13,1
3,3,1
4,5,1
5,19,1
6,134,1
7,315,4
8,412,0
9,199,4
10,141,4
11,127,4
12,153,4
13,172,4
14,152,4
15,158,4
16,277,0
17,513,3
18,530,3
19,388,0
20,277,2
21,241,2
22,156,2
23,92,2
0,40,1
1,11,1
2,9,1
3,6,1
4,4,1
5,23,1
6,116,1
7,303,4
8,438,0
9,209,4
10,110,4
11,142,4
12,149,4
13,120,4
14,127,4
15,138,4
16,234,0
17,455,0
18,497,0
19,382,0
20,309,0
21,242,2
22,169,2
23,99,2
0,42,1
1,21,1
2,6,1
3,6,1
4,4,1
5,18,1
6,117,1
7,274,4
8,381,0
9,200,4
10,78,4
11,106,4
12,135,4
13,102,4
14,147,4
15,133,4
16,210,4
17,414,0
18,382,0
19,284,0
20,237,2
21,225,2
22,149,2
23,113,2
0,60,1
1,24,1
2,14,1
3,7,1
4,13,1
5,19,1
6,96,1
7,252,4
8,322,4
9,208,4
10,115,4
11,109,4
12,115,4
13,123,4
14,101,4
15,133,4
16,182,4
17,306,0
18,284,0
19,250,2
20,212,2
21,190,2
22,149,2
23,103,2
0,101,1
1,70,1
2,61,1
3,22,1
4,9,1
5,7,1
6,25,1
7,45,1
8,109,4
9,132,4
10,198,4
11,216,4
12,235,4
13,245,4
14,236,4
15,215,4
16,221,4
17,197,2
18,196,2
19,217,2
20,145,2
21,154,2
22,125,2
23,104,2
0,119,1
1,96,1
2,60,1
3,37,1
4,6,1
5,8,1
6,22,1
7,35,1
8,104,4
9,154,4
10,226,4
11,243,4
12,246,4
13,252,4
14,283,0
15,238,4
16,249,0
17,249,0
18,243,2
19,240,2
20,195,2
21,153,2
22,98,2
23,50,2
0,34,1
1,12,1
2,6,1
3,4,1
4,6,1
5,24,1
6,107,1
7,277,4
8,387,0
9,135,4
10,84,4
11,107,4
12,67,4
13,78,4
14,90,4
15,112,4
16,198,4
17,485,0
18,533,3
19,386,0
20,302,0
21,194,2
22,125,2
23,87,2
0,28,1
1,12,1
2,7,1
3,4,1
4,6,1
5,27,1
6,110,1
7,318,4
8,424,0
9,187,4
10,138,4
11,151,4
12,147,4
13,182,4
14,147,4
15,163,4
16,254,0
17,537,3
18,546,3
19,398,0
20,290,2
21,267,2
22,158,2
23,89,2
0,45,1
1,10,1
2,6,1
3,4,1
4,4,1
5,18,1
6,123,1
7,347,0
8,433,0
9,216,4
10,114,4
11,136,4
12,169,4
13,180,4
14,127,4
15,140,4
16,268,0
17,572,3
18,541,3
19,375,0
20,294,0
21,245,2
22,180,2
23,109,2
0,45,1
1,29,1
2,7,1
3,5,1
4,6,1
5,27,1
6,116,1
7,305,4
8,456,0
9,210,4
10,116,4
11,154,4
12,186,4
13,152,4
14,138,4
15,146,4
16,256,0
17,468,0
18,483,0
19,322,0
20,270,2
21,196,2
22,174,2
23,123,2
0,57,1
1,34,1
2,13,1
3,11,1
4,6,1
5,27,1
6,90,1
7,254,4
8,384,0
9,179,4
10,106,4
11,161,4
12,135,4
13,156,4
14,148,4
15,169,4
16,233,0
17,421,0
18,362,0
19,241,2
20,206,2
21,163,2
22,174,2
23,116,2
0,133,1
1,90,1
2,42,1
3,43,1
4,10,1
5,13,1
6,24,1
7,42,1
8,114,4
9,174,4
10,261,4
11,317,0
12,341,0
13,308,0
14,305,0
15,302,0
16,302,0
17,302,0
18,299,0
19,256,2
20,206,2
21,205,2
22,209,2
23,177,2
0,113,1
1,79,1
2,67,1
3,50,1
4,13,1
5,8,1
6,13,1
7,45,1
8,142,4
9,183,4
10,254,4
11,275,4
12,338,0
13,294,0
14,326,0
15,293,0
16,306,0
17,320,0
18,304,0
19,274,2
20,275,2
21,164,2
22,96,2
23,70,2
0,29,1
1,17,1
2,11,1
3,4,1
4,4,1
5,26,1
6,100,1
7,282,4
8,382,0
9,166,4
10,97,4
11,119,4
12,168,4
13,150,4
14,123,4
15,129,4
16,231,0
17,514,3
18,543,3
19,413,0
20,305,0
21,220,2
22,137,2
23,96,2
0,29,1
1,12,1
2,8,1
3,5,1
4,10,1
5,21,1
6,117,1
7,335,4
8,435,0
9,213,4
10,140,4
11,128,4
12,157,4
13,203,4
14,159,4
15,168,4
16,274,0
17,556,3
18,556,3
19,454,0
20,288,2
21,254,2
22,191,2
23,132,2
0,43,1
1,16,1
2,11,1
3,4,1
4,7,1
5,24,1
6,110,1
7,271,4
8,437,0
9,195,4
10,68,4
11,122,4
12,161,4
13,144,4
14,147,4
15,118,4
16,150,2
17,425,0
18,492,0
19,321,0
20,87,2
21,88,2
22,77,2
23,56,2
0,17,1
1,17,1
2,7,1
3,3,1
4,7,1
5,20,1
6,97,1
7,282,4
8,398,0
9,187,4
10,113,4
11,149,4
12,205,4
13,205,4
14,167,4
15,165,4
16,290,0
17,555,3
18,523,3
19,366,0
20,286,2
21,211,2
22,174,2
23,132,2
0,54,1
1,19,1
2,19,1
3,6,1
4,7,1
5,16,1
6,101,1
7,270,4
8,454,0
9,226,4
10,163,4
11,147,4
12,216,4
13,204,4
14,245,4
15,210,4
16,330,0
17,550,3
18,466,0
19,372,0
20,291,2
21,173,2
22,188,2
23,139,2
0,133,1
1,67,1
2,53,1
3,42,1
4,10,1
5,6,1
6,27,1
7,63,1
8,121,4
9,215,4
10,290,4
11,349,0
12,382,0
13,441,0
14,380,0
15,362,0
16,343,0
17,149,2
18,211,2
19,171,2
20,137,2
21,114,2
22,120,2
23,108,2
0,80,1
1,73,1
2,66,1
3,32,1
4,6,1
5,5,1
6,13,1
7,39,1
8,89,4
9,184,4
10,266,4
11,269,4
12,370,0
13,324,0
14,322,0
15,326,0
16,193,4
17,194,2
18,229,2
19,228,2
20,183,2
21,136,2
22,103,2
23,55,2
0,30,1
1,12,1
2,7,1
3,1,1
4,10,1
5,15,1
6,95,1
7,267,4
8,349,0
9,183,4
10,124,4
11,179,4
12,182,4
13,151,4
14,150,4
15,126,4
16,282,0
17,527,3
18,529,3
19,416,0
20,286,2
21,186,2
22,147,2
23,72,2
0,35,1
1,14,1
2,12,1
3,3,1
4,7,1
5,30,1
6,101,1
7,343,0
8,392,0
9,175,4
10,144,4
11,149,4
12,185,4
13,175,4
14,148,4
15,164,4
16,285,0
17,532,3
18,585,3
19,371,0
20,292,2
21,230,2
22,155,2
23,75,2
0,37,1
1,17,1
2,11,1
3,4,1
4,5,1
5,32,1
6,119,1
7,305,4
8,399,0
9,180,4
10,113,4
11,149,4
12,240,4
13,191,4
14,178,4
15,194,4
16,282,0
17,584,3
18,559,3
19,413,0
20,312,0
21,209,2
22,139,2
23,108,2
0,46,1
1,26,1
2,11,1
3,9,1
4,5,1
5,25,1
6,106,1
7,307,4
8,390,0
9,197,4
10,132,4
11,187,4
12,214,4
13,217,4
14,142,4
15,178,4
16,298,0
17,582,3
18,571,3
19,371,0
20,288,2
21,206,2
22,157,2
23,127,2
0,65,1
1,23,1
2,15,1
3,9,1
4,5,1
5,26,1
6,76,1
7,264,4
8,426,0
9,205,4
10,130,4
11,156,4
12,222,4
13,253,4
14,186,4
15,249,0
16,334,0
17,516,3
18,465,0
19,385,0
20,287,2
21,226,2
22,231,2
23,151,2
0,84,1
1,77,1
2,74,1
3,27,1
4,10,1
5,18,1
6,22,1
7,44,1
8,118,4
9,208,4
10,260,4
11,314,0
12,421,0
13,153,4
14,259,0
15,358,0
16,281,0
17,269,0
18,292,0
19,237,2
20,183,2
21,167,2
22,154,2
23,120,2
0,90,1
1,73,1
2,62,1
3,27,1
4,3,1
5,10,1
6,6,1
7,24,1
8,41,1
9,103,4
10,183,4
11,198,4
12,281,0
13,377,0
14,370,0
15,331,0
16,292,0
17,329,0
18,347,0
19,259,2
20,193,2
21,155,2
22,39,2
23,27,2
0,25,1
1,10,1
2,3,1
3,7,1
4,5,1
5,17,1
6,90,1
7,258,4
8,355,0
9,222,4
10,141,4
11,153,4
12,178,4
13,193,4
14,151,4
15,182,4
16,283,0
17,530,3
18,483,0
19,397,0
20,285,2
21,184,2
22,98,2
23,88,2
0,31,1
1,16,1
2,4,1
3,6,1
4,5,1
5,30,1
6,119,1
7,346,0
8,441,0
9,198,4
10,111,4
11,150,4
12,162,4
13,192,4
14,182,4
15,159,4
16,303,0
17,600,3
18,570,3
19,376,0
20,280,2
21,215,2
22,152,2
23,77,2
0,24,1
1,14,1
2,6,1
3,5,1
4,5,1
5,28,1
6,105,1
7,308,4
8,487,0
9,209,4
10,118,4
11,128,4
12,189,4
13,176,4
14,192,4
15,159,4
16,300,0
17,552,3
18,556,3
19,347,0
20,280,2
21,230,2
22,171,2
23,105,2
0,56,1
1,24,1
2,6,1
3,6,1
4,9,1
5,27,1
6,103,1
7,308,4
8,420,0
9,228,4
10,129,4
11,141,4
12,173,4
13,187,4
14,182,4
15,174,4
16,245,0
17,409,0
18,274,0
19,141,2
20,165,2
21,149,2
22,135,2
23,114,2
0,62,1
1,20,1
2,8,1
3,3,1
4,8,1
5,17,1
6,93,1
7,263,4
8,398,0
9,218,4
10,165,4
11,165,4
12,222,4
13,232,4
14,220,4
15,222,4
16,327,0
17,527,3
18,425,0
19,165,2
20,58,2
21,107,2
22,122,2
23,106,2
0,128,1
1,47,1
2,69,1
3,51,1
4,7,1
5,8,1
6,24,1
7,44,1
8,133,4
9,190,4
10,306,0
11,338,0
12,409,0
13,378,0
14,375,0
15,390,0
16,373,0
17,383,0
18,394,0
19,291,0
20,248,2
21,225,2
22,223,2
23,157,2
0,74,1
1,86,1
2,64,1
3,51,1
4,6,1
5,8,1
6,14,1
7,31,1
8,92,4
9,231,4
10,274,4
11,313,0
12,374,0
13,310,0
14,235,4
15,68,4
16,258,0
17,270,0
18,311,0
19,282,0
20,181,2
21,138,2
22,134,2
23,68,2
0,40,1
1,21,1
2,8,1
3,5,1
4,12,1
5,24,1
6,112,1
7,281,4
8,351,0
9,187,4
10,121,4
11,131,4
12,207,4
13,205,4
14,225,4
15,199,4
16,320,0
17,591,3
18,609,3
19,416,0
20,268,2
21,208,2
22,153,2
23,64,2
0,35,1
1,19,1
2,6,1
3,6,1
4,5,1
5,36,1
6,114,1
7,344,0
8,504,0
9,225,4
10,148,4
11,186,4
12,237,4
13,234,4
14,651,3
15,601,3
16,444,0
17,472,0
18,519,3
19,367,0
20,260,2
21,211,2
22,191,2
23,80,2
0,38,1
1,24,1
2,6,1
3,1,1
4,7,1
5,27,1
6,108,1
7,308,4
8,468,0
9,213,4
10,146,4
11,185,4
12,235,4
13,236,4
14,204,4
15,204,4
16,271,0
17,567,3
18,621,3
19,440,0
20,334,0
21,236,2
22,181,2
23,70,2
0,52,1
1,15,1
2,5,1
3,4,1
4,7,1
5,26,1
6,102,1
7,313,4
8,484,0
9,162,4
10,142,4
11,151,4
12,41,4
13,37,4
14,113,4
15,132,4
16,121,2
17,312,0
18,408,0
19,272,2
20,225,2
21,187,2
22,147,2
23,84,2
0,51,1
1,23,1
2,20,1
3,11,1
4,8,1
5,26,1
6,105,1
7,266,4
8,404,0
9,230,4
10,123,4
11,214,4
12,243,4
13,237,4
14,219,4
15,249,0
16,343,0
17,489,0
18,410,0
19,290,0
20,222,2
21,190,2
22,152,2
23,136,2
0,145,1
1,64,1
2,77,1
3,30,1
4,4,1
5,12,1
6,18,1
7,28,1
8,76,4
9,156,4
10,205,4
11,88,4
12,76,4
13,43,4
14,23,4
15,30,4
16,24,2
17,16,2
7,1,1
8,8,1
9,53,4
10,142,4
11,237,4
12,306,0
13,431,0
14,447,0
15,469,0
16,491,0
17,398,0
18,402,0
19,387,0
20,214,2
21,186,2
22,98,2
23,64,2
0,34,1
1,20,1
2,13,1
3,6,1
4,3,1
5,17,1
6,102,1
7,284,4
8,404,0
9,188,4
10,115,4
11,138,4
12,207,4
13,218,4
14,182,4
15,220,4
16,282,0
17,591,3
18,547,3
19,367,0
20,277,2
21,202,2
22,142,2
23,75,2
0,27,1
1,13,1
2,10,1
3,4,1
4,6,1
5,28,1
6,119,1
7,357,0
8,493,0
9,218,4
10,137,4
11,175,4
12,237,4
13,229,4
14,209,4
15,196,4
16,337,0
17,611,3
18,576,3
19,465,0
20,298,0
21,223,2
22,143,2
23,93,2
0,32,1
1,15,1
2,6,1
3,6,1
4,5,1
5,27,1
6,111,1
7,328,4
8,467,0
9,244,4
10,138,4
11,171,4
12,260,4
13,221,4
14,196,4
15,172,4
16,309,0
17,608,3
18,565,3
19,446,0
20,289,2
21,201,2
22,157,2
23,84,2
0,51,1
1,21,1
2,25,1
3,14,1
4,7,1
5,23,1
6,105,1
7,342,0
8,498,0
9,207,4
10,138,4
11,192,4
12,229,4
13,219,4
14,198,4
15,174,4
16,308,0
17,628,3
18,531,3
19,443,0
20,280,2
21,177,2
22,179,2
23,126,2
0,64,1
1,32,1
2,20,1
3,8,1
4,4,1
5,20,1
6,76,1
7,259,4
8,456,0
9,220,4
10,140,4
11,192,4
12,260,4
13,279,0
14,283,0
15,346,0
16,381,0
17,455,0
18,355,0
19,287,0
20,196,2
21,149,2
22,147,2
23,98,2
0,87,1
1,74,1
2,41,1
3,35,1
4,7,1
5,12,1
6,23,1
7,38,1
8,89,4
9,201,4
10,258,4
11,194,4
12,257,4
13,353,0
14,380,0
15,388,0
16,374,0
17,371,0
18,339,0
19,295,0
20,219,2
21,164,2
22,162,2
23,123,2
0,109,1
1,75,1
2,60,1
3,43,1
4,4,1
5,6,1
6,3,1
7,30,1
8,70,4
9,189,4
10,297,4
11,337,0
12,435,0
13,419,0
14,361,0
15,410,0
16,337,0
17,376,0
18,356,0
19,328,0
20,229,2
21,207,2
22,155,2
23,104,2
0,97,1
1,54,1
2,39,1
3,16,1
4,8,1
5,6,1
6,11,1
7,41,1
8,101,4
9,152,4
10,244,4
11,308,0
12,353,0
13,389,0
14,357,0
15,253,0
16,284,0
17,114,2
18,123,2
19,175,2
20,82,2
21,60,2
22,64,2
23,20,2
0,8,1
2,2,1
3,1,1
4,4,1
5,21,1
6,72,1
7,172,4
8,364,0
9,185,4
10,106,4
11,89,4
12,67,4
13,29,4
14,24,4
15,89,4
16,106,2
17,291,0
18,373,0
19,281,0
20,163,2
21,121,2
22,84,2
23,58,2
0,13,1
1,5,1
2,6,1
3,2,1
4,4,1
5,16,1
6,75,1
7,86,1
8,328,0
9,190,4
10,66,4
11,10,4
12,22,4
13,11,4
14,25,4
15,58,4
16,144,2
17,285,0
18,237,2
19,226,2
20,96,2
21,38,2
22,29,2
23,24,2
0,14,1
1,4,1
3,2,1
4,3,1
5,14,1
6,56,1
7,179,4
8,195,4
9,69,4
10,65,4
11,98,4
12,102,4
13,126,4
14,120,4
15,139,4
16,156,2
17,113,2
18,68,2
19,52,2
20,89,2
21,82,2
22,70,2
23,26,2
0,16,1
1,8,1
2,8,1
3,2,1
4,3,1
5,14,1
6,57,1
7,108,4
8,288,4
9,136,4
10,29,4
11,72,4
12,75,4
13,122,4
14,148,4
15,188,4
16,285,0
17,505,3
18,410,0
19,349,0
20,210,2
21,203,2
22,160,2
23,148,2
0,116,1
1,83,1
2,64,1
3,37,1
4,7,1
5,8,1
6,6,1
7,52,1
8,119,4
9,207,4
10,318,0
11,360,0
12,404,0
13,370,0
14,359,0
15,480,0
16,431,0
17,460,0
18,360,0
19,315,0
20,245,2
21,230,2
22,175,2
23,139,2
0,108,1
1,88,1
2,76,1
3,45,1
4,9,1
5,39,1
6,20,1
7,37,1
8,94,4
9,227,4
10,334,0
11,402,0
12,411,0
13,350,0
14,342,0
15,404,0
16,483,0
17,380,0
18,339,0
19,333,0
20,226,2
21,159,2
22,95,2
23,45,2
0,16,1
1,12,1
2,2,1
4,4,1
5,24,1
6,109,1
7,312,4
8,408,0
9,176,4
10,129,4
11,165,4
12,184,4
13,163,4
14,189,4
15,212,4
16,298,0
17,590,3
18,571,3
19,436,0
20,299,0
21,195,2
22,150,2
23,69,2
0,26,1
1,10,1
2,2,1
3,4,1
4,8,1
5,20,1
6,122,1
7,362,0
8,425,0
9,214,4
10,135,4
11,153,4
12,187,4
13,184,4
14,190,4
15,180,4
16,292,0
17,579,3
18,539,3
19,396,0
20,272,2
21,245,2
22,144,2
23,74,2
0,33,1
1,8,1
2,5,1
3,8,1
4,9,1
5,31,1
6,145,1
7,370,0
8,429,0
9,202,4
10,142,4
11,164,4
12,212,4
13,178,4
14,124,4
15,176,4
16,277,0
17,599,3
18,586,3
19,381,0
20,261,2
21,213,2
22,160,2
23,72,2
0,37,1
1,20,1
2,5,1
3,8,1
4,7,1
5,31,1
6,124,1
7,338,0
8,391,0
9,209,4
10,121,4
11,159,4
12,179,4
13,189,4
14,170,4
15,135,4
16,222,4
17,261,0
18,244,2
19,232,2
20,248,2
21,145,2
22,115,2
23,69,2
0,48,1
1,26,1
2,10,1
3,6,1
4,4,1
5,32,1
6,93,1
7,299,4
8,409,0
9,210,4
10,140,4
11,179,4
12,251,4
13,223,4
14,225,4
15,203,4
16,358,0
17,566,3
18,482,0
19,315,0
20,225,2
21,163,2
22,167,2
23,126,2
0,108,1
1,80,1
2,79,1
3,28,1
4,5,1
5,5,1
6,22,1
7,37,1
8,108,4
9,177,4
10,249,4
11,367,0
12,372,0
13,349,0
14,297,0
15,354,0
16,305,0
17,359,0
18,329,0
19,256,2
20,176,2
21,170,2
22,143,2
23,136,2
0,112,1
1,79,1
2,89,1
3,36,1
4,1,1
5,6,1
6,12,1
7,44,1
8,69,4
9,140,4
10,260,4
11,317,0
12,364,0
13,376,0
14,311,0
15,365,0
16,369,0
17,325,0
18,289,0
19,245,2
20,180,2
21,147,2
22,84,2
23,54,2
0,37,1
1,10,1
2,13,1
3,5,1
4,8,1
5,28,1
6,113,1
7,332,4
8,420,0
9,215,4
10,105,4
11,139,4
12,189,4
13,177,4
14,188,4
15,187,4
16,263,0
17,568,3
18,540,3
19,374,0
20,231,2
21,200,2
22,129,2
23,68,2
0,25,1
1,14,1
2,5,1
3,3,1
4,6,1
5,22,1
6,114,1
7,329,4
8,209,4
9,69,4
10,30,4
11,56,4
12,60,4
13,103,4
14,112,4
15,192,4
16,264,0
17,511,3
18,492,0
19,337,0
20,253,2
21,206,2
22,148,2
23,81,2
0,27,1
1,17,1
2,6,1
3,6,1
4,7,1
5,31,1
6,117,1
7,330,4
8,462,0
9,208,4
10,133,4
11,180,4
12,193,4
13,181,4
14,179,4
15,185,4
16,281,0
17,536,3
18,408,0
19,283,0
20,160,2
21,200,2
22,127,2
23,95,2
0,41,1
1,11,1
2,10,1
3,12,1
4,2,1
5,30,1
6,101,1
7,311,4
8,415,0
9,203,4
10,120,4
11,165,4
12,176,4
13,193,4
14,183,4
15,181,4
16,301,0
17,563,3
18,551,3
19,420,0
20,285,2
21,221,2
22,187,2
23,113,2
0,52,1
1,31,1
2,20,1
3,8,1
4,13,1
5,22,1
6,104,1
7,254,4
8,317,4
9,111,4
10,35,4
11,21,4
12,29,4
13,34,4
14,24,4
15,61,4
16,56,2
17,99,2
18,234,2
19,248,2
20,179,2
21,138,2
22,157,2
23,148,2
0,93,1
1,79,1
2,68,1
3,31,1
4,8,1
5,5,1
6,18,1
7,46,1
8,121,4
9,175,4
10,293,4
11,386,0
12,407,0
13,460,0
14,390,0
15,452,0
16,449,0
17,426,0
18,400,0
19,308,0
20,243,2
21,222,2
22,193,2
23,150,2
0,173,1
1,124,1
2,106,1
3,59,1
4,8,1
5,3,1
6,17,1
7,38,1
8,86,4
9,155,4
10,275,4
11,361,0
12,413,0
13,369,0
14,347,0
15,353,0
16,464,0
17,420,0
18,404,0
19,329,0
20,186,2
21,137,2
22,104,2
23,79,2
0,29,1
1,17,1
2,8,1
3,5,1
4,6,1
5,25,1
6,113,1
7,332,4
8,355,0
9,205,4
10,154,4
11,159,4
12,209,4
13,187,4
14,154,4
15,209,4
16,313,0
17,570,3
18,553,3
19,383,0
20,251,2
21,182,2
22,136,2
23,75,2
0,37,1
1,10,1
2,11,1
3,10,1
4,8,1
5,24,1
6,124,1
7,249,4
8,427,0
9,193,4
10,122,4
11,123,4
12,162,4
13,151,4
14,152,4
15,205,4
16,258,0
17,530,3
18,356,0
19,320,0
20,238,2
21,196,2
22,121,2
23,93,2
0,36,1
1,14,1
2,9,1
3,3,1
4,4,1
5,22,1
6,114,1
7,185,4
8,287,4
9,155,4
10,129,4
11,151,4
12,184,4
13,162,4
14,170,4
15,181,4
16,280,0
17,591,3
18,524,3
19,372,0
20,102,2
21,74,2
22,87,2
23,71,2
0,40,1
1,23,1
2,2,1
3,8,1
4,7,1
5,22,1
6,111,1
7,283,4
8,431,0
9,225,4
10,127,4
11,158,4
12,195,4
13,211,4
14,167,4
15,227,4
16,291,0
17,589,3
18,584,3
19,384,0
20,273,2
21,225,2
22,175,2
23,81,2
0,60,1
1,23,1
2,15,1
3,3,1
4,8,1
5,26,1
6,98,1
7,297,4
8,456,0
9,237,4
10,168,4
11,217,4
12,254,4
13,266,0
14,266,0
15,245,0
16,360,0
17,591,3
18,511,3
19,374,0
20,230,2
21,206,2
22,159,2
23,132,2
0,130,1
1,58,1
2,67,1
3,25,1
4,8,1
5,5,1
6,19,1
7,36,1
8,67,4
9,129,4
10,121,4
11,132,4
12,158,4
13,125,4
14,180,4
15,195,4
16,223,4
17,228,2
18,140,2
19,126,2
20,66,2
21,56,2
22,70,2
23,65,2
0,47,1
1,24,1
2,30,1
3,9,1
4,7,1
5,7,1
6,15,1
7,29,1
8,64,1
9,115,4
10,248,4
11,292,0
12,321,0
13,308,0
14,256,0
15,173,4
16,206,4
17,167,2
18,174,2
19,162,2
20,87,2
21,88,2
22,64,2
23,25,2
0,16,1
1,6,1
2,4,1
3,7,1
4,8,1
5,21,1
6,94,1
7,249,4
8,372,0
9,153,4
10,101,4
11,126,4
12,147,4
13,118,4
14,120,4
15,101,4
16,218,4
17,495,0
18,412,0
19,315,0
20,204,2
21,138,2
22,91,2
23,54,2
0,27,1
1,9,1
2,3,1
3,6,1
4,7,1
5,27,1
6,112,1
7,309,4
8,400,0
9,187,4
10,126,4
11,124,4
12,199,4
13,173,4
14,183,4
15,194,4
16,309,0
17,585,3
18,524,3
19,345,0
20,261,2
21,166,2
22,114,2
23,66,2
0,43,1
1,11,1
2,3,1
3,6,1
4,5,1
5,32,1
6,117,1
7,301,4
8,467,0
9,219,4
10,133,4
11,170,4
12,214,4
13,219,4
14,190,4
15,182,4
16,282,0
17,591,3
18,593,3
19,374,0
20,246,2
21,201,2
22,154,2
23,73,2
0,40,1
1,22,1
2,10,1
3,5,1
4,5,1
5,24,1
6,114,1
7,302,4
8,457,0
9,208,4
10,129,4
11,144,4
12,226,4
13,191,4
14,195,4
15,219,4
16,323,0
17,568,3
18,538,3
19,343,0
20,260,2
21,195,2
22,148,2
23,99,2
0,67,1
1,28,1
2,5,1
3,10,1
4,5,1
5,27,1
6,87,1
7,242,4
8,417,0
9,241,4
10,174,4
11,230,4
12,235,4
13,305,0
14,256,0
15,270,0
16,419,0
17,563,3
18,465,0
19,294,0
20,197,2
21,166,2
22,146,2
23,136,2
0,89,1
1,65,1
2,45,1
3,20,1
4,10,1
5,8,1
6,22,1
7,73,1
8,103,4
9,217,4
10,337,0
11,397,0
12,446,0
13,485,0
14,465,0
15,496,0
16,451,0
17,393,0
18,359,0
19,248,2
20,202,2
21,187,2
22,149,2
23,142,2
0,129,1
1,78,1
2,55,1
3,30,1
4,14,1
5,15,1
6,21,1
7,44,1
8,107,4
9,185,4
10,365,0
11,423,0
12,455,0
13,418,0
14,500,0
15,407,0
16,470,0
17,438,0
18,414,0
19,302,0
20,193,2
21,173,2
22,152,2
23,123,2
0,53,1
1,34,1
2,19,1
3,11,1
4,6,1
5,21,1
6,44,1
7,114,4
8,254,4
9,219,4
10,265,4
11,322,0
12,365,0
13,365,0
14,370,0
15,384,0
16,402,0
17,459,0
18,473,0
19,336,0
20,225,2
21,175,2
22,126,2
23,75,2
0,30,1
1,11,1
2,5,1
3,3,1
4,5,1
5,20,1
6,123,1
7,352,0
8,406,0
9,235,4
10,149,4
11,123,4
12,181,4
13,180,4
14,171,4
15,175,4
16,320,0
17,604,3
18,539,3
19,318,0
20,234,2
21,175,2
22,147,2
23,57,2
0,25,1
1,10,1
2,2,1
3,2,1
4,7,1
5,22,1
6,112,1
7,259,4
8,404,0
9,197,4
10,113,4
11,120,4
12,62,4
13,101,4
14,78,4
15,45,4
16,55,2
17,251,0
18,172,2
19,109,2
20,90,2
21,83,2
22,43,2
23,54,2
0,15,1
1,12,1
2,4,1
3,6,1
4,7,1
5,17,1
6,52,1
7,81,1
8,209,4
9,109,4
10,69,4
11,84,4
12,105,4
13,162,4
14,133,4
15,155,4
16,276,0
17,479,0
18,268,0
19,205,2
20,181,2
21,123,2
22,114,2
23,47,2
0,39,1
1,24,1
2,6,1
3,7,1
4,8,1
5,17,1
6,94,1
7,147,4
8,209,4
9,180,4
10,125,4
11,87,4
12,75,4
13,132,4
14,156,4
15,230,4
16,344,0
17,481,0
18,423,0
19,248,2
20,196,2
21,178,2
22,143,2
23,95,2
0,106,1
1,73,1
2,56,1
3,23,1
4,6,1
5,7,1
6,20,1
7,57,1
8,125,4
9,207,4
10,322,0
11,374,0
12,456,0
13,394,0
14,472,0
15,377,0
16,443,0
17,441,0
18,372,0
19,238,2
20,179,2
21,168,2
22,166,2
23,135,2
0,107,1
1,77,1
2,65,1
3,42,1
4,12,1
5,7,1
6,10,1
7,48,1
8,99,4
9,190,4
10,347,0
11,377,0
12,444,0
13,438,0
14,462,0
15,412,0
16,466,0
17,405,0
18,328,0
19,233,2
20,178,2
21,102,2
22,130,2
23,62,2
0,37,1
1,17,1
2,7,1
3,2,1
4,5,1
5,29,1
6,114,1
7,309,4
8,414,0
9,206,4
10,135,4
11,166,4
12,205,4
13,205,4
14,166,4
15,208,4
16,302,0
17,620,3
18,518,3
19,333,0
20,229,2
21,177,2
22,104,2
23,62,2
0,31,1
1,11,1
2,5,1
3,1,1
4,4,1
5,21,1
6,109,1
7,341,0
8,499,0
9,227,4
10,102,4
11,147,4
12,201,4
13,219,4
14,169,4
15,205,4
16,304,0
17,625,3
18,570,3
19,317,0
20,227,2
21,206,2
22,137,2
23,70,2
0,34,1
1,16,1
2,7,1
4,3,1
5,3,1
6,31,1
7,68,1
8,210,4
9,202,4
10,123,4
11,149,4
12,130,4
13,106,4
14,97,4
15,120,4
16,201,4
17,181,2
18,140,2
19,197,2
20,145,2
21,85,2
22,107,2
23,69,2
0,26,1
1,15,1
2,4,1
3,1,1
4,8,1
5,26,1
6,92,1
7,318,4
8,426,0
9,223,4
10,130,4
11,129,4
12,199,4
13,164,4
14,155,4
15,160,4
16,234,0
17,494,0
18,469,0
19,298,0
20,241,2
21,165,2
22,128,2
23,90,2
0,50,1
1,26,1
2,18,1
3,7,1
4,6,1
5,31,1
6,85,1
7,233,4
8,402,0
9,222,4
10,138,4
11,174,4
12,240,4
13,206,4
14,198,4
15,235,4
16,302,0
17,524,3
18,397,0
19,253,2
20,184,2
21,143,2
22,113,2
23,117,2
0,96,1
1,70,1
2,31,1
3,20,1
4,8,1
5,8,1
6,18,1
7,57,1
8,114,4
9,169,4
10,236,4
11,282,4
12,343,0
13,322,0
14,310,0
15,382,0
16,359,0
17,360,0
18,335,0
19,220,2
20,159,2
21,157,2
22,144,2
23,108,2
0,88,1
1,71,1
2,50,1
3,46,1
4,6,1
5,3,1
6,12,1
7,21,1
8,88,4
9,143,4
10,289,4
11,333,0
12,413,0
13,415,0
14,408,0
15,387,0
16,405,0
17,340,0
18,284,0
19,193,2
20,144,2
21,99,2
22,94,2
23,49,2
0,32,1
1,15,1
2,7,1
3,4,1
4,6,1
5,21,1
6,86,1
7,285,4
8,398,0
9,195,4
10,129,4
11,168,4
12,220,4
13,198,4
14,206,4
15,177,4
16,310,0
17,614,3
18,486,0
19,237,2
20,129,2
21,126,2
22,79,2
23,59,2
0,30,1
1,11,1
2,5,1
3,4,1
4,5,1
5,24,1
6,98,1
7,314,4
8,408,0
9,223,4
10,128,4
11,166,4
12,200,4
13,198,4
14,200,4
15,234,4
16,285,0
17,585,3
18,518,3
19,338,0
20,248,2
21,201,2
22,170,2
23,94,2
0,32,1
1,12,1
2,3,1
3,3,1
4,5,1
5,21,1
6,92,1
7,299,4
8,464,0
9,240,4
10,131,4
11,155,4
12,194,4
13,82,4
14,66,4
15,70,4
16,213,4
17,454,0
18,453,0
19,331,0
20,207,2
21,157,2
22,135,2
23,75,2
0,26,1
1,11,1
2,8,1
3,4,1
4,4,1
5,15,1
6,46,1
7,137,4
8,316,4
9,171,4
10,62,4
11,52,4
12,53,4
13,74,4
14,92,4
15,107,4
16,207,4
17,322,0
18,240,2
19,219,2
20,182,2
21,132,2
22,111,2
23,68,2
0,44,1
1,16,1
2,4,1
3,8,1
4,10,1
5,25,1
6,75,1
7,205,4
8,374,0
9,229,4
10,130,4
11,168,4
12,213,4
13,228,4
14,185,4
15,215,4
16,308,0
17,446,0
18,368,0
19,204,2
20,143,2
21,74,2
22,36,2
23,39,2
0,19,1
1,18,1
2,17,1
3,8,1
4,1,1
5,1,1
6,5,1
7,7,1
8,20,1
9,20,1
10,12,4
11,27,4
12,50,4
13,30,4
14,29,4
15,41,4
16,22,2
17,31,2
18,43,2
19,39,2
20,47,2
21,50,2
22,54,2
23,36,2
0,54,1
1,43,1
2,50,1
3,33,1
4,11,1
5,4,1
6,10,1
7,22,1
8,80,4
9,147,4
10,178,4
11,240,4
12,314,0
13,345,0
14,300,0
15,290,0
16,320,0
17,245,0
18,213,2
19,153,2
20,92,2
21,79,2
22,71,2
23,37,2
0,23,1
1,13,1
2,3,1
3,3,1
4,6,1
5,18,1
6,86,1
7,227,4
8,372,0
9,211,4
10,105,4
11,128,4
12,170,4
13,152,4
14,141,4
15,168,4
16,272,0
17,486,0
18,422,0
19,238,2
20,172,2
21,116,2
22,85,2
23,52,2
0,21,1
1,11,1
2,4,1
3,6,1
4,8,1
5,18,1
6,93,1
7,254,4
8,419,0
9,222,4
10,135,4
11,117,4
12,176,4
13,167,4
14,150,4
15,186,4
16,298,0
17,506,3
18,460,0
19,313,0
20,209,2
21,127,2
22,96,2
23,72,2
0,19,1
1,10,1
2,2,1
3,2,1
4,4,1
5,27,1
6,92,1
7,251,4
8,472,0
9,228,4
10,133,4
11,144,4
12,189,4
13,161,4
14,172,4
15,187,4
16,266,0
17,553,3
18,479,0
19,282,0
20,182,2
21,168,2
22,106,2
23,57,2
0,31,1
1,15,1
2,7,1
3,5,1
4,4,1
5,28,1
6,99,1
7,292,4
8,402,0
9,164,4
10,110,4
11,120,4
12,179,4
13,169,4
14,152,4
15,162,4
16,267,0
17,498,0
18,433,0
19,252,2
20,209,2
21,144,2
22,137,2
23,95,2
0,43,1
1,17,1
2,10,1
3,8,1
4,7,1
5,23,1
6,66,1
7,245,4
8,395,0
9,254,4
10,134,4
11,162,4
12,197,4
13,194,4
14,201,4
15,237,4
16,290,0
17,480,0
18,374,0
19,196,2
20,186,2
21,123,2
22,115,2
23,89,2
0,52,1
1,62,1
2,31,1
3,8,1
4,8,1
5,2,1
6,23,1
7,34,1
8,84,4
9,141,4
10,227,4
11,238,4
12,372,0
13,355,0
14,386,0
15,343,0
16,335,0
17,334,0
18,237,2
19,204,2
20,165,2
21,118,2
22,82,2
23,85,2
0,75,1
1,115,1
2,29,1
3,9,1
4,6,1
5,5,1
6,16,1
7,28,1
8,90,4
9,170,4
10,262,4
11,320,0
12,346,0
13,314,0
14,320,0
15,306,0
16,347,0
17,256,0
18,185,2
19,151,2
20,116,2
21,88,2
22,45,2
23,50,2
0,15,1
1,8,1
2,2,1
3,3,1
4,6,1
5,26,1
6,99,1
7,311,4
8,410,0
9,174,4
10,123,4
11,128,4
12,179,4
13,189,4
14,145,4
15,170,4
16,295,0
17,528,3
18,425,0
19,300,0
20,204,2
21,139,2
22,108,2
23,48,2
0,18,1
1,11,1
2,1,1
3,3,1
4,4,1
5,18,1
6,99,1
7,323,4
8,466,0
9,191,4
10,129,4
11,147,4
12,203,4
13,196,4
14,161,4
15,188,4
16,289,0
17,499,0
18,462,0
19,278,0
20,181,2
21,182,2
22,108,2
23,48,2
0,13,1
1,10,1
2,5,1
3,4,1
4,4,1
5,28,1
6,98,1
7,300,4
8,456,0
9,219,4
10,105,4
11,152,4
12,180,4
13,167,4
14,179,4
15,151,4
16,281,0
17,485,0
18,408,0
19,304,0
20,219,2
21,161,2
22,114,2
23,66,2
0,24,1
1,11,1
2,5,1
3,11,1
4,3,1
5,23,1
6,114,1
7,272,4
8,436,0
9,211,4
10,117,4
11,108,4
12,167,4
13,96,4
14,64,4
15,62,4
16,73,2
17,177,2
18,273,0
19,211,2
20,168,2
21,136,2
22,89,2
23,82,2
0,66,1
1,19,1
2,11,1
3,6,1
4,8,1
5,13,1
6,46,1
7,121,4
8,258,4
9,201,4
10,200,4
11,170,4
12,239,4
13,236,4
14,247,4
15,216,4
16,238,0
17,310,0
18,208,2
19,199,2
20,109,2
21,83,2
22,91,2
23,73,2
0,64,1
1,54,1
2,46,1
3,17,1
4,7,1
5,4,1
6,7,1
7,27,1
8,101,4
9,160,4
10,232,4
11,315,0
12,366,0
13,353,0
14,435,0
15,386,0
16,361,0
17,285,0
18,203,2
19,171,2
20,132,2
21,122,2
22,118,2
23,101,2
0,73,1
1,71,1
2,57,1
3,28,1
4,6,1
5,5,1
6,23,1
7,43,1
8,79,4
9,135,4
10,241,4
11,295,0
12,354,0
13,339,0
14,371,0
15,310,0
16,319,0
17,231,2
18,190,2
19,157,2
20,139,2
21,95,2
22,89,2
23,67,2
0,30,1
1,11,1
2,17,1
3,7,1
4,5,1
5,19,1
6,114,1
7,322,4
8,452,0
9,233,4
10,111,4
11,128,4
12,202,4
13,203,4
14,185,4
15,195,4
16,315,0
17,519,3
18,489,0
19,302,0
20,240,2
21,213,2
22,113,2
23,61,2
0,22,1
1,10,1
2,15,1
3,4,1
4,7,1
5,28,1
6,108,1
7,319,4
8,480,0
9,200,4
10,138,4
11,134,4
12,176,4
13,153,4
14,147,4
15,191,4
16,271,0
17,451,0
18,441,0
19,286,0
20,238,2
21,168,2
22,128,2
23,80,2
0,31,1
1,5,1
2,10,1
3,5,1
4,4,1
5,13,1
6,56,1
7,137,4
8,232,4
9,82,4
10,36,4
11,60,4
12,54,4
13,58,4
14,61,4
15,66,4
16,123,2
17,233,2
18,189,2
19,111,2
20,99,2
21,75,2
22,46,2
23,31,2
0,24,1
1,5,1
2,5,1
3,3,1
4,4,1
5,22,1
6,75,1
7,168,4
8,355,0
9,198,4
10,81,4
11,97,4
12,121,4
13,124,4
14,110,4
15,116,4
16,195,4
17,399,0
18,307,0
19,217,2
20,169,2
21,116,2
22,84,2
23,58,2
0,30,1
1,10,1
2,10,1
3,2,1
4,5,1
5,22,1
6,71,1
7,216,4
8,375,0
9,213,4
10,115,4
11,140,4
12,165,4
13,177,4
14,154,4
15,178,4
16,209,4
17,378,0
18,328,0
19,190,2
20,137,2
21,111,2
22,97,2
23,59,2
0,53,1
1,35,1
2,46,1
3,15,1
4,8,1
5,2,1
6,12,1
7,41,1
8,92,4
9,142,4
10,200,4
11,233,4
12,311,0
13,363,0
14,349,0
15,382,0
16,287,0
17,232,2
18,208,2
19,182,2
20,163,2
21,108,2
22,106,2
23,93,2
0,93,1
1,84,1
2,56,1
3,37,1
4,12,1
5,4,1
6,9,1
7,23,1
8,65,1
9,138,4
10,229,4
11,286,4
12,304,0
13,369,0
14,363,0
15,351,0
16,306,0
17,203,2
18,145,2
19,157,2
20,113,2
21,105,2
22,40,2
23,28,2
0,17,1
1,12,1
2,3,1
3,4,1
4,5,1
5,20,1
6,76,1
7,246,4
8,391,0
9,237,4
10,135,4
11,128,4
12,162,4
13,134,4
14,135,4
15,108,4
16,108,2
17,210,2
18,192,2
19,137,2
20,80,2
21,114,2
22,78,2
23,33,2
0,14,1
1,6,1
2,6,1
3,3,1
4,7,1
5,18,1
6,64,1
7,121,4
8,190,4
9,149,4
10,52,4
11,32,4
12,21,4
13,26,4
14,35,4
15,34,4
16,62,2
17,165,2
18,148,2
19,111,2
20,127,2
21,90,2
22,87,2
23,39,2
0,16,1
1,8,1
2,6,1
3,3,1
4,5,1
5,17,1
6,69,1
7,156,4
8,323,4
9,167,4
10,76,4
11,116,4
12,160,4
13,174,4
14,213,4
15,207,4
16,173,4
17,163,2
18,145,2
19,122,2
20,68,2
21,66,2
22,62,2
23,51,2
0,23,1
1,24,1
2,22,1
3,5,1
4,2,1
5,11,1
6,6,1
7,40,1
8,46,1
9,81,4
10,98,4
11,142,4
12,150,4
13,175,4
14,168,4
15,149,4
16,114,2
17,74,2
18,37,2
19,28,2
20,31,2
21,26,2
22,22,2
23,21,2
0,29,1
1,14,1
2,10,1
3,2,1
4,7,1
5,5,1
6,13,1
7,35,1
8,74,4
9,95,4
10,142,4
11,226,4
12,272,4
13,283,0
14,272,0
15,310,0
16,261,0
17,184,2
18,153,2
19,134,2
20,95,2
21,85,2
22,58,2
23,33,2
0,47,1
1,29,1
2,23,1
3,17,1
4,4,1
5,3,1
6,10,1
7,17,1
8,60,1
9,83,4
10,141,4
11,230,4
12,309,0
13,325,0
14,299,0
15,314,0
16,275,0
17,184,2
18,185,2
19,146,2
20,141,2
21,92,2
22,65,2
23,69,2
0,46,1
1,44,1
2,31,1
3,17,1
4,4,1
5,5,1
6,9,1
7,23,1
8,42,1
9,111,4
10,189,4
11,240,4
12,256,4
13,313,0
14,313,0
15,317,0
16,323,0
17,204,2
18,155,2
19,139,2
20,104,2
21,88,2
22,66,2
23,32,2
0,16,1
1,13,1
3,5,1
4,4,1
5,34,1
6,104,1
7,277,4
8,407,0
9,208,4
10,107,4
11,118,4
12,178,4
13,162,4
14,143,4
15,150,4
16,264,0
17,468,0
18,416,0
19,264,2
20,218,2
21,156,2
22,109,2
23,46,2
0,22,1
1,17,1
2,5,1
3,2,1
4,6,1
5,22,1
6,89,1
7,342,0
8,449,0
9,202,4
10,36,4
11,11,4
12,18,4
13,22,4
14,36,4
15,65,4
16,151,2
17,354,0
18,358,0
19,250,2
20,184,2
21,125,2
22,95,2
23,53,2
0,24,1
1,8,1
2,5,1
3,1,1
4,5,1
5,22,1
6,103,1
7,285,4
8,478,0
9,193,4
10,110,4
11,122,4
12,160,4
13,147,4
14,112,4
15,115,4
16,226,4
17,380,0
18,376,0
19,279,0
20,190,2
21,135,2
22,87,2
23,50,2
0,20,1
1,10,1
2,9,1
3,7,1
4,1,1
5,24,1
6,97,1
7,276,4
8,477,0
9,224,4
10,93,4
11,102,4
12,148,4
13,154,4
14,150,4
15,154,4
16,201,4
17,418,0
18,405,0
19,228,2
20,190,2
21,162,2
22,104,2
23,73,2
0,38,1
1,15,1
2,10,1
3,1,1
4,3,1
5,23,1
6,87,1
7,205,4
8,445,0
9,246,4
10,105,4
11,160,4
12,204,4
13,207,4
14,170,4
15,199,4
16,276,0
17,411,0
18,372,0
19,265,2
20,190,2
21,111,2
22,102,2
23,95,2
0,75,1
1,71,1
2,50,1
3,9,1
4,8,1
5,6,1
6,11,1
7,26,1
8,63,1
9,124,4
10,195,4
11,275,4
12,358,0
13,292,0
14,343,0
15,337,0
16,305,0
17,232,2
18,224,2
19,175,2
20,127,2
21,109,2
22,114,2
23,85,2
0,83,1
1,74,1
2,62,1
3,41,1
4,11,1
5,4,1
6,4,1
7,26,1
8,55,1
9,126,4
10,216,4
11,254,4
12,329,0
13,357,0
14,323,0
15,296,0
16,330,0
17,245,0
18,171,2
19,173,2
20,124,2
21,72,2
22,64,2
23,45,2
0,24,1
1,12,1
2,8,1
3,2,1
4,7,1
5,25,1
6,90,1
7,283,4
8,404,0
9,190,4
10,87,4
11,123,4
12,154,4
13,171,4
14,133,4
15,148,4
16,248,0
17,446,0
18,399,0
19,308,0
20,205,2
21,176,2
22,106,2
23,62,2
0,28,1
1,16,1
2,3,1
3,3,1
4,7,1
5,20,1
6,86,1
7,234,4
8,414,0
9,204,4
10,50,4
11,32,4
12,55,4
13,71,4
14,75,4
15,45,4
16,88,2
17,262,0
18,304,0
19,233,2
20,110,2
21,114,2
22,87,2
23,53,2
0,33,1
1,13,1
2,6,1
3,3,1
4,1,1
5,3,1
6,18,1
7,46,1
8,86,4
9,64,4
10,33,4
11,50,4
12,33,4
13,33,4
14,25,4
15,30,4
16,31,2
17,52,2
18,51,2
19,33,2
20,26,2
21,6,2
22,13,2
23,16,2
0,21,1
1,7,1
2,4,1
3,1,1
4,2,1
5,12,1
6,71,1
7,244,4
8,429,0
9,225,4
10,110,4
11,106,4
12,156,4
13,124,4
14,137,4
15,117,4
16,208,4
17,331,0
18,318,0
19,232,2
20,175,2
21,139,2
22,92,2
23,61,2
0,34,1
1,14,1
2,12,1
3,6,1
4,2,1
5,20,1
6,63,1
7,199,4
8,385,0
9,264,4
10,126,4
11,136,4
12,173,4
13,168,4
14,187,4
15,189,4
16,250,0
17,362,0
18,318,0
19,199,2
20,150,2
21,140,2
22,129,2
23,94,2
0,77,1
1,66,1
2,60,1
3,25,1
4,3,1
5,6,1
6,11,1
7,11,1
8,73,4
9,149,4
10,192,4
11,236,4
12,283,0
13,286,0
14,293,0
15,299,0
16,241,0
17,185,2
18,172,2
19,154,2
20,124,2
21,83,2
22,95,2
23,66,2
0,74,1
1,62,1
2,52,1
3,19,1
4,5,1
5,6,1
6,10,1
7,31,1
8,72,4
9,107,4
10,194,4
11,197,4
12,288,0
13,268,0
14,242,4
15,266,0
16,206,4
17,163,2
18,163,2
19,105,2
20,72,2
21,63,2
22,43,2
23,35,2
0,20,1
1,9,1
2,4,1
3,2,1
4,3,1
5,21,1
6,64,1
7,235,4
8,385,0
9,220,4
10,105,4
11,115,4
12,145,4
13,166,4
14,111,4
15,132,4
16,214,4
17,359,0
18,357,0
19,241,2
20,165,2
21,121,2
22,71,2
23,45,2
0,17,1
1,4,1
2,2,1
3,3,1
4,4,1
5,20,1
6,92,1
7,223,4
8,400,0
9,233,4
10,102,4
11,124,4
12,167,4
13,127,4
14,134,4
15,151,4
16,207,4
17,398,0
18,382,0
19,267,2
20,161,2
21,139,2
22,107,2
23,59,2
0,22,1
1,8,1
2,2,1
3,3,1
4,4,1
5,26,1
6,87,1
7,247,4
8,467,0
9,239,4
10,142,4
11,115,4
12,144,4
13,133,4
14,151,4
15,167,4
16,245,0
17,396,0
18,390,0
19,268,2
20,175,2
21,154,2
22,104,2
23,51,2
0,50,1
1,20,1
2,7,1
3,3,1
4,6,1
5,24,1
6,92,1
7,258,4
8,457,0
9,280,4
10,109,4
11,135,4
12,157,4
13,164,4
14,132,4
15,82,4
16,131,2
17,324,0
18,377,0
19,287,0
20,221,2
21,155,2
22,124,2
23,114,2
0,72,1
1,31,1
2,23,1
3,5,1
4,5,1
5,26,1
6,82,1
7,231,4
8,459,0
9,243,4
10,132,4
11,144,4
12,173,4
13,137,4
14,128,4
15,153,4
16,224,4
17,365,0
18,295,0
19,214,2
20,152,2
21,102,2
22,106,2
23,75,2
0,62,1
1,43,1
2,58,1
3,26,1
4,9,1
5,9,1
6,17,1
7,20,1
8,59,1
9,100,4
10,181,4
11,209,4
12,244,4
13,236,4
14,237,4
15,228,4
16,222,4
17,165,2
18,157,2
19,106,2
20,106,2
21,96,2
22,80,2
23,69,2
0,71,1
1,46,1
2,41,1
3,18,1
4,1,1
5,5,1
6,3,1
7,12,1
8,32,1
9,81,4
10,129,4
11,188,4
12,228,4
13,228,4
14,219,4
15,207,4
16,234,0
17,136,2
18,138,2
19,135,2
20,104,2
21,89,2
22,49,2
23,37,2
0,17,1
1,11,1
2,3,1
3,3,1
4,4,1
5,21,1
6,68,1
7,191,4
8,397,0
9,183,4
10,108,4
11,127,4
12,141,4
13,142,4
14,137,4
15,159,4
16,208,4
17,378,0
18,354,0
19,251,2
20,206,2
21,127,2
22,107,2
23,60,2
0,21,1
1,6,1
2,11,1
3,2,1
4,4,1
5,15,1
6,72,1
7,268,4
8,432,0
9,259,4
10,129,4
11,129,4
12,175,4
13,181,4
14,138,4
15,154,4
16,238,0
17,431,0
18,411,0
19,224,2
20,147,2
21,143,2
22,107,2
23,53,2
0,25,1
1,11,1
2,4,1
3,2,1
4,2,1
5,28,1
6,76,1
7,229,4
8,405,0
9,234,4
10,89,4
11,56,4
12,61,4
13,58,4
14,51,4
15,61,4
16,101,2
17,229,2
18,280,0
19,209,2
20,167,2
21,123,2
22,105,2
23,54,2
0,27,1
1,15,1
2,11,1
3,6,1
4,3,1
5,16,1
6,64,1
7,186,4
8,343,0
9,228,4
10,141,4
11,145,4
12,202,4
13,188,4
14,159,4
15,214,4
16,256,0
17,356,0
18,288,0
19,142,2
20,33,2
21,17,2
22,17,2
23,11,2
0,9,1
1,12,1
2,13,1
3,4,1
4,2,1
5,8,1
6,40,1
7,92,1
8,182,4
9,156,4
10,104,4
11,174,4
12,170,4
13,194,4
14,200,4
15,203,4
16,181,4
17,140,2
18,95,2
19,76,2
20,50,2
21,32,2
22,47,2
23,25,2
0,23,1
1,16,1
2,26,1
3,5,1
4,3,1
5,4,1
6,10,1
7,10,1
8,27,1
9,56,4
10,56,4
11,71,4
12,94,4
13,121,4
14,85,4
15,97,4
16,99,2
17,68,2
18,35,2
19,25,2
20,24,2
21,19,2
22,20,2
23,17,2
0,6,1
1,4,1
2,2,1
3,4,1
5,1,1
6,1,1
7,4,1
8,5,1
9,23,1
10,43,4
11,85,4
12,66,4
13,79,4
14,86,4
15,91,4
16,86,2
17,44,2
18,30,2
19,16,2
20,26,2
21,19,2
22,17,2
23,16,2
0,11,1
1,10,1
2,7,1
4,2,1
5,4,1
6,4,1
7,19,1
8,18,1
9,62,4
10,70,4
11,91,4
12,100,4
13,140,4
14,153,4
15,131,4
16,97,2
17,97,2
18,75,2
19,65,2
20,56,2
21,49,2
22,27,2
23,29,2
0,12,1
1,6,1
2,4,1
3,3,1
4,3,1
5,8,1
6,35,1
7,80,1
8,164,4
9,104,4
10,60,4
11,30,4
12,24,4
13,20,4
14,14,4
15,19,4
16,46,2
17,115,2
18,135,2
19,90,2
20,69,2
21,63,2
22,32,2
23,26,2
0,10,1
1,12,1
2,7,1
3,4,1
5,9,1
6,43,1
7,110,4
8,217,4
9,189,4
10,96,4
11,111,4
12,140,4
13,159,4
14,120,4
15,117,4
16,167,4
17,250,0
18,169,2
19,151,2
20,79,2
21,70,2
22,33,2
23,39,2
0,28,1
1,15,1
2,3,1
3,2,1
4,3,1
5,10,1
6,41,1
7,106,1
8,210,4
9,170,4
10,110,4
11,122,4
12,130,4
13,131,4
14,142,4
15,177,4
16,177,4
17,240,0
18,207,2
19,135,2
20,96,2
21,68,2
22,55,2
23,45,2
0,30,1
1,20,1
2,12,1
3,6,1
4,2,1
5,10,1
6,32,1
7,95,1
8,205,4
9,194,4
10,118,4
11,171,4
12,197,4
13,207,4
14,245,4
15,292,0
16,283,0
17,242,0
18,182,2
19,112,2
20,91,2
21,95,2
22,85,2
23,73,2
0,44,1
1,35,1
2,28,1
3,18,1
4,10,1
5,1,1
6,6,1
7,19,1
8,49,1
9,90,4
10,128,4
11,217,4
12,273,4
13,313,0
14,300,0
15,253,0
16,195,4
17,129,2
18,93,2
19,92,2
20,71,2
21,52,2
22,38,2
23,31,2
0,48,1
1,93,1
2,75,1
3,52,1
4,8,1
5,5,1
6,2,1
7,7,1
8,14,1
9,40,4
10,70,4
11,138,4
12,201,4
13,223,4
14,267,0
15,265,0
16,215,4
17,111,2
18,106,2
19,105,2
20,83,2
21,71,2
22,66,2
23,29,2
0,39,1
1,12,1
2,7,1
4,4,1
5,4,1
6,14,1
7,16,1
8,53,1
9,68,4
10,109,4
11,175,4
12,202,4
13,176,4
14,151,4
15,168,4
16,154,2
17,153,2
18,126,2
19,93,2
20,88,2
21,66,2
22,39,2
23,34,2
0,13,1
1,6,1
2,3,1
3,2,1
4,5,1
5,12,1
6,85,1
7,170,4
8,354,0
9,153,4
10,60,4
11,75,4
12,74,4
13,73,4
14,79,4
15,77,4
16,136,2
17,245,0
18,224,2
19,156,2
20,115,2
21,68,2
22,33,2
23,18,2
0,9,1
1,3,1
2,1,1
3,1,1
4,2,1
5,14,1
6,59,1
7,152,4
8,315,4
9,180,4
10,64,4
11,46,4
12,84,4
13,91,4
14,75,4
15,90,4
16,131,2
17,281,0
18,289,0
19,184,2
20,123,2
21,90,2
22,52,2
23,32,2
0,14,1
1,5,1
2,4,1
3,4,1
4,5,1
5,26,1
6,78,1
7,215,4
8,388,0
9,227,4
10,86,4
11,84,4
12,120,4
13,118,4
14,117,4
15,119,4
16,197,4
17,412,0
18,383,0
19,265,2
20,177,2
21,97,2
22,71,2
23,60,2
0,25,1
1,8,1
2,5,1
3,4,1
4,3,1
5,13,1
6,70,1
7,205,4
8,447,0
9,241,4
10,116,4
11,138,4
12,191,4
13,204,4
14,178,4
15,222,4
16,294,0
17,476,0
18,419,0
19,272,2
20,177,2
21,154,2
22,135,2
23,101,2
0,79,1
1,62,1
2,38,1
3,20,1
4,10,1
5,9,1
6,7,1
7,20,1
8,64,1
9,130,4
10,203,4
11,324,0
12,376,0
13,445,0
14,512,3
15,449,0
16,401,0
17,322,0
18,297,0
19,215,2
20,170,2
21,140,2
22,109,2
23,119,2
0,91,1
1,72,1
2,67,1
3,32,1
4,6,1
5,2,1
6,2,1
7,24,1
8,57,1
9,125,4
10,208,4
11,256,4
12,351,0
13,343,0
14,328,0
15,330,0
16,314,0
17,219,2
18,181,2
19,112,2
20,126,2
21,91,2
22,58,2
23,30,2
0,15,1
1,5,1
2,5,1
3,3,1
4,4,1
5,21,1
6,88,1
7,240,4
8,420,0
9,197,4
10,108,4
11,88,4
12,103,4
13,80,4
14,50,4
15,69,4
16,49,2
17,152,2
18,164,2
19,190,2
20,132,2
21,79,2
22,62,2
23,52,2
0,14,1
1,5,1
2,4,1
4,4,1
5,23,1
6,79,1
7,222,4
8,471,0
9,195,4
10,83,4
11,101,4
12,140,4
13,178,4
14,106,4
15,136,4
16,240,0
17,460,0
18,385,0
19,281,0
20,200,2
21,116,2
22,114,2
23,41,2
0,28,1
1,7,1
2,5,1
3,4,1
4,2,1
5,22,1
6,74,1
7,256,4
8,499,0
9,225,4
10,97,4
11,99,4
12,55,4
13,65,4
14,73,4
15,79,4
16,118,2
17,134,2
18,98,2
19,93,2
20,57,2
21,29,2
22,49,2
23,9,2
0,3,1
1,3,1
2,2,1
3,3,1
4,2,1
5,16,1
6,89,1
7,220,4
8,508,3
9,230,4
10,90,4
11,119,4
12,144,4
13,183,4
14,156,4
15,188,4
16,281,0
17,495,0
18,421,0
19,330,0
20,240,2
21,174,2
22,133,2
23,67,2
0,42,1
1,12,1
2,14,1
3,7,1
4,3,1
5,21,1
6,73,1
7,177,4
8,419,0
9,214,4
10,103,4
11,114,4
12,154,4
13,154,4
14,129,4
15,138,4
16,233,0
17,332,0
18,301,0
19,206,2
20,136,2
21,102,2
22,65,2
23,65,2
0,44,1
1,50,1
2,38,1
3,20,1
4,3,1
5,4,1
6,5,1
7,24,1
8,92,4
9,81,4
10,149,4
11,178,4
12,219,4
13,220,4
14,231,4
15,226,4
16,206,4
17,144,2
18,143,2
19,102,2
20,103,2
21,69,2
22,66,2
23,76,2
0,59,1
1,42,1
2,43,1
3,25,1
4,6,1
5,5,1
6,8,1
7,17,1
8,36,1
9,90,4
10,126,4
11,165,4
12,234,4
13,224,4
14,188,4
15,206,4
16,205,4
17,146,2
18,120,2
19,110,2
20,95,2
21,72,2
22,60,2
23,29,2
0,25,1
1,20,1
2,17,1
3,3,1
4,8,1
5,6,1
6,13,1
7,33,1
8,78,4
9,96,4
10,126,4
11,179,4
12,185,4
13,228,4
14,181,4
15,192,4
16,180,4
17,193,2
18,181,2
19,144,2
20,90,2
21,49,2
22,43,2
23,28,2
0,12,1
1,2,1
2,12,1
4,2,1
5,13,1
6,57,1
7,126,4
8,93,4
9,68,4
10,62,4
11,75,4
12,86,4
13,103,4
14,132,4
15,129,4
16,219,4
17,462,0
18,463,0
19,308,0
20,180,2
21,180,2
22,90,2
23,61,2
0,17,1
1,10,1
2,2,1
3,4,1
4,1,1
5,29,1
6,88,1
7,263,4
8,489,0
9,202,4
10,93,4
11,114,4
12,161,4
13,130,4
14,105,4
15,130,4
16,176,4
17,346,0
18,355,0
19,256,2
20,165,2
21,124,2
22,78,2
23,38,2
0,16,1
1,5,1
2,3,1
3,4,1
4,1,1
5,19,1
6,86,1
7,206,4
8,423,0
9,210,4
10,108,4
11,99,4
12,111,4
13,124,4
14,119,4
15,127,4
16,193,4
17,385,0
18,361,0
19,234,2
20,191,2
21,121,2
22,90,2
23,56,2
0,27,1
1,15,1
2,11,1
3,4,1
4,3,1
5,19,1
6,68,1
7,185,4
8,425,0
9,263,4
10,97,4
11,123,4
12,124,4
13,156,4
14,115,4
15,156,4
16,174,4
17,349,0
18,301,0
19,192,2
20,142,2
21,104,2
22,72,2
23,38,2
0,24,1
1,23,1
2,26,1
3,13,1
4,1,1
5,2,1
6,1,1
7,13,1
8,25,1
9,42,4
10,45,4
11,63,4
12,67,4
13,76,4
14,95,4
15,119,4
16,118,2
17,106,2
18,110,2
19,85,2
20,67,2
21,69,2
22,59,2
23,52,2
0,52,1
1,50,1
2,47,1
3,21,1
4,2,1
5,3,1
6,4,1
7,13,1
8,32,1
9,63,4
10,129,4
11,133,4
12,185,4
13,199,4
14,182,4
15,176,4
16,155,2
17,108,2
18,121,2
19,89,2
20,74,2
21,44,2
22,58,2
23,37,2
0,19,1
1,4,1
2,2,1
3,1,1
4,1,1
5,19,1
6,42,1
7,122,4
8,272,4
9,211,4
10,149,4
11,62,4
12,62,4
13,37,4
14,61,4
15,74,4
16,122,2
17,276,0
18,282,0
19,220,2
20,169,2
21,120,2
22,68,2
23,37,2
0,25,1
1,9,1
2,8,1
3,3,1
4,2,1
5,26,1
6,89,1
7,232,4
8,490,0
9,255,4
10,116,4
11,153,4
12,175,4
13,203,4
14,173,4
15,208,4
16,278,0
17,515,3
18,423,0
19,331,0
20,229,2
21,172,2
22,125,2
23,99,2
0,31,1
1,13,1
2,6,1
3,1,1
4,4,1
5,33,1
6,88,1
7,257,4
8,513,3
9,236,4
10,141,4
11,157,4
12,193,4
13,212,4
14,160,4
15,155,4
16,246,0
17,470,0
18,439,0
19,316,0
20,235,2
21,185,2
22,113,2
23,66,2
0,25,1
1,21,1
2,7,1
3,6,1
4,3,1
5,28,1
6,88,1
7,239,4
8,530,3
9,274,4
10,108,4
11,111,4
12,165,4
13,173,4
14,128,4
15,164,4
16,224,4
17,413,0
18,406,0
19,313,0
20,224,2
21,192,2
22,142,2
23,91,2
0,38,1
1,29,1
2,13,1
3,8,1
4,4,1
5,24,1
6,72,1
7,134,4
8,220,4
9,107,4
10,126,4
11,105,4
12,180,4
13,201,4
14,176,4
15,197,4
16,267,0
17,422,0
18,383,0
19,251,2
20,159,2
21,135,2
22,119,2
23,86,2
0,69,1
1,58,1
2,41,1
3,17,1
4,8,1
5,10,1
6,15,1
7,31,1
8,91,4
9,158,4
10,191,4
11,296,0
12,314,0
13,373,0
14,362,0
15,410,0
16,407,0
17,290,0
18,241,2
19,206,2
20,120,2
21,127,2
22,103,2
23,85,2
0,96,1
1,73,1
2,51,1
3,21,1
4,5,1
5,7,1
6,5,1
7,12,1
8,70,4
9,111,4
10,191,4
11,255,4
12,288,0
13,316,0
14,280,0
15,310,0
16,322,0
17,234,2
18,168,2
19,159,2
20,111,2
21,69,2
22,64,2
23,25,2
0,10,1
1,9,1
2,7,1
3,4,1
4,5,1
5,26,1
6,80,1
7,225,4
8,493,0
9,198,4
10,85,4
11,99,4
12,134,4
13,132,4
14,115,4
15,138,4
16,221,4
17,438,0
18,410,0
19,306,0
20,181,2
21,162,2
22,94,2
23,52,2
0,15,1
1,8,1
2,2,1
3,2,1
4,1,1
5,22,1
6,104,1
7,279,4
8,512,3
9,261,4
10,144,4
11,139,4
12,194,4
13,198,4
14,160,4
15,177,4
16,307,0
17,559,3
18,502,3
19,328,0
20,238,2
21,165,2
22,129,2
23,63,2
0,31,1
1,4,1
2,7,1
3,3,1
4,1,1
5,18,1
6,67,1
7,208,4
8,520,3
9,276,4
10,133,4
11,143,4
12,179,4
13,186,4
14,192,4
15,194,4
16,283,0
17,539,3
18,526,3
19,335,0
20,264,2
21,233,2
22,140,2
23,97,2
0,31,1
1,17,1
2,9,1
3,2,1
4,1,1
5,19,1
6,74,1
7,205,4
8,445,0
9,228,4
10,78,4
11,105,4
12,148,4
13,137,4
14,141,4
15,174,4
16,229,4
17,450,0
18,410,0
19,327,0
20,213,2
21,148,2
22,109,2
23,61,2
0,38,1
1,22,1
2,6,1
3,4,1
4,2,1
5,17,1
6,88,1
7,226,4
8,441,0
9,270,4
10,129,4
11,164,4
12,216,4
13,198,4
14,170,4
15,216,4
16,311,0
17,488,0
18,385,0
19,267,2
20,163,2
21,134,2
22,119,2
23,77,2
0,86,1
1,43,1
2,44,1
3,18,1
4,6,1
5,4,1
6,5,1
7,28,1
8,90,4
9,157,4
10,224,4
11,270,4
12,300,0
13,302,0
14,276,0
15,305,0
16,143,2
17,67,2
18,64,2
19,80,2
20,77,2
21,78,2
22,95,2
23,70,2
0,61,1
1,51,1
2,63,1
3,17,1
4,9,1
5,4,1
6,4,1
7,16,1
8,62,1
9,92,4
10,148,4
11,182,4
12,248,4
13,274,0
14,243,4
15,272,0
16,296,0
17,306,0
18,181,2
19,69,2
20,50,2
21,66,2
22,191,2
23,42,2
0,21,1
1,6,1
2,3,1
4,2,1
5,17,1
6,72,1
7,234,4
8,444,0
9,277,4
10,116,4
11,116,4
12,150,4
13,141,4
14,140,4
15,171,4
16,228,4
17,430,0
18,437,0
19,291,0
20,201,2
21,154,2
22,87,2
23,46,2
0,23,1
1,14,1
2,4,1
3,2,1
4,3,1
5,15,1
6,100,1
7,299,4
8,529,3
9,289,4
10,116,4
11,129,4
12,172,4
13,184,4
14,138,4
15,146,4
16,276,0
17,509,3
18,518,3
19,338,0
20,212,2
21,190,2
22,118,2
23,51,2
0,23,1
1,10,1
2,1,1
3,1,1
4,1,1
5,20,1
6,98,1
7,281,4
8,508,3
9,253,4
10,108,4
11,102,4
12,138,4
13,126,4
14,108,4
15,54,4
16,75,2
17,155,2
18,167,2
19,161,2
20,125,2
21,129,2
22,98,2
23,60,2
0,26,1
1,12,1
2,2,1
3,4,1
4,1,1
5,18,1
6,76,1
7,267,4
8,484,0
9,238,4
10,97,4
11,99,4
12,158,4
13,154,4
14,144,4
15,134,4
16,238,0
17,399,0
18,417,0
19,295,0
20,199,2
21,177,2
22,107,2
23,84,2
0,43,1
1,13,1
2,16,1
3,5,1
4,2,1
5,17,1
6,64,1
7,230,4
8,448,0
9,275,4
10,124,4
11,153,4
12,176,4
13,192,4
14,146,4
15,191,4
16,268,0
17,396,0
18,359,0
19,262,2
20,151,2
21,122,2
22,113,2
23,65,2
0,53,1
1,45,1
2,26,1
3,9,1
4,4,1
5,2,1
6,9,1
7,19,1
8,78,4
9,90,4
10,166,4
11,183,4
12,221,4
13,235,4
14,243,4
15,124,4
16,146,2
17,144,2
18,108,2
19,87,2
20,63,2
21,48,2
22,46,2
23,20,2
0,21,1
1,24,1
2,27,1
3,14,1
4,1,1
5,3,1
6,2,1
7,18,1
8,26,1
9,63,4
10,91,4
11,124,4
12,140,4
13,138,4
14,111,4
15,155,4
16,164,4
17,87,2
18,96,2
19,80,2
20,57,2
21,36,2
22,28,2
23,23,2
0,9,1
1,6,1
2,4,1
3,1,1
4,2,1
5,17,1
6,72,1
7,195,4
8,417,0
9,205,4
10,71,4
11,90,4
12,118,4
13,140,4
14,135,4
15,155,4
16,211,4
17,407,0
18,405,0
19,263,2
20,214,2
21,147,2
22,102,2
23,36,2
0,14,1
1,6,1
2,3,1
3,3,1
4,2,1
5,22,1
6,90,1
7,280,4
8,513,3
9,262,4
10,98,4
11,112,4
12,172,4
13,173,4
14,124,4
15,145,4
16,266,0
17,523,3
18,406,0
19,281,0
20,184,2
21,109,2
22,77,2
23,57,2
0,22,1
1,5,1
2,4,1
3,3,1
4,1,1
5,25,1
6,95,1
7,321,4
8,515,3
9,231,4
10,120,4
11,138,4
12,163,4
13,170,4
14,134,4
15,171,4
16,231,0
17,487,0
18,468,0
19,311,0
20,211,2
21,178,2
22,107,2
23,58,2
0,23,1
1,5,1
2,7,1
3,1,1
4,3,1
5,20,1
6,87,1
7,288,4
8,498,0
9,202,4
10,44,4
11,71,4
12,45,4
13,64,4
14,31,4
15,53,4
16,118,2
17,289,0
18,353,0
19,258,2
20,216,2
21,145,2
22,111,2
23,73,2
0,34,1
1,18,1
2,12,1
3,1,1
4,1,1
5,16,1
6,71,1
7,226,4
8,520,3
9,283,4
10,116,4
11,142,4
12,198,4
13,205,4
14,170,4
15,221,4
16,307,0
17,465,0
18,377,0
19,282,0
20,171,2
21,129,2
22,107,2
23,82,2
0,86,1
1,45,1
2,45,1
3,18,1
4,7,1
5,1,1
6,9,1
7,41,1
8,102,4
9,138,4
10,205,4
11,286,4
12,369,0
13,384,0
14,427,0
15,499,0
16,404,0
17,364,0
18,246,2
19,188,2
20,148,2
21,114,2
22,118,2
23,74,2
0,74,1
1,72,1
2,48,1
3,15,1
4,3,1
5,2,1
6,5,1
7,14,1
8,56,1
9,93,4
10,191,4
11,226,4
12,255,4
13,261,4
14,237,4
15,253,0
16,212,4
17,157,2
18,167,2
19,119,2
20,103,2
21,36,2
22,55,2
23,35,2
0,41,1
1,15,1
2,20,1
3,8,1
5,6,1
6,10,1
7,44,1
8,120,4
9,110,4
10,143,4
11,208,4
12,281,0
13,312,0
14,263,0
15,289,0
16,280,0
17,253,0
18,242,2
19,172,2
20,126,2
21,98,2
22,62,2
23,26,2
0,12,1
1,7,1
2,3,1
4,2,1
5,15,1
6,86,1
7,279,4
8,464,0
9,217,4
10,85,4
11,86,4
12,163,4
13,131,4
14,124,4
15,160,4
16,254,0
17,432,0
18,425,0
19,304,0
20,227,2
21,154,2
22,100,2
23,47,2
0,24,1
1,7,1
2,6,1
3,4,1
4,2,1
5,30,1
6,90,1
7,302,4
8,576,3
9,252,4
10,139,4
11,171,4
12,207,4
13,190,4
14,177,4
15,195,4
16,298,0
17,529,3
18,525,3
19,327,0
20,274,2
21,239,2
22,147,2
23,62,2
0,42,1
1,15,1
2,9,1
3,6,1
4,1,1
5,32,1
6,91,1
7,326,4
8,560,3
9,242,4
10,148,4
11,182,4
12,224,4
13,218,4
14,192,4
15,217,4
16,343,0
17,610,3
18,522,3
19,369,0
20,269,2
21,222,2
22,137,2
23,85,2
0,46,1
1,18,1
2,5,1
3,5,1
4,2,1
5,26,1
6,82,1
7,272,4
8,469,0
9,244,4
10,141,4
11,163,4
12,228,4
13,183,4
14,31,4
15,94,4
16,178,4
17,256,0
18,300,0
19,233,2
20,167,2
21,152,2
22,106,2
23,86,2
0,61,1
1,46,1
2,38,1
3,7,1
4,2,1
5,3,1
6,13,1
7,23,1
8,93,4
9,122,4
10,183,4
11,210,4
12,258,4
13,226,4
14,216,4
15,232,4
16,195,4
17,159,2
18,133,2
19,149,2
20,105,2
21,85,2
22,82,2
23,91,2
0,70,1
1,55,1
2,42,1
3,21,1
4,6,1
5,5,1
6,2,1
7,22,1
8,59,1
9,87,4
10,188,4
11,227,4
12,305,0
13,325,0
14,331,0
15,353,0
16,339,0
17,287,0
18,216,2
19,143,2
20,88,2
21,83,2
22,71,2
23,64,2
0,29,1
1,6,1
2,4,1
3,2,1
4,1,1
5,16,1
6,90,1
7,280,4
8,528,3
9,230,4
10,104,4
11,103,4
12,177,4
13,182,4
14,158,4
15,174,4
16,286,0
17,529,3
18,527,3
19,334,0
20,219,2
21,195,2
22,92,2
23,56,2
0,10,1
1,6,1
2,3,1
3,6,1
4,2,1
5,21,1
6,101,1
7,325,4
8,559,3
9,232,4
10,132,4
11,163,4
12,183,4
13,190,4
14,134,4
15,166,4
16,287,0
17,530,3
18,449,0
19,306,0
20,204,2
21,188,2
22,101,2
23,65,2
0,32,1
1,6,1
2,4,1
3,2,1
5,29,1
6,104,1
7,253,4
8,116,4
9,38,4
10,10,4
11,10,4
12,70,4
13,76,4
14,56,4
15,90,4
16,167,4
17,253,0
18,192,2
19,102,2
20,97,2
21,39,2
22,55,2
23,33,2
0,11,1
1,12,1
2,6,1
3,3,1
4,5,1
5,18,1
6,109,1
7,304,4
8,594,3
9,286,4
10,133,4
11,168,4
12,220,4
13,211,4
14,211,4
15,223,4
16,361,0
17,600,3
18,525,3
19,328,0
20,254,2
21,197,2
22,126,2
23,85,2
0,46,1
1,20,1
2,6,1
3,3,1
4,2,1
5,24,1
6,92,1
7,262,4
8,549,3
9,314,0
10,132,4
11,194,4
12,234,4
13,222,4
14,205,4
15,78,4
16,50,2
17,128,2
18,160,2
19,174,2
20,100,2
21,101,2
22,75,2
23,23,2
0,22,1
1,44,1
2,38,1
3,21,1
4,2,1
5,2,1
6,7,1
7,16,1
8,48,1
9,94,4
10,168,4
11,214,4
12,299,0
13,339,0
14,430,0
15,399,0
16,467,0
17,385,0
18,303,0
19,225,2
20,149,2
21,154,2
22,134,2
23,106,2
0,72,1
1,76,1
2,80,1
3,26,1
4,14,1
5,5,1
6,5,1
7,23,1
8,66,1
9,118,4
10,192,4
11,256,4
12,327,0
13,364,0
14,332,0
15,334,0
16,299,0
17,263,0
18,184,2
19,132,2
20,88,2
21,79,2
22,62,2
23,26,2
0,17,1
1,6,1
2,4,1
3,1,1
4,1,1
5,18,1
6,91,1
7,260,4
8,428,0
9,197,4
10,86,4
11,103,4
12,137,4
13,120,4
14,128,4
15,130,4
16,210,4
17,387,0
18,375,0
19,226,2
20,179,2
21,120,2
22,78,2
23,31,2
0,8,1
1,6,1
2,4,1
3,1,1
4,3,1
5,25,1
6,102,1
7,275,4
8,501,0
9,233,4
10,129,4
11,130,4
12,138,4
13,164,4
14,136,4
15,166,4
16,250,0
17,446,0
18,457,0
19,287,0
20,187,2
21,148,2
22,106,2
23,54,2
0,15,1
1,5,1
2,4,1
3,3,1
4,3,1
5,18,1
6,108,1
7,344,0
8,566,3
9,264,4
10,147,4
11,161,4
12,215,4
13,205,4
14,175,4
15,209,4
16,288,0
17,612,3
18,544,3
19,361,0
20,260,2
21,188,2
22,159,2
23,62,2
0,46,1
1,21,1
2,11,1
3,3,1
4,2,1
5,29,1
6,109,1
7,334,4
8,585,3
9,301,4
10,138,4
11,204,4
12,251,4
13,233,4
14,203,4
15,185,4
16,342,0
17,597,3
18,590,3
19,416,0
20,302,0
21,233,2
22,153,2
23,94,2
0,54,1
1,26,1
2,11,1
3,7,1
4,1,1
5,29,1
6,85,1
7,268,4
8,501,0
9,284,4
10,159,4
11,187,4
12,201,4
13,224,4
14,178,4
15,238,4
16,343,0
17,566,3
18,470,0
19,244,2
20,159,2
21,141,2
22,107,2
23,86,2
0,77,1
1,51,1
2,42,1
3,16,1
4,4,1
5,10,1
6,12,1
7,40,1
8,111,4
9,148,4
10,223,4
11,274,4
12,329,0
13,357,0
14,379,0
15,406,0
16,390,0
17,354,0
18,297,0
19,184,2
20,121,2
21,110,2
22,100,2
23,83,2
0,69,1
1,61,1
3,66,1
4,22,1
5,7,1
6,10,1
7,17,1
8,72,4
9,90,4
10,218,4
11,299,0
12,410,0
13,464,0
14,501,0
15,487,0
16,509,3
17,498,0
18,389,0
19,258,2
20,171,2
21,147,2
22,94,2
23,52,2
0,24,1
1,10,1
2,9,1
3,2,1
4,3,1
5,16,1
6,88,1
7,268,4
8,564,3
9,281,4
10,137,4
11,150,4
12,221,4
13,250,4
14,221,4
15,233,4
16,332,0
17,644,3
18,712,3
19,446,0
20,286,2
21,205,2
22,133,2
23,63,2
0,26,1
1,16,1
2,1,1
3,2,1
4,1,1
5,24,1
6,113,1
7,308,4
8,593,3
9,342,0
10,143,4
11,219,4
12,244,4
13,233,4
14,212,4
15,264,0
16,365,0
17,676,3
18,734,3
19,479,0
20,351,0
21,244,2
22,170,2
23,87,2
0,39,1
1,27,1
2,2,1
3,4,1
4,5,1
5,27,1
6,121,1
7,368,0
8,662,3
9,351,0
10,188,4
11,220,4
12,267,4
13,254,4
14,224,4
15,283,0
16,356,0
17,782,3
18,749,3
19,472,0
20,330,0
21,288,2
22,202,2
23,91,2
0,60,1
1,23,1
2,19,1
3,7,1
4,14,1
5,26,1
6,117,1
7,381,0
8,623,3
9,315,0
10,164,4
11,211,4
12,265,4
13,273,0
14,258,0
15,287,0
16,426,0
17,713,3
18,746,3
19,425,0
20,330,0
21,243,2
22,169,2
23,97,2
0,57,1
1,26,1
2,4,1
3,3,1
4,3,1
5,32,1
6,99,1
7,278,4
8,562,3
9,312,4
10,180,4
11,207,4
12,294,0
13,260,4
14,202,4
15,107,4
16,129,2
17,258,0
18,408,0
19,296,0
20,235,2
21,152,2
22,148,2
23,126,2
0,100,1
1,69,1
2,42,1
3,26,1
4,2,1
5,8,1
6,30,1
7,86,1
8,218,4
9,321,0
10,443,0
11,585,3
12,651,3
13,686,3
14,690,3
15,679,3
16,685,3
17,648,3
18,560,3
19,417,0
20,271,2
21,223,2
22,211,2
23,185,2
0,107,1
1,113,1
2,56,1
3,18,1
4,14,1
5,6,1
6,11,1
7,42,1
8,96,4
9,178,4
10,351,0
11,368,0
12,503,0
13,544,3
14,521,3
15,554,3
16,541,3
17,541,3
18,459,0
19,352,0
20,198,2
21,173,2
22,100,2
23,46,2
0,23,1
1,15,1
2,8,1
3,2,1
4,3,1
5,31,1
6,120,1
7,354,0
8,579,3
9,331,0
10,184,4
11,201,4
12,282,0
13,263,4
14,260,0
15,286,0
16,385,0
17,721,3
18,801,3
19,549,3
20,330,0
21,223,2
22,148,2
23,54,2
0,29,1
1,15,1
2,10,1
3,3,1
4,6,1
5,20,1
6,100,1
7,170,4
8,516,3
9,325,0
10,163,4
11,230,4
12,261,4
13,284,0
14,248,4
15,244,0
16,431,0
17,750,3
18,801,3
19,555,3
20,377,0
21,277,2
22,188,2
23,90,2
0,33,1
1,26,1
2,10,1
3,8,1
4,4,1
5,39,1
6,149,4
7,372,0
8,535,3
9,293,4
10,154,4
11,192,4
12,229,4
13,303,0
14,225,4
15,243,0
16,378,0
17,729,3
18,779,3
19,582,3
20,374,0
21,251,2
22,197,2
23,125,2
0,41,1
1,30,1
2,6,1
3,7,1
4,6,1
5,34,1
6,136,1
7,361,0
8,649,3
9,318,0
10,142,4
11,219,4
12,272,4
13,298,0
14,257,0
15,304,0
16,425,0
17,810,3
18,801,3
19,586,3
20,424,0
21,374,0
22,220,2
23,151,2
0,95,1
1,50,1
2,32,1
3,10,1
4,3,1
5,34,1
6,116,1
7,346,0
8,662,3
9,380,0
10,275,4
11,318,0
12,471,0
13,428,0
14,432,0
15,472,0
16,589,3
17,957,3
18,830,3
19,686,3
20,445,0
21,284,2
22,271,2
23,176,2
0,156,1
1,128,1
2,69,1
3,32,1
4,7,1
5,4,1
6,28,1
7,70,1
8,154,4
9,249,4
10,345,0
11,273,4
12,183,4
13,196,4
14,223,4
15,290,0
16,177,4
17,115,2
18,137,2
19,133,2
20,111,2
21,104,2
22,83,2
23,105,2
0,80,1
1,89,1
2,35,1
3,18,1
4,8,1
5,6,1
6,18,1
7,39,1
8,89,4
9,118,4
10,250,4
11,323,0
12,360,0
13,367,0
14,414,0
15,421,0
16,492,0
17,419,0
18,491,0
19,375,0
20,259,2
21,149,2
22,111,2
23,65,2
0,33,1
1,28,1
2,20,1
3,1,1
4,4,1
5,36,1
6,117,1
7,370,0
8,657,3
9,282,4
10,153,4
11,178,4
12,279,0
13,301,0
14,217,4
15,223,4
16,305,0
17,664,3
18,684,3
19,458,0
20,221,2
21,186,2
22,93,2
23,48,2
0,10,1
1,5,1
2,7,1
3,4,1
4,3,1
5,17,1
6,101,1
7,286,4
8,581,3
9,267,4
10,138,4
11,175,4
12,220,4
13,211,4
14,184,4
15,200,4
16,305,0
17,614,3
18,644,3
19,417,0
20,294,0
21,221,2
22,134,2
23,64,2
0,30,1
1,8,1
2,3,1
3,5,1
4,1,1
5,40,1
6,115,1
7,358,0
8,658,3
9,314,0
10,173,4
11,222,4
12,268,4
13,273,0
14,221,4
15,199,4
16,221,4
17,604,3
18,641,3
19,456,0
20,362,0
21,261,2
22,172,2
23,93,2
0,48,1
1,33,1
2,6,1
3,5,1
4,9,1
5,32,1
6,117,1
7,367,0
8,654,3
9,321,0
10,166,4
11,220,4
12,292,0
13,273,0
14,238,4
15,307,0
16,388,0
17,703,3
18,681,3
19,468,0
20,335,0
21,224,2
22,152,2
23,94,2
0,59,1
1,27,1
2,7,1
3,7,1
4,2,1
5,26,1
6,86,1
7,289,4
8,593,3
9,321,0
10,187,4
11,201,4
12,270,4
13,242,4
14,229,4
15,280,0
16,367,0
17,606,3
18,560,3
19,395,0
20,209,2
21,220,2
22,153,2
23,123,2
0,92,1
1,82,1
2,69,1
3,31,1
4,8,1
5,5,1
6,23,1
7,44,1
8,145,4
9,223,4
10,313,0
11,463,0
12,621,3
13,638,3
14,551,3
15,605,3
16,535,3
17,543,3
18,341,0
19,284,0
20,208,2
21,143,2
22,156,2
23,112,2
0,67,1
1,62,1
2,81,1
3,25,1
4,12,1
5,18,1
6,97,1
7,84,1
8,125,4
9,275,4
10,360,0
11,451,0
12,445,0
13,464,0
14,561,3
15,573,3
16,511,3
17,555,3
18,432,0
19,346,0
20,232,2
21,134,2
22,68,2
23,63,2
0,17,1
1,5,1
2,5,1
4,4,1
5,24,1
6,110,1
7,306,4
8,589,3
9,317,0
10,204,4
11,209,4
12,281,0
13,281,0
14,268,0
15,324,0
16,395,0
17,729,3
18,618,3
19,494,0
20,329,0
21,238,2
22,123,2
23,66,2
0,33,1
1,11,1
2,5,1
3,3,1
4,1,1
5,27,1
6,100,1
7,341,0
8,604,3
9,408,0
10,219,4
11,258,4
12,331,0
13,345,0
14,311,0
15,316,0
16,485,0
17,757,3
18,800,3
19,558,3
20,379,0
21,243,2
22,158,2
23,79,2
0,41,1
1,11,1
2,5,1
3,3,1
4,1,1
5,27,1
6,126,1
7,366,0
8,684,3
9,363,0
10,167,4
11,213,4
12,283,0
13,251,4
14,258,0
15,268,0
16,390,0
17,744,3
18,759,3
19,494,0
20,372,0
21,298,2
22,181,2
23,131,2
0,45,1
1,13,1
2,18,1
3,5,1
4,1,1
5,29,1
6,126,1
7,354,0
8,638,3
9,351,0
10,246,4
11,268,4
12,276,4
13,291,0
14,287,0
15,269,0
16,402,0
17,822,3
18,698,3
19,487,0
20,312,0
21,234,2
22,149,2
23,136,2
0,61,1
1,38,1
2,11,1
3,8,1
4,5,1
5,23,1
6,80,1
7,246,4
8,508,3
9,376,0
10,238,4
11,291,0
12,337,0
13,411,0
14,490,0
15,537,3
16,536,3
17,655,3
18,484,0
19,412,0
20,252,2
21,190,2
22,158,2
23,113,2
0,94,1
1,69,1
2,36,1
3,28,1
4,7,1
5,2,1
6,19,1
7,54,1
8,123,4
9,276,4
10,363,0
11,495,0
12,590,3
13,643,3
14,578,3
15,626,3
16,615,3
17,567,3
18,517,3
19,413,0
20,208,2
21,234,2
22,182,2
23,118,2
0,85,1
1,64,1
2,32,1
3,26,1
4,7,1
5,12,1
6,28,1
7,37,1
8,84,4
9,179,4
10,299,4
11,404,0
12,457,0
13,483,0
14,503,3
15,486,0
16,476,0
17,411,0
18,310,0
19,276,0
20,211,2
21,130,2
22,118,2
23,51,2
0,37,1
1,16,1
2,6,1
3,3,1
4,5,1
5,32,1
6,111,1
7,331,4
8,617,3
9,286,4
10,178,4
11,223,4
12,280,0
13,281,0
14,218,4
15,255,0
16,391,0
17,632,3
18,646,3
19,421,0
20,276,2
21,165,2
22,108,2
23,67,2
0,26,1
1,9,1
2,2,1
3,2,1
4,2,1
5,24,1
6,103,1
7,384,0
8,692,3
9,319,0
10,181,4
11,239,4
12,259,4
13,283,0
14,224,4
15,203,4
16,362,0
17,744,3
18,704,3
19,479,0
20,282,2
21,206,2
22,127,2
23,62,2
0,30,1
1,12,1
2,2,1
3,2,1
5,27,1
6,106,1
7,321,4
8,595,3
9,302,4
10,153,4
11,180,4
12,182,4
13,163,4
14,135,4
15,202,4
16,307,0
17,579,3
18,585,3
19,384,0
20,235,2
21,165,2
22,134,2
23,61,2
0,23,1
1,9,1
2,4,1
3,5,1
4,1,1
5,21,1
6,96,1
7,306,4
8,624,3
9,287,4
10,141,4
11,224,4
12,259,4
13,203,4
14,224,4
15,211,4
16,353,0
17,656,3
18,610,3
19,433,0
20,280,2
21,187,2
22,158,2
23,94,2
0,55,1
1,30,1
2,11,1
3,11,1
4,5,1
5,21,1
6,84,1
7,296,4
8,563,3
9,330,0
10,192,4
11,233,4
12,322,0
13,358,0
14,348,0
15,352,0
16,463,0
17,738,3
18,671,3
19,427,0
20,286,2
21,189,2
22,215,2
23,198,2
0,96,1
1,70,1
2,56,1
3,32,1
4,14,1
5,7,1
6,21,1
7,64,1
8,160,4
9,265,4
10,406,0
11,564,3
12,678,3
13,678,3
14,660,3
15,658,3
16,582,3
17,560,3
18,481,0
19,459,0
20,321,0
21,220,2
22,212,2
23,196,2
0,124,1
1,106,1
2,74,1
3,45,1
4,12,1
5,10,1
6,16,1
7,46,1
8,97,4
9,251,4
10,421,0
11,528,3
12,635,3
13,681,3
14,628,3
15,617,3
16,616,3
17,623,3
18,479,0
19,379,0
20,291,2
21,229,2
22,134,2
23,90,2
0,41,1
1,28,1
2,14,1
3,8,1
4,6,1
5,38,1
6,133,1
7,387,0
8,597,3
9,297,4
10,224,4
11,251,4
12,271,4
13,263,4
14,288,0
15,275,0
16,358,0
17,712,3
18,676,3
19,522,3
20,375,0
21,271,2
22,214,2
23,121,2
0,43,1
1,11,1
2,4,1
3,6,1
4,9,1
5,30,1
6,144,1
7,461,0
8,673,3
9,400,0
10,217,4
11,239,4
12,244,4
13,239,4
14,257,0
15,308,0
16,370,0
17,781,3
18,775,3
19,537,3
20,402,0
21,297,2
22,162,2
23,82,2
0,38,1
1,14,1
2,9,1
3,6,1
4,7,1
5,34,1
6,134,1
7,418,0
8,576,3
9,265,4
10,147,4
11,119,4
12,110,4
13,64,4
14,51,4
15,98,4
16,235,0
17,488,0
18,505,3
19,368,0
20,260,2
21,189,2
22,162,2
23,70,2
0,25,1
1,13,1
2,6,1
3,4,1
4,4,1
5,30,1
6,120,1
7,406,0
8,677,3
9,301,4
10,189,4
11,229,4
12,264,4
13,238,4
14,237,4
15,262,0
16,387,0
17,748,3
18,776,3
19,586,3
20,404,0
21,267,2
22,248,2
23,144,2
0,64,1
1,25,1
2,21,1
3,10,1
4,3,1
5,25,1
6,113,1
7,359,0
8,700,3
9,359,0
10,237,4
11,254,4
12,362,0
13,381,0
14,394,0
15,407,0
16,580,3
17,819,3
18,668,3
19,492,0
20,341,0
21,287,2
22,202,2
23,187,2
0,142,1
1,88,1
2,81,1
3,29,1
4,9,1
5,1,1
6,31,1
7,76,1
8,201,4
9,331,0
10,482,0
11,608,3
12,640,3
13,649,3
14,609,3
15,628,3
16,639,3
17,568,3
18,416,0
19,54,2
20,39,2
21,102,2
22,110,2
23,91,2
0,117,1
1,73,1
2,56,1
3,40,1
4,7,1
5,6,1
6,12,1
7,24,1
8,51,1
9,79,4
10,68,4
11,77,4
12,61,4
13,52,4
14,53,4
15,38,4
16,36,2
17,27,2
18,39,2
19,35,2
20,35,2
21,11,2
22,13,2
23,17,2
0,6,1
1,2,1
2,4,1
3,1,1
4,3,1
5,14,1
6,45,1
7,207,4
8,482,0
9,272,4
10,100,4
11,101,4
12,129,4
13,107,4
14,114,4
15,112,4
16,103,2
17,232,2
18,379,0
19,298,0
20,203,2
21,152,2
22,89,2
23,59,2
0,13,1
1,7,1
2,3,1
3,2,1
4,3,1
5,22,1
6,120,1
7,390,0
8,611,3
9,308,4
10,162,4
11,184,4
12,224,4
13,224,4
14,216,4
15,236,4
16,362,0
17,691,3
18,632,3
19,482,0
20,285,2
21,226,2
22,157,2
23,73,2
0,36,1
1,25,1
2,7,1
3,3,1
4,6,1
5,24,1
6,106,1
7,389,0
8,654,3
9,321,0
10,182,4
11,219,4
12,269,4
13,228,4
14,223,4
15,229,4
16,376,0
17,732,3
18,709,3
19,543,3
20,380,0
21,239,2
22,192,2
23,104,2
0,43,1
1,23,1
2,13,1
3,6,1
4,3,1
5,17,1
6,127,1
7,225,4
8,362,0
9,201,4
10,139,4
11,151,4
12,204,4
13,197,4
14,169,4
15,204,4
16,318,0
17,614,3
18,664,3
19,464,0
20,337,0
21,250,2
22,183,2
23,112,2
0,73,1
1,35,1
2,22,1
3,3,1
4,6,1
5,19,1
6,120,1
7,315,4
8,592,3
9,334,0
10,236,4
11,233,4
12,307,0
13,306,0
14,300,0
15,324,0
16,440,0
17,702,3
18,654,3
19,441,0
20,289,2
21,208,2
22,158,2
23,116,2
0,103,1
1,67,1
2,57,1
3,26,1
4,2,1
5,5,1
6,28,1
7,55,1
8,158,4
9,214,4
10,291,4
11,358,0
12,381,0
13,389,0
14,440,0
15,408,0
16,376,0
17,322,0
18,90,2
19,139,2
20,102,2
21,84,2
22,83,2
23,42,2
0,36,1
1,42,1
2,40,1
3,16,1
4,4,1
5,6,1
6,7,1
7,27,1
8,107,4
9,185,4
10,380,0
11,411,0
12,584,3
13,595,3
14,653,3
15,603,3
16,587,3
17,522,3
18,487,0
19,375,0
20,243,2
21,204,2
22,108,2
23,82,2
0,48,1
1,24,1
2,8,1
3,4,1
4,2,1
5,20,1
6,123,1
7,349,0
8,596,3
9,268,4
10,157,4
11,163,4
12,225,4
13,247,4
14,218,4
15,231,4
16,347,0
17,683,3
18,664,3
19,471,0
20,309,0
21,221,2
22,134,2
23,60,2
0,35,1
1,21,1
2,8,1
3,3,1
4,8,1
5,17,1
6,26,1
7,169,4
8,557,3
9,349,0
10,174,4
11,229,4
12,269,4
13,249,4
14,204,4
15,234,4
16,354,0
17,681,3
18,743,3
19,487,0
20,335,0
21,282,2
22,211,2
23,95,2
0,47,1
1,15,1
2,16,1
3,6,1
4,4,1
5,33,1
6,120,1
7,358,0
8,666,3
9,315,0
10,175,4
11,184,4
12,245,4
13,228,4
14,240,4
15,256,0
16,367,0
17,729,3
18,813,3
19,504,3
20,338,0
21,239,2
22,173,2
23,98,2
0,90,1
1,24,1
2,17,1
3,6,1
4,2,1
5,21,1
6,136,1
7,384,0
8,627,3
9,304,4
10,168,4
11,201,4
12,301,0
13,265,0
14,204,4
15,283,0
16,370,0
17,704,3
18,706,3
19,522,3
20,420,0
21,299,2
22,246,2
23,121,2
0,89,1
1,48,1
2,11,1
3,14,1
4,4,1
5,24,1
6,135,1
7,356,0
8,618,3
9,294,4
10,199,4
11,258,4
12,171,4
13,278,0
14,242,4
15,343,0
16,440,0
17,643,3
18,641,3
19,452,0
20,313,0
21,235,2
22,232,2
23,256,2
0,153,1
1,107,1
2,75,1
3,32,1
4,9,1
5,22,1
6,42,1
7,87,1
8,197,4
9,284,4
10,432,0
11,575,3
12,550,3
13,524,3
14,428,0
15,541,3
16,540,3
17,502,3
18,434,0
19,405,0
20,309,0
21,269,2
22,217,2
23,149,2
0,134,1
1,121,1
2,93,1
3,28,1
4,16,1
5,11,1
6,17,1
7,36,1
8,114,4
9,191,4
10,333,0
11,414,0
12,558,3
13,565,3
14,518,3
15,571,3
16,544,3
17,511,3
18,463,0
19,383,0
20,276,2
21,203,2
22,157,2
23,102,2
0,34,1
1,9,1
2,6,1
3,5,1
4,2,1
5,23,1
6,142,1
7,385,0
8,639,3
9,350,0
10,190,4
11,213,4
12,263,4
13,272,0
14,239,4
15,262,0
16,388,0
17,769,3
18,680,3
19,546,3
20,323,0
21,247,2
22,173,2
23,113,2
0,38,1
1,9,1
2,16,1
3,6,1
4,5,1
5,20,1
6,165,4
7,463,0
8,641,3
9,295,4
10,157,4
11,217,4
12,263,4
13,219,4
14,71,4
15,134,4
16,389,0
17,717,3
18,710,3
19,458,0
20,302,0
21,223,2
22,147,2
23,63,2
0,35,1
1,14,1
2,1,1
3,2,1
4,5,1
5,28,1
6,126,1
7,418,0
8,622,3
9,325,0
10,153,4
11,201,4
12,280,0
13,266,0
14,243,4
15,259,0
16,357,0
17,705,3
18,372,0
19,98,2
20,51,2
21,34,2
22,67,2
23,55,2
0,33,1
1,11,1
2,3,1
3,3,1
4,2,1
5,24,1
6,139,1
7,401,0
8,630,3
9,361,0
10,154,4
11,256,4
12,272,4
13,318,0
14,247,4
15,271,0
16,421,0
17,732,3
18,770,3
19,553,3
20,374,0
21,230,2
22,232,2
23,135,2
0,64,1
1,46,1
2,31,1
3,13,1
4,9,1
5,26,1
6,135,1
7,351,0
8,620,3
9,322,0
10,210,4
11,291,0
12,348,0
13,363,0
14,334,0
15,439,0
16,525,3
17,779,3
18,596,3
19,503,3
20,341,0
21,270,2
22,234,2
23,180,2
0,136,1
1,93,1
2,56,1
3,34,1
4,9,1
5,13,1
6,33,1
7,67,1
8,178,4
9,335,0
10,411,0
11,522,3
12,559,3
13,659,3
14,615,3
15,590,3
16,591,3
17,576,3
18,546,3
19,439,0
20,287,2
21,230,2
22,274,2
23,176,2
0,98,1
1,94,1
2,82,1
3,28,1
4,9,1
5,12,1
6,21,1
7,60,1
8,156,4
9,222,4
10,350,0
11,428,0
12,531,3
13,602,3
14,552,3
15,499,0
16,564,3
17,478,0
18,389,0
19,339,0
20,230,2
21,169,2
22,131,2
23,74,2
0,35,1
1,11,1
2,2,1
3,2,1
4,6,1
5,26,1
6,65,1
7,75,1
8,156,4
9,110,4
10,59,4
11,79,4
12,185,4
13,176,4
14,171,4
15,196,4
16,111,2
17,229,2
18,300,0
19,304,0
20,189,2
21,152,2
22,129,2
23,75,2
0,32,1
1,19,1
2,4,1
3,6,1
4,5,1
5,8,1
6,24,1
7,92,1
8,409,0
9,355,0
10,171,4
11,224,4
12,264,4
13,239,4
14,184,4
15,256,0
16,374,0
17,678,3
18,733,3
19,512,3
20,263,2
21,109,2
22,83,2
23,71,2
0,39,1
1,21,1
2,19,1
3,6,1
4,4,1
5,38,1
6,158,4
7,440,0
8,650,3
9,347,0
10,192,4
11,267,4
12,330,0
13,350,0
14,263,0
15,274,0
16,446,0
17,873,3
18,846,3
19,590,3
20,459,0
21,393,0
22,286,2
23,133,2
0,79,1
1,28,1
2,16,1
3,3,1
4,16,1
5,35,1
6,159,4
7,474,0
8,634,3
9,346,0
10,205,4
11,279,4
12,348,0
13,327,0
14,270,0
15,316,0
16,430,0
17,852,3
18,868,3
19,537,3
20,446,0
21,299,2
22,251,2
23,166,2
0,70,1
1,49,1
2,21,1
3,14,1
4,11,1
5,34,1
6,182,4
7,515,3
8,745,3
9,361,0
10,255,4
11,334,0
12,360,0
13,395,0
14,350,0
15,391,0
16,568,3
17,812,3
18,669,3
19,483,0
20,337,0
21,258,2
22,251,2
23,174,2
0,148,1
1,104,1
2,69,1
3,33,1
4,14,1
5,12,1
6,50,1
7,95,1
8,195,4
9,292,4
10,452,0
11,586,3
12,642,3
13,704,3
14,730,3
15,672,3
16,642,3
17,626,3
18,645,3
19,432,0
20,315,0
21,259,2
22,338,0
23,239,2
0,170,1
1,130,1
2,98,1
3,66,1
4,16,1
5,8,1
6,25,1
7,90,1
8,171,4
9,313,0
10,432,0
11,581,3
12,637,3
13,607,3
14,543,3
15,502,3
16,577,3
17,549,3
18,474,0
19,402,0
20,274,2
21,233,2
22,145,2
23,86,2
0,40,1
1,15,1
2,11,1
3,2,1
4,7,1
5,15,1
6,79,1
7,153,4
8,270,4
9,186,4
10,99,4
11,106,4
12,170,4
13,184,4
14,180,4
15,225,4
16,315,0
17,508,3
18,530,3
19,448,0
20,336,0
21,241,2
22,142,2
23,97,2
0,36,1
1,27,1
2,11,1
3,5,1
4,7,1
5,17,1
6,137,1
7,324,4
8,590,3
9,333,0
10,200,4
11,189,4
12,254,4
13,243,4
14,222,4
15,245,0
16,386,0
17,785,3
18,785,3
19,364,0
20,373,0
21,261,2
22,174,2
23,105,2
0,47,1
1,32,1
2,12,1
3,5,1
4,3,1
5,35,1
6,160,4
7,468,0
8,719,3
9,297,4
10,191,4
11,197,4
12,248,4
13,270,0
14,248,4
15,257,0
16,278,0
17,285,0
18,327,0
19,376,0
20,295,0
21,245,2
22,159,2
23,106,2
0,56,1
1,30,1
2,16,1
3,4,1
4,5,1
5,30,1
6,156,4
7,415,0
8,692,3
9,301,4
10,185,4
11,221,4
12,289,0
13,302,0
14,252,4
15,291,0
16,390,0
17,798,3
18,752,3
19,492,0
20,398,0
21,285,2
22,243,2
23,167,2
0,73,1
1,42,1
2,23,1
3,14,1
4,9,1
5,30,1
6,113,1
7,359,0
8,583,3
9,340,0
10,232,4
11,283,4
12,321,0
13,333,0
14,367,0
15,466,0
16,584,3
17,653,3
18,522,3
19,404,0
20,350,0
21,255,2
22,212,2
23,166,2
0,116,1
1,82,1
2,64,1
3,31,1
4,2,1
5,10,1
6,31,1
7,54,1
8,141,4
9,289,4
10,437,0
11,520,3
12,529,3
13,539,3
14,564,3
15,513,3
16,504,3
17,462,0
18,415,0
19,373,0
20,255,2
21,251,2
22,204,2
23,150,2
0,137,1
1,78,1
2,61,1
3,36,1
4,11,1
5,7,1
6,22,1
7,52,1
8,151,4
9,270,4
10,424,0
11,519,3
12,570,3
13,498,0
14,547,3
15,535,3
16,501,3
17,522,3
18,518,3
19,442,0
20,392,0
21,143,2
22,59,2
23,96,2
0,65,1
1,59,1
2,48,1
3,18,1
4,6,1
5,9,1
6,20,1
7,67,1
8,155,4
9,263,4
10,364,0
11,476,0
12,525,3
13,556,3
14,465,0
15,460,0
16,501,3
17,405,0
18,383,0
19,395,0
20,317,0
21,247,2
22,157,2
23,82,2
0,45,1
1,14,1
2,8,1
3,3,1
4,5,1
5,33,1
6,154,4
7,450,0
8,634,3
9,257,4
10,183,4
11,197,4
12,237,4
13,239,4
14,238,4
15,256,0
16,393,0
17,781,3
18,710,3
19,526,3
20,204,2
21,71,2
22,55,2
23,50,2
0,36,1
1,4,1
2,5,1
3,5,1
4,6,1
5,41,1
6,144,1
7,483,0
8,671,3
9,305,4
10,177,4
11,208,4
12,253,4
13,289,0
14,252,4
15,275,0
16,398,0
17,839,3
18,796,3
19,556,3
20,431,0
21,304,2
22,217,2
23,160,2
0,61,1
1,26,1
2,14,1
3,8,1
4,8,1
5,33,1
6,178,4
7,507,3
8,693,3
9,311,4
10,220,4
11,218,4
12,292,0
13,293,0
14,254,0
15,290,0
16,487,0
17,827,3
18,785,3
19,591,3
20,479,0
21,359,0
22,264,2
23,140,2
0,86,1
1,34,1
2,16,1
3,4,1
4,6,1
5,45,1
6,141,1
7,402,0
8,694,3
9,298,4
10,204,4
11,235,4
12,310,0
13,316,0
14,254,0
15,258,0
16,222,4
17,227,2
18,110,2
19,45,2
20,39,2
21,85,2
22,23,2
23,73,2
0,86,1
1,76,1
2,41,1
3,26,1
4,13,1
5,12,1
6,36,1
7,86,1
8,210,4
9,332,0
10,493,0
11,536,3
12,668,3
13,679,3
14,647,3
15,702,3
16,644,3
17,586,3
18,512,3
19,554,3
20,399,0
21,316,0
22,228,2
23,238,2
0,169,1
1,121,1
2,89,1
3,50,1
4,13,1
5,12,1
6,22,1
7,35,1
8,140,4
9,300,4
10,404,0
11,511,3
12,684,3
13,686,3
14,678,3
15,644,3
16,662,3
17,578,3
18,496,0
19,453,0
20,314,0
21,246,2
22,226,2
23,108,2
0,49,1
1,14,1
2,11,1
3,5,1
4,8,1
5,35,1
6,139,1
7,517,3
8,665,3
9,282,4
10,187,4
11,239,4
12,282,0
13,274,0
14,270,0
15,292,0
16,448,0
17,834,3
18,822,3
19,645,3
20,461,0
21,265,2
22,168,2
23,86,2
0,34,1
1,20,1
2,8,1
3,5,1
4,5,1
5,36,1
6,184,4
7,569,3
8,710,3
9,335,0
10,176,4
11,227,4
12,247,4
13,267,0
14,276,0
15,272,0
16,473,0
17,850,3
18,790,3
19,513,3
20,415,0
21,283,2
22,193,2
23,113,2
0,49,1
1,27,1
2,11,1
3,8,1
4,10,1
5,38,1
6,172,4
7,547,3
8,668,3
9,303,4
10,203,4
11,226,4
12,315,0
13,303,0
14,302,0
15,300,0
16,452,0
17,724,3
18,782,3
19,538,3
20,408,0
21,298,2
22,248,2
23,123,2
0,59,1
1,22,1
2,12,1
3,5,1
4,6,1
5,34,1
6,170,4
7,526,3
8,681,3
9,337,0
10,210,4
11,237,4
12,336,0
13,315,0
14,265,0
15,333,0
16,466,0
17,869,3
18,813,3
19,602,3
20,478,0
21,313,0
22,228,2
23,177,2
0,77,1
1,29,1
2,19,1
3,8,1
4,10,1
5,29,1
6,139,1
7,428,0
8,700,3
9,382,0
10,249,4
11,264,4
12,369,0
13,416,0
14,373,0
15,397,0
16,523,3
17,793,3
18,723,3
19,555,3
20,408,0
21,339,0
22,291,2
23,215,2
0,206,1
1,123,1
2,89,1
3,40,1
4,8,1
5,19,1
6,80,1
7,87,1
8,244,4
9,340,0
10,466,0
11,569,3
12,531,3
13,585,3
14,593,3
15,555,3
16,534,3
17,495,0
18,451,0
19,360,0
20,363,0
21,316,0
22,214,2
23,230,2
0,158,1
1,116,1
2,73,1
3,29,1
4,10,1
5,13,1
6,30,1
7,62,1
8,181,4
9,266,4
10,413,0
11,499,0
12,502,0
13,492,0
14,500,0
15,475,0
16,508,3
17,521,3
18,490,0
19,375,0
20,363,0
21,253,2
22,159,2
23,110,2
0,41,1
1,24,1
2,17,1
3,6,1
4,7,1
5,37,1
6,144,1
7,503,0
8,651,3
9,316,0
10,147,4
11,202,4
12,261,4
13,248,4
14,259,0
15,259,0
16,427,0
17,800,3
18,831,3
19,596,3
20,394,0
21,250,2
22,164,2
23,80,2
0,28,1
1,16,1
2,6,1
3,12,1
4,4,1
5,29,1
6,136,1
7,303,4
8,613,3
9,285,4
10,125,4
11,65,4
12,95,4
13,59,4
14,60,4
15,116,4
16,239,0
17,681,3
18,653,3
19,491,0
20,386,0
21,274,2
22,207,2
23,89,2
0,34,1
1,28,1
2,4,1
3,8,1
4,10,1
5,40,1
6,194,4
7,505,0
8,713,3
9,352,0
10,198,4
11,246,4
12,334,0
13,255,4
14,320,0
15,281,0
16,392,0
17,857,3
18,744,3
19,671,3
20,448,0
21,396,0
22,238,2
23,153,2
0,48,1
1,21,1
2,9,1
3,5,1
4,6,1
5,40,1
6,181,4
7,506,0
8,719,3
9,357,0
10,179,4
11,228,4
12,265,4
13,284,0
14,298,0
15,324,0
16,438,0
17,867,3
18,823,3
19,579,3
20,435,0
21,337,0
22,242,2
23,172,2
0,94,1
1,51,1
2,15,1
3,5,1
4,14,1
5,33,1
6,151,4
7,430,0
8,653,3
9,366,0
10,216,4
11,286,4
12,403,0
13,393,0
14,376,0
15,377,0
16,558,3
17,823,3
18,693,3
19,467,0
20,385,0
21,333,0
22,321,2
23,222,2
0,137,1
1,95,1
2,67,1
3,27,1
4,8,1
5,23,1
6,47,1
7,78,1
8,204,4
9,367,0
10,435,0
11,566,3
12,603,3
13,617,3
14,573,3
15,583,3
16,542,3
17,593,3
18,571,3
19,461,0
20,352,0
21,290,2
22,280,2
23,183,2
0,148,1
1,88,1
2,74,1
3,28,1
4,18,1
5,17,1
6,23,1
7,48,1
8,119,4
9,274,4
10,436,0
11,546,3
12,615,3
13,614,3
14,582,3
15,463,0
16,580,3
17,593,3
18,513,3
19,390,0
20,302,0
21,246,2
22,153,2
23,108,2
0,40,1
1,14,1
2,9,1
3,4,1
4,9,1
5,23,1
6,37,1
7,145,4
8,474,0
9,250,4
10,91,4
11,121,4
12,168,4
13,225,4
14,219,4
15,237,4
16,332,0
17,723,3
18,642,3
19,463,0
20,362,0
21,273,2
22,164,2
23,74,2
0,35,1
1,14,1
2,15,1
3,8,1
4,10,1
5,37,1
6,161,4
7,480,0
8,673,3
9,328,0
10,180,4
11,230,4
12,292,0
13,272,0
14,227,4
15,259,0
16,334,0
17,811,3
18,795,3
19,514,3
20,458,0
21,276,2
22,291,2
23,125,2
0,53,1
1,27,1
2,6,1
3,8,1
4,7,1
5,39,1
6,165,4
7,464,0
8,643,3
9,316,0
10,167,4
11,188,4
12,180,4
13,211,4
14,190,4
15,179,4
16,335,0
17,691,3
18,672,3
19,539,3
20,407,0
21,344,0
22,257,2
23,123,2
0,69,1
1,18,1
2,18,1
3,11,1
4,12,1
5,40,1
6,150,4
7,463,0
8,590,3
9,256,4
10,150,4
11,161,4
12,215,4
13,172,4
14,176,4
15,194,4
16,320,0
17,615,3
18,640,3
19,499,3
20,436,0
21,311,2
22,243,2
23,146,2
0,93,1
1,31,1
2,12,1
3,7,1
4,10,1
5,38,1
6,122,1
7,359,0
8,613,3
9,333,0
10,185,4
11,236,4
12,254,4
13,300,0
14,263,0
15,284,0
16,380,0
17,646,3
18,505,3
19,362,0
20,202,2
21,217,2
22,197,2
23,174,2
0,116,1
1,123,1
2,93,1
3,42,1
4,19,1
5,12,1
6,47,1
7,78,1
8,167,4
9,332,0
10,494,0
11,516,3
12,602,3
13,564,3
14,609,3
15,483,0
16,513,3
17,530,3
18,481,0
19,425,0
20,386,0
21,322,0
22,279,2
23,225,2
0,163,1
1,127,1
2,114,1
3,60,1
4,13,1
5,8,1
6,25,1
7,71,1
8,141,4
9,232,4
10,452,0
11,506,3
12,556,3
13,585,3
14,551,3
15,487,0
16,461,0
17,532,3
18,534,3
19,423,0
20,332,0
21,253,2
22,178,2
23,87,2
0,68,1
1,31,1
2,14,1
3,5,1
4,4,1
5,43,1
6,158,4
7,485,0
8,608,3
9,268,4
10,184,4
11,181,4
12,270,4
13,260,4
14,251,4
15,233,4
16,414,0
17,833,3
18,791,3
19,582,3
20,475,0
21,331,0
22,187,2
23,103,2
0,37,1
1,30,1
2,9,1
3,9,1
4,10,1
5,39,1
6,188,4
7,552,3
8,656,3
9,328,0
10,190,4
11,235,4
12,308,0
13,306,0
14,267,0
15,317,0
16,416,0
17,900,3
18,824,3
19,612,3
20,505,3
21,328,0
22,245,2
23,131,2
0,54,1
1,23,1
2,14,1
3,8,1
4,11,1
5,36,1
6,200,4
7,527,3
8,687,3
9,282,4
10,172,4
11,209,4
12,322,0
13,321,0
14,270,0
15,249,0
16,392,0
17,843,3
18,804,3
19,643,3
20,445,0
21,367,0
22,297,2
23,159,2
0,54,1
1,25,1
2,13,1
3,7,1
4,11,1
5,47,1
6,193,4
7,508,3
8,617,3
9,351,0
10,184,4
11,211,4
12,276,4
13,236,4
14,254,0
15,219,4
16,387,0
17,705,3
18,697,3
19,571,3
20,470,0
21,398,0
22,274,2
23,171,2
0,114,1
1,42,1
2,18,1
3,8,1
4,10,1
5,45,1
6,163,4
7,380,0
8,624,3
9,300,4
10,171,4
11,188,4
12,226,4
13,239,4
14,233,4
15,230,4
16,351,0
17,539,3
18,464,0
19,363,0
20,308,0
21,236,2
22,163,2
23,48,2
0,69,1
1,58,1
2,61,1
3,23,1
4,18,1
5,10,1
6,42,1
7,92,1
8,194,4
9,275,4
10,404,0
11,452,0
12,471,0
13,428,0
14,409,0
15,404,0
16,373,0
17,362,0
18,339,0
19,374,0
20,292,2
21,213,2
22,172,2
23,152,2
0,149,1
1,93,1
2,90,1
3,33,1
4,4,1
5,10,1
6,27,1
7,50,1
8,142,4
9,219,4
10,366,0
11,377,0
12,433,0
13,420,0
14,444,0
15,345,0
16,313,0
17,413,0
18,370,0
19,382,0
20,332,0
21,258,2
22,151,2
23,110,2
0,43,1
1,17,1
2,15,1
3,5,1
4,12,1
5,40,1
6,136,1
7,398,0
8,568,3
9,295,4
10,174,4
11,201,4
12,257,4
13,236,4
14,230,4
15,234,4
16,365,0
17,747,3
18,730,3
19,581,3
20,395,0
21,258,2
22,188,2
23,102,2
0,53,1
1,14,1
2,10,1
3,2,1
4,6,1
5,35,1
6,154,4
7,483,0
8,646,3
9,272,4
10,209,4
11,217,4
12,272,4
13,283,0
14,310,0
15,401,0
16,527,3
17,722,3
18,627,3
19,497,0
20,376,0
21,196,2
22,177,2
23,171,2
0,159,1
1,123,1
2,93,1
3,32,1
4,16,1
5,19,1
6,32,1
7,72,1
8,153,4
9,293,4
10,447,0
11,485,0
12,494,0
13,499,0
14,547,3
15,454,0
16,389,0
17,414,0
18,430,0
19,432,0
20,551,3
21,584,3
22,502,3
23,183,2
0,88,1
1,30,1
2,18,1
3,7,1
4,7,1
5,29,1
6,133,1
7,343,0
8,550,3
9,293,4
10,186,4
11,244,4
12,276,4
13,310,0
14,241,4
15,254,0
16,433,0
17,689,3
18,607,3
19,503,3
20,321,0
21,323,0
22,225,2
23,131,2
0,102,1
1,29,1
2,17,1
3,7,1
4,6,1
5,35,1
6,131,1
7,353,0
8,585,3
9,304,4
10,210,4
11,233,4
12,331,0
13,293,0
14,275,0
15,285,0
16,369,0
17,576,3
18,560,3
19,418,0
20,336,0
21,300,2
22,288,2
23,164,2
0,150,1
1,71,1
2,58,1
3,31,1
4,16,1
5,14,1
6,31,1
7,71,1
8,152,4
9,256,4
10,325,0
11,367,0
12,342,0
13,360,0
14,308,0
15,306,0
16,294,0
17,279,0
18,277,0
19,287,0
20,276,2
21,201,2
22,220,2
23,148,2
0,147,1
1,124,1
2,70,1
3,35,1
4,13,1
5,6,1
6,21,1
7,52,1
8,130,4
9,242,4
10,319,0
11,389,0
12,376,0
13,337,0
14,312,0
15,298,0
16,291,0
17,270,0
18,253,2
19,250,2
20,285,2
21,207,2
22,122,2
23,123,2
0,39,1
1,18,1
2,5,1
3,5,1
4,2,1
5,28,1
6,92,1
7,230,4
8,455,0
9,363,0
10,175,4
11,216,4
12,266,4
13,255,4
14,242,4
15,280,0
16,413,0
17,849,3
18,872,3
19,631,3
20,447,0
21,331,0
22,224,2
23,131,2
0,69,1
1,15,1
2,16,1
3,3,1
4,4,1
5,42,1
6,187,4
7,520,3
8,649,3
9,331,0
10,190,4
11,249,4
12,272,4
13,280,0
14,242,4
15,265,0
16,435,0
17,872,3
18,819,3
19,414,0
20,84,2
21,90,2
22,139,2
23,103,2
0,44,1
1,14,1
2,5,1
3,5,1
4,7,1
5,41,1
6,185,4
7,497,0
8,674,3
9,328,0
10,195,4
11,229,4
12,292,0
13,273,0
14,241,4
15,276,0
16,411,0
17,830,3
18,814,3
19,633,3
20,483,0
21,391,0
22,244,2
23,152,2
0,56,1
1,21,1
2,9,1
3,10,1
4,5,1
5,44,1
6,178,4
7,512,3
8,702,3
9,327,0
10,214,4
11,215,4
12,292,0
13,277,0
14,209,4
15,271,0
16,439,0
17,795,3
18,825,3
19,629,3
20,514,3
21,373,0
22,318,2
23,211,2
0,95,1
1,59,1
2,17,1
3,9,1
4,11,1
5,34,1
6,127,1
7,380,0
8,713,3
9,414,0
10,268,4
11,288,4
12,379,0
13,374,0
14,369,0
15,353,0
16,492,0
17,835,3
18,631,3
19,488,0
20,389,0
21,299,2
22,263,2
23,212,2
0,191,1
1,118,1
2,101,1
3,40,1
4,9,1
5,5,1
6,35,1
7,48,1
8,151,4
9,282,4
10,401,0
11,439,0
12,499,0
13,591,3
14,632,3
15,560,3
16,566,3
17,458,0
18,351,0
19,431,0
20,356,0
21,269,2
22,225,2
23,211,2
0,187,1
1,168,1
2,115,1
3,57,1
4,19,1
5,9,1
6,15,1
7,47,1
8,133,4
9,221,4
10,382,0
11,451,0
12,489,0
13,480,0
14,476,0
15,489,0
16,495,0
17,436,0
18,312,0
19,312,0
20,294,0
21,223,2
22,130,2
23,91,2
0,43,1
1,11,1
2,15,1
3,6,1
4,12,1
5,50,1
6,140,1
7,483,0
8,667,3
9,348,0
10,186,4
11,182,4
12,237,4
13,239,4
14,212,4
15,237,4
16,386,0
17,755,3
18,794,3
19,595,3
20,454,0
21,328,0
22,284,2
23,166,2
0,53,1
1,25,1
2,7,1
3,3,1
4,7,1
5,38,1
6,213,4
7,526,3
8,661,3
9,320,0
10,159,4
11,206,4
12,254,4
13,221,4
14,214,4
15,244,0
16,381,0
17,770,3
18,772,3
19,547,3
20,427,0
21,333,0
22,244,2
23,161,2
0,53,1
1,16,1
2,8,1
3,4,1
4,6,1
5,46,1
6,162,4
7,495,0
8,679,3
9,297,4
10,138,4
11,183,4
12,202,4
13,203,4
14,170,4
15,194,4
16,224,4
17,370,0
18,643,3
19,516,3
20,366,0
21,319,0
22,288,2
23,131,2
0,66,1
1,25,1
2,7,1
3,5,1
4,8,1
5,40,1
6,152,4
7,473,0
8,657,3
9,318,0
10,198,4
11,216,4
12,274,4
13,254,4
14,197,4
15,292,0
16,358,0
17,771,3
18,777,3
19,533,3
20,505,3
21,332,0
22,68,2
23,65,2
0,34,1
1,11,1
2,19,1
3,36,1
4,9,1
5,42,1
6,126,1
7,360,0
8,691,3
9,373,0
10,233,4
11,212,4
12,274,4
13,156,4
14,229,4
15,216,4
16,436,0
17,715,3
18,622,3
19,402,0
20,251,2
21,122,2
22,135,2
23,166,2
0,103,1
1,72,1
2,60,1
3,25,1
4,16,1
5,17,1
6,15,1
7,37,1
8,112,4
9,207,4
10,268,4
11,305,0
12,457,0
13,354,0
14,343,0
15,380,0
16,326,0
17,241,0
18,177,2
19,238,2
20,214,2
21,163,2
22,180,2
23,149,2
0,113,1
1,130,1
2,122,1
3,43,1
4,16,1
5,6,1
6,19,1
7,38,1
8,153,4
9,258,4
10,379,0
11,505,3
12,504,3
13,626,3
14,616,3
15,624,3
16,628,3
17,556,3
18,515,3
19,522,3
20,378,0
21,345,0
22,191,2
23,123,2
0,47,1
1,27,1
2,17,1
3,2,1
4,8,1
5,51,1
6,157,4
7,421,0
8,738,3
9,345,0
10,200,4
11,198,4
12,314,0
13,240,4
14,271,0
15,281,0
16,457,0
17,847,3
18,741,3
19,582,3
20,403,0
21,296,2
22,209,2
23,114,2
0,64,1
1,17,1
2,16,1
3,6,1
4,6,1
5,50,1
6,190,4
7,516,3
8,743,3
9,339,0
10,218,4
11,201,4
12,229,4
13,273,0
14,244,4
15,285,0
16,455,0
17,869,3
18,877,3
19,632,3
20,523,3
21,378,0
22,269,2
23,192,2
0,66,1
1,28,1
2,12,1
3,12,1
4,4,1
5,59,1
6,190,4
7,507,3
8,788,3
9,342,0
10,231,4
11,281,4
12,310,0
13,312,0
14,247,4
15,317,0
16,484,0
17,913,3
18,891,3
19,698,3
20,567,3
21,397,0
22,278,2
23,239,2
0,92,1
1,29,1
2,21,1
3,8,1
4,4,1
5,42,1
6,181,4
7,495,0
8,729,3
9,344,0
10,222,4
11,212,4
12,279,0
13,242,4
14,213,4
15,238,4
16,374,0
17,738,3
18,688,3
19,614,3
20,446,0
21,271,2
22,234,2
23,145,2
0,97,1
1,54,1
2,26,1
3,12,1
4,8,1
5,37,1
6,139,1
7,410,0
8,676,3
9,363,0
10,231,4
11,251,4
12,299,0
13,314,0
14,326,0
15,323,0
16,499,0
17,699,3
18,622,3
19,516,3
20,354,0
21,260,2
22,199,2
23,189,2
0,191,1
1,80,1
2,90,1
3,43,1
4,11,1
5,14,1
6,50,1
7,76,1
8,163,4
9,337,0
10,395,0
11,457,0
12,487,0
13,498,0
14,494,0
15,497,0
16,487,0
17,479,0
18,481,0
19,338,0
20,233,2
21,300,2
22,276,2
23,208,2
0,188,1
1,158,1
2,112,1
3,55,1
4,13,1
5,17,1
6,18,1
7,40,1
8,127,4
9,226,4
10,381,0
11,509,3
12,511,3
13,483,0
14,522,3
15,501,0
16,521,3
17,531,3
18,419,0
19,443,0
20,303,0
21,271,2
22,148,2
23,100,2
0,58,1
1,19,1
2,8,1
3,3,1
4,5,1
5,47,1
6,161,4
7,469,0
8,751,3
9,293,4
10,189,4
11,215,4
12,278,0
13,226,4
14,254,0
15,236,4
16,425,0
17,827,3
18,812,3
19,665,3
20,462,0
21,322,0
22,230,2
23,150,2
0,38,1
1,21,1
2,8,1
3,6,1
4,6,1
5,45,1
6,194,4
7,513,3
8,760,3
9,333,0
10,227,4
11,224,4
12,248,4
13,288,0
14,260,0
15,144,4
16,402,0
17,820,3
18,857,3
19,614,3
20,452,0
21,352,0
22,257,2
23,147,2
0,47,1
1,33,1
2,13,1
3,7,1
4,4,1
5,49,1
6,185,4
7,487,0
8,681,3
9,350,0
10,236,4
11,234,4
12,284,0
13,280,0
14,263,0
15,295,0
16,479,0
17,837,3
18,891,3
19,652,3
20,513,3
21,320,0
22,288,2
23,152,2
0,63,1
1,42,1
2,11,1
3,6,1
4,9,1
5,41,1
6,183,4
7,473,0
8,739,3
9,343,0
10,181,4
11,226,4
12,286,0
13,310,0
14,225,4
15,270,0
16,406,0
17,865,3
18,767,3
19,607,3
20,427,0
21,342,0
22,262,2
23,177,2
0,71,1
1,43,1
2,14,1
3,6,1
4,12,1
5,37,1
6,163,4
7,421,0
8,668,3
9,396,0
10,249,4
11,263,4
12,338,0
13,345,0
14,331,0
15,380,0
16,492,0
17,741,3
18,671,3
19,469,0
20,389,0
21,278,2
22,202,2
23,196,2
0,161,1
1,122,1
2,84,1
3,30,1
4,13,1
5,17,1
6,49,1
7,67,1
8,181,4
9,278,4
10,396,0
11,470,0
12,547,3
13,527,3
14,472,0
15,489,0
16,450,0
17,492,0
18,490,0
19,397,0
20,312,0
21,289,2
22,269,2
23,222,2
0,153,1
1,87,1
2,73,1
3,41,1
4,14,1
5,19,1
6,19,1
7,68,1
8,108,4
9,229,4
10,364,0
11,437,0
12,491,0
13,523,3
14,526,3
15,450,0
16,421,0
17,382,0
18,229,2
19,185,2
20,193,2
21,208,2
22,157,2
23,87,2
0,33,1
1,11,1
2,5,1
3,5,1
4,11,1
5,25,1
6,141,1
7,407,0
8,605,3
9,276,4
10,213,4
11,260,4
12,285,0
13,289,0
14,287,0
15,274,0
16,451,0
17,858,3
18,843,3
19,640,3
20,457,0
21,317,0
22,207,2
23,113,2
0,47,1
1,18,1
2,13,1
3,6,1
4,9,1
5,36,1
6,179,4
7,502,0
8,705,3
9,327,0
10,250,4
11,214,4
12,283,0
13,253,4
14,261,0
15,306,0
16,445,0
17,868,3
18,814,3
19,610,3
20,448,0
21,317,0
22,224,2
23,138,2
0,58,1
1,23,1
2,6,1
3,7,1
4,7,1
5,43,1
6,173,4
7,482,0
8,737,3
9,341,0
10,214,4
11,239,4
12,280,0
13,313,0
14,236,4
15,278,0
16,441,0
17,858,3
18,862,3
19,686,3
20,500,3
21,381,0
22,233,2
23,136,2
0,67,1
1,28,1
2,14,1
3,6,1
4,10,1
5,41,1
6,167,4
7,475,0
8,698,3
9,353,0
10,205,4
11,260,4
12,277,0
13,281,0
14,247,4
15,267,0
16,417,0
17,810,3
18,811,3
19,623,3
20,478,0
21,336,0
22,259,2
23,156,2
0,85,1
1,41,1
2,20,1
3,9,1
4,7,1
5,33,1
6,44,1
7,133,4
8,119,4
9,220,4
10,193,4
11,251,4
12,315,0
13,290,0
14,307,0
15,324,0
16,467,0
17,730,3
18,640,3
19,492,0
20,370,0
21,286,2
22,218,2
23,192,2
0,180,1
1,116,1
2,85,1
3,21,1
4,10,1
5,11,1
6,23,1
7,62,1
8,162,4
9,271,4
10,407,0
11,499,0
12,546,3
13,569,3
14,538,3
15,562,3
16,531,3
17,512,3
18,300,0
19,275,2
20,160,2
21,128,2
22,168,2
23,163,2
0,120,1
1,113,1
2,86,1
3,48,1
4,10,1
5,10,1
6,16,1
7,39,1
8,119,4
9,217,4
10,328,0
11,449,0
12,505,3
13,543,3
14,579,3
15,577,3
16,513,3
17,505,3
18,491,0
19,465,0
20,300,0
21,220,2
22,181,2
23,110,2
0,47,1
1,14,1
2,9,1
3,6,1
4,11,1
5,36,1
6,159,4
7,436,0
8,673,3
9,305,4
10,199,4
11,245,4
12,276,4
13,254,4
14,248,4
15,274,0
16,464,0
17,818,3
18,812,3
19,555,3
20,432,0
21,290,2
22,192,2
23,128,2
0,60,1
1,27,1
2,11,1
3,3,1
4,5,1
5,36,1
6,64,1
7,179,4
8,618,3
9,402,0
10,208,4
11,196,4
12,300,0
13,286,0
14,255,0
15,283,0
16,458,0
17,812,3
18,854,3
19,627,3
20,436,0
21,308,2
22,189,2
23,167,2
0,60,1
1,37,1
2,8,1
3,11,1
4,4,1
5,39,1
6,172,4
7,492,0
8,682,3
9,367,0
10,233,4
11,235,4
12,307,0
13,294,0
14,255,0
15,266,0
16,431,0
17,851,3
18,848,3
19,649,3
20,427,0
21,315,0
22,226,2
23,138,2
0,76,1
1,21,1
2,15,1
3,4,1
4,5,1
5,37,1
6,165,4
7,464,0
8,682,3
9,337,0
10,199,4
11,274,4
12,343,0
13,300,0
14,248,4
15,260,0
16,419,0
17,897,3
18,832,3
19,677,3
20,514,3
21,356,0
22,254,2
23,226,2
0,88,1
1,54,1
2,19,1
3,6,1
4,9,1
5,36,1
6,157,4
7,379,0
8,668,3
9,378,0
10,231,4
11,303,0
12,365,0
13,357,0
14,328,0
15,383,0
16,488,0
17,791,3
18,669,3
19,491,0
20,359,0
21,255,2
22,213,2
23,121,2
0,105,1
1,92,1
2,43,1
3,30,1
4,13,1
5,9,1
6,27,1
7,64,1
8,189,4
9,292,4
10,480,0
11,536,3
12,654,3
13,644,3
14,598,3
15,596,3
16,641,3
17,635,3
18,554,3
19,488,0
20,341,0
21,338,0
22,261,2
23,235,2
0,187,1
1,131,1
2,119,1
3,55,1
4,26,1
5,11,1
6,20,1
7,41,1
8,124,4
9,270,4
10,425,0
11,272,4
12,298,0
13,162,4
14,149,4
15,276,0
16,356,0
17,343,0
18,377,0
19,341,0
20,274,2
21,190,2
22,56,2
23,46,2
0,26,1
1,10,1
2,5,1
3,3,1
4,7,1
5,37,1
6,161,4
7,442,0
8,655,3
9,357,0
10,193,4
11,241,4
12,282,0
13,291,0
14,275,0
15,309,0
16,460,0
17,893,3
18,815,3
19,299,0
20,261,2
21,245,2
22,161,2
23,102,2
0,59,1
1,33,1
2,8,1
3,3,1
4,4,1
5,34,1
6,169,4
7,519,3
8,723,3
9,328,0
10,178,4
11,256,4
12,305,0
13,331,0
14,302,0
15,302,0
16,467,0
17,878,3
18,625,3
19,476,0
20,358,0
21,280,2
22,232,2
23,136,2
0,55,1
1,21,1
2,17,1
3,7,1
4,8,1
5,40,1
6,187,4
7,553,3
8,740,3
9,376,0
10,225,4
11,267,4
12,312,0
13,316,0
14,266,0
15,316,0
16,460,0
17,783,3
18,683,3
19,580,3
20,391,0
21,351,0
22,281,2
23,140,2
0,60,1
1,25,1
2,20,1
3,9,1
4,6,1
5,37,1
6,192,4
7,481,0
8,707,3
9,412,0
10,233,4
11,278,4
12,332,0
13,346,0
14,305,0
15,305,0
16,465,0
17,820,3
18,941,3
19,633,3
20,474,0
21,329,0
22,198,2
23,157,2
0,111,1
1,42,1
2,16,1
3,8,1
4,8,1
5,38,1
6,151,4
7,425,0
8,744,3
9,389,0
10,262,4
11,281,4
12,371,0
13,351,0
14,338,0
15,350,0
16,515,3
17,812,3
18,736,3
19,536,3
20,363,0
21,306,2
22,251,2
23,178,2
0,135,1
1,115,1
2,79,1
3,38,1
4,12,1
5,14,1
6,30,1
7,102,1
8,162,4
9,288,4
10,442,0
11,457,0
12,584,3
13,517,3
14,482,0
15,233,4
16,434,0
17,403,0
18,383,0
19,354,0
20,241,2
21,208,2
22,182,2
23,158,2
0,134,1
1,134,1
2,116,1
3,53,1
4,16,1
5,16,1
6,21,1
7,34,1
8,133,4
9,263,4
10,385,0
11,482,0
12,626,3
13,541,3
14,377,0
15,391,0
16,173,4
17,233,2
18,264,0
19,292,0
20,211,2
21,166,2
22,114,2
23,80,2
0,32,1
1,7,1
2,8,1
3,4,1
4,12,1
5,36,1
6,145,1
7,433,0
8,699,3
9,342,0
10,206,4
11,229,4
12,283,0
13,288,0
14,246,4
15,282,0
16,444,0
17,845,3
18,834,3
19,573,3
20,416,0
21,278,2
22,161,2
23,114,2
0,38,1
1,21,1
2,15,1
3,4,1
4,8,1
5,42,1
6,147,4
7,269,4
8,693,3
9,395,0
10,204,4
11,218,4
12,297,0
13,288,0
14,251,4
15,317,0
16,480,0
17,864,3
18,818,3
19,597,3
20,435,0
21,314,0
22,216,2
23,109,2
0,47,1
1,14,1
2,6,1
3,9,1
4,10,1
5,40,1
6,181,4
7,554,3
8,808,3
9,348,0
10,178,4
11,253,4
12,360,0
13,300,0
14,301,0
15,338,0
16,493,0
17,870,3
18,812,3
19,643,3
20,427,0
21,313,0
22,235,2
23,157,2
0,65,1
1,23,1
2,17,1
3,5,1
4,8,1
5,35,1
6,163,4
7,532,3
8,754,3
9,396,0
10,234,4
11,276,4
12,294,0
13,290,0
14,273,0
15,338,0
16,482,0
17,844,3
18,853,3
19,610,3
20,471,0
21,307,2
22,291,2
23,152,2
0,82,1
1,32,1
2,20,1
3,5,1
4,7,1
5,29,1
6,108,1
7,421,0
8,690,3
9,398,0
10,256,4
11,309,0
12,410,0
13,368,0
14,436,0
15,526,3
16,528,3
17,617,3
18,546,3
19,452,0
20,356,0
21,303,2
22,277,2
23,174,2
0,168,1
1,79,1
2,69,1
3,35,1
4,12,1
5,22,1
6,36,1
7,66,1
8,162,4
9,237,4
10,417,0
11,492,0
12,471,0
13,504,3
14,514,3
15,563,3
16,462,0
17,463,0
18,442,0
19,392,0
20,207,2
21,104,2
22,78,2
23,145,2
0,99,1
1,73,1
2,84,1
3,42,1
4,22,1
5,12,1
6,15,1
7,42,1
8,129,4
9,232,4
10,388,0
11,489,0
12,545,3
13,493,0
14,457,0
15,355,0
16,474,0
17,503,3
18,500,3
19,292,0
20,104,2
21,171,2
22,166,2
23,123,2
0,104,1
1,55,1
2,40,1
3,28,1
4,11,1
5,4,1
6,15,1
7,43,1
8,127,4
9,229,4
10,359,0
11,459,0
12,543,3
13,566,3
14,512,3
15,449,0
16,500,0
17,498,0
18,482,0
19,374,0
20,261,2
21,184,2
22,121,2
23,70,2
0,29,1
1,24,1
2,5,1
3,10,1
4,8,1
5,38,1
6,172,4
7,493,0
8,632,3
9,323,0
10,172,4
11,198,4
12,287,0
13,275,0
14,274,0
15,292,0
16,458,0
17,856,3
18,839,3
19,552,3
20,385,0
21,268,2
22,179,2
23,95,2
0,37,1
1,13,1
2,9,1
3,4,1
4,5,1
5,40,1
6,210,4
7,500,0
8,725,3
9,290,4
10,235,4
11,217,4
12,266,4
13,234,4
14,211,4
15,245,0
16,430,0
17,863,3
18,839,3
19,662,3
20,412,0
21,296,2
22,219,2
23,150,2
0,65,1
1,18,1
2,8,1
3,9,1
4,8,1
5,38,1
6,200,4
7,482,0
8,646,3
9,123,4
10,49,4
11,62,4
12,137,4
13,191,4
14,216,4
15,270,0
16,416,0
17,808,3
18,835,3
19,558,3
20,406,0
21,272,2
22,217,2
23,169,2
0,96,1
1,29,1
2,11,1
3,9,1
4,8,1
5,40,1
6,140,1
7,486,0
8,719,3
9,344,0
10,224,4
11,296,0
12,323,0
13,354,0
14,253,0
15,331,0
16,470,0
17,772,3
18,792,3
19,568,3
20,391,0
21,301,2
22,299,2
23,248,2
0,150,1
1,117,1
2,77,1
3,43,1
4,11,1
5,15,1
6,34,1
7,82,1
8,230,4
9,348,0
10,422,0
11,578,3
12,694,3
13,668,3
14,626,3
15,512,3
16,114,2
17,171,2
18,167,2
19,215,2
20,194,2
21,181,2
22,194,2
23,133,2
0,124,1
1,124,1
2,96,1
3,46,1
4,28,1
5,55,1
6,35,1
7,70,1
8,170,4
9,299,4
10,495,0
11,585,3
12,757,3
13,729,3
14,647,3
15,696,3
16,701,3
17,671,3
18,560,3
19,496,0
20,356,0
21,206,2
22,189,2
23,92,2
0,41,1
1,18,1
2,17,1
3,12,1
4,5,1
5,40,1
6,180,4
7,447,0
8,730,3
9,361,0
10,210,4
11,236,4
12,332,0
13,323,0
14,340,0
15,346,0
16,488,0
17,871,3
18,968,3
19,633,3
20,390,0
21,285,2
22,159,2
23,93,2
0,32,1
1,10,1
2,6,1
3,8,1
4,9,1
5,44,1
6,211,4
7,596,3
8,750,3
9,358,0
10,196,4
11,247,4
12,316,0
13,328,0
14,255,0
15,326,0
16,536,3
17,970,3
18,877,3
19,596,3
20,461,0
21,310,2
22,216,2
23,109,2
0,49,1
1,21,1
2,11,1
3,7,1
4,5,1
5,48,1
6,205,4
7,557,3
8,770,3
9,328,0
10,205,4
11,232,4
12,352,0
13,323,0
14,278,0
15,318,0
16,509,3
17,925,3
18,977,3
19,635,3
20,470,0
21,306,2
22,212,2
23,127,2
0,57,1
1,28,1
2,9,1
3,11,1
4,6,1
5,57,1
6,195,4
7,571,3
8,758,3
9,338,0
10,212,4
11,254,4
12,297,0
13,283,0
14,274,0
15,352,0
16,491,0
17,884,3
18,852,3
19,674,3
20,463,0
21,317,0
22,251,2
23,170,2
0,87,1
1,41,1
2,30,1
3,14,1
4,12,1
5,41,1
6,152,4
7,454,0
8,766,3
9,347,0
10,246,4
11,280,4
12,409,0
13,408,0
14,371,0
15,367,0
16,563,3
17,894,3
18,808,3
19,579,3
20,404,0
21,312,2
22,229,2
23,195,2
0,207,1
1,109,1
2,93,1
3,37,1
4,6,1
5,16,1
6,33,1
7,73,1
8,212,4
9,342,0
10,442,0
11,627,3
12,706,3
13,704,3
14,715,3
15,654,3
16,783,3
17,729,3
18,614,3
19,478,0
20,330,0
21,296,2
22,279,2
23,229,2
0,151,1
1,117,1
2,89,1
3,48,1
4,8,1
5,13,1
6,35,1
7,71,1
8,128,4
9,296,4
10,490,0
11,559,3
12,656,3
13,694,3
14,635,3
15,557,3
16,596,3
17,570,3
18,481,0
19,403,0
20,324,0
21,191,2
22,127,2
23,94,2
0,45,1
1,21,1
2,13,1
3,7,1
4,11,1
5,45,1
6,164,4
7,492,0
8,683,3
9,299,4
10,202,4
11,252,4
12,295,0
13,343,0
14,332,0
15,338,0
16,453,0
17,842,3
18,774,3
19,486,0
20,340,0
21,233,2
22,129,2
23,70,2
0,13,1
1,5,1
2,4,1
3,6,1
4,7,1
5,48,1
6,167,4
7,356,0
8,672,3
9,293,4
10,160,4
11,151,4
12,88,4
13,114,4
14,143,4
15,36,4
16,141,2
17,338,0
18,281,0
19,324,0
20,290,2
21,207,2
22,151,2
23,78,2
0,26,1
1,12,1
2,3,1
3,5,1
4,10,1
5,56,1
6,172,4
7,545,3
8,797,3
9,362,0
10,192,4
11,247,4
12,313,0
13,289,0
14,286,0
15,311,0
16,466,0
17,886,3
18,892,3
19,611,3
20,409,0
21,349,0
22,229,2
23,123,2
0,58,1
1,18,1
2,11,1
3,6,1
4,6,1
5,56,1
6,170,4
7,534,3
8,790,3
9,355,0
10,190,4
11,243,4
12,290,0
13,336,0
14,298,0
15,291,0
16,457,0
17,976,3
18,900,3
19,603,3
20,417,0
21,274,2
22,287,2
23,154,2
0,66,1
1,49,1
2,14,1
3,12,1
4,10,1
5,49,1
6,165,4
7,503,0
8,757,3
9,383,0
10,225,4
11,321,0
12,389,0
13,421,0
14,412,0
15,423,0
16,567,3
17,846,3
18,805,3
19,588,3
20,369,0
21,312,2
22,295,2
23,186,2
0,172,1
1,124,1
2,83,1
3,45,1
4,15,1
5,17,1
6,41,1
7,77,1
8,218,4
9,377,0
10,474,0
11,626,3
12,688,3
13,707,3
14,654,3
15,750,3
16,680,3
17,646,3
18,598,3
19,407,0
20,325,0
21,261,2
22,239,2
23,171,2
0,180,1
1,142,1
2,95,1
3,54,1
4,10,1
5,6,1
6,16,1
7,57,1
8,175,4
9,276,4
10,489,0
11,570,3
12,776,3
13,702,3
14,666,3
15,640,3
16,691,3
17,723,3
18,540,3
19,413,0
20,252,2
21,196,2
22,138,2
23,100,2
0,64,1
1,18,1
2,8,1
3,5,1
4,8,1
5,37,1
6,168,4
7,530,3
8,750,3
9,328,0
10,198,4
11,238,4
12,342,0
13,328,0
14,303,0
15,300,0
16,516,3
17,898,3
18,853,3
19,590,3
20,432,0
21,256,2
22,172,2
23,94,2
0,64,1
1,13,1
2,14,1
3,5,1
4,9,1
5,47,1
6,194,4
7,556,3
8,805,3
9,409,0
10,170,4
11,218,4
12,302,0
13,305,0
14,293,0
15,303,0
16,495,0
17,967,3
18,822,3
19,539,3
20,425,0
21,297,2
22,188,2
23,98,2
0,40,1
1,29,1
2,17,1
3,10,1
4,14,1
5,36,1
6,182,4
7,532,3
8,838,3
9,334,0
10,185,4
11,227,4
12,316,0
13,340,0
14,277,0
15,300,0
16,468,0
17,953,3
18,884,3
19,627,3
20,434,0
21,360,0
22,215,2
23,115,2
0,65,1
1,21,1
2,16,1
3,7,1
4,8,1
5,66,1
6,169,4
7,558,3
8,794,3
9,335,0
10,208,4
11,294,0
12,335,0
13,326,0
14,258,0
15,296,0
16,472,0
17,905,3
18,899,3
19,559,3
20,457,0
21,253,2
22,47,2
23,45,2
0,17,1
1,13,1
2,10,1
3,7,1
4,12,1
5,38,1
6,138,1
7,394,0
8,705,3
9,426,0
10,245,4
11,361,0
12,380,0
13,410,0
14,399,0
15,392,0
16,502,3
17,808,3
18,667,3
19,508,3
20,336,0
21,237,2
22,220,2
23,190,2
0,149,1
1,101,1
2,92,1
3,29,1
4,14,1
5,15,1
6,37,1
7,73,1
8,211,4
9,332,0
10,472,0
11,663,3
12,682,3
13,686,3
14,750,3
15,727,3
16,722,3
17,712,3
18,594,3
19,470,0
20,315,0
21,292,2
22,221,2
23,196,2
0,147,1
1,116,1
2,92,1
3,58,1
4,7,1
5,10,1
6,22,1
7,57,1
8,144,4
9,285,4
10,479,0
11,591,3
12,680,3
13,594,3
14,612,3
15,649,3
16,648,3
17,575,3
18,401,0
19,257,2
20,194,2
21,123,2
22,91,2
23,57,2
0,45,1
1,18,1
2,12,1
3,7,1
4,10,1
5,36,1
6,155,4
7,483,0
8,784,3
9,340,0
10,179,4
11,272,4
12,323,0
13,305,0
14,244,4
15,329,0
16,459,0
17,856,3
18,613,3
19,516,3
20,262,2
21,218,2
22,207,2
23,105,2
0,31,1
1,11,1
2,2,1
3,5,1
4,10,1
5,43,1
6,179,4
7,260,4
8,134,4
9,86,4
10,45,4
11,99,4
12,104,4
13,154,4
14,163,4
15,209,4
16,374,0
17,715,3
18,687,3
19,395,0
20,306,0
21,289,2
22,240,2
23,98,2
0,52,1
1,19,1
2,9,1
3,7,1
4,11,1
5,34,1
6,177,4
7,515,3
8,809,3
9,362,0
10,175,4
11,230,4
12,358,0
13,279,0
14,251,4
15,319,0
16,478,0
17,917,3
18,810,3
19,593,3
20,497,0
21,209,2
22,241,2
23,220,2
0,76,1
1,25,1
2,13,1
3,11,1
4,10,1
5,39,1
6,133,1
7,391,0
8,738,3
9,359,0
10,177,4
11,214,4
12,288,0
13,294,0
14,267,0
15,325,0
16,497,0
17,901,3
18,887,3
19,534,3
20,441,0
21,321,0
22,232,2
23,155,2
0,102,1
1,46,1
2,11,1
3,16,1
4,11,1
5,41,1
6,137,1
7,428,0
8,785,3
9,384,0
10,260,4
11,304,0
12,468,0
13,424,0
14,400,0
15,470,0
16,634,3
17,900,3
18,761,3
19,500,3
20,372,0
21,267,2
22,264,2
23,171,2
0,191,1
1,141,1
2,75,1
3,56,1
4,11,1
5,10,1
6,30,1
7,84,1
8,206,4
9,395,0
10,539,3
11,647,3
12,743,3
13,710,3
14,576,3
15,620,3
16,659,3
17,610,3
18,495,0
19,341,0
20,247,2
21,215,2
22,185,2
23,179,2
0,127,1
1,109,1
2,74,1
3,22,1
4,11,1
5,10,1
6,23,1
7,35,1
8,62,1
9,86,4
10,185,4
11,336,0
12,392,0
13,320,0
14,314,0
15,306,0
16,333,0
17,157,2
18,106,2
19,114,2
20,116,2
21,113,2
22,79,2
23,80,2
0,51,1
1,37,1
2,15,1
3,10,1
4,7,1
5,19,1
6,59,1
7,154,4
8,397,0
9,332,0
10,298,4
11,308,0
12,341,0
13,405,0
14,420,0
15,370,0
16,377,0
17,497,0
18,456,0
19,371,0
20,227,2
21,151,2
22,107,2
23,69,2
0,31,1
1,13,1
2,7,1
3,3,1
4,7,1
5,19,1
6,143,1
7,362,0
8,713,3
9,382,0
10,164,4
11,193,4
12,260,4
13,238,4
14,244,4
15,254,0
16,424,0
17,806,3
18,784,3
19,514,3
20,360,0
21,225,2
22,162,2
23,84,2
0,33,1
1,8,1
2,8,1
3,6,1
4,6,1
5,40,1
6,175,4
7,507,3
8,839,3
9,366,0
10,217,4
11,291,0
12,390,0
13,297,0
14,271,0
15,319,0
16,566,3
17,948,3
18,844,3
19,566,3
20,392,0
21,269,2
22,197,2
23,136,2
0,42,1
1,11,1
2,11,1
3,3,1
4,10,1
5,42,1
6,159,4
7,478,0
8,798,3
9,355,0
10,204,4
11,251,4
12,326,0
13,291,0
14,348,0
15,460,0
16,481,0
17,827,3
18,692,3
19,743,3
20,415,0
21,260,2
22,177,2
23,186,2
0,68,1
1,37,1
2,16,1
3,6,1
4,8,1
5,35,1
6,143,1
7,392,0
8,745,3
9,400,0
10,275,4
11,313,0
12,387,0
13,381,0
14,371,0
15,455,0
16,520,3
17,837,3
18,642,3
19,493,0
20,308,0
21,190,2
22,160,2
23,100,2
0,249,1
1,146,1
2,67,1
3,15,1
4,11,1
5,11,1
6,28,1
7,70,1
8,174,4
9,266,4
10,347,0
11,527,3
12,573,3
13,670,3
14,597,3
15,615,3
16,637,3
17,528,3
18,473,0
19,332,0
20,255,2
21,204,2
22,189,2
23,125,2
0,111,1
1,112,1
2,66,1
3,28,1
4,12,1
5,11,1
6,24,1
7,51,1
8,132,4
9,223,4
10,428,0
11,494,0
12,562,3
13,619,3
14,617,3
15,568,3
16,581,3
17,539,3
18,453,0
19,336,0
20,246,2
21,196,2
22,125,2
23,105,2
0,48,1
1,29,1
2,6,1
3,4,1
4,10,1
5,40,1
6,147,4
7,476,0
8,737,3
9,359,0
10,168,4
11,263,4
12,284,0
13,146,4
14,185,4
15,260,0
16,447,0
17,766,3
18,592,3
19,239,2
20,256,2
21,206,2
22,126,2
23,81,2
0,48,1
1,13,1
2,3,1
3,2,1
4,7,1
5,52,1
6,172,4
7,525,3
8,835,3
9,355,0
10,222,4
11,228,4
12,325,0
13,328,0
14,308,0
15,346,0
16,446,0
17,943,3
18,838,3
19,531,3
20,432,0
21,195,2
22,181,2
23,199,2
0,49,1
1,17,1
2,16,1
3,7,1
4,4,1
5,41,1
6,178,4
7,464,0
8,817,3
9,382,0
10,228,4
11,234,4
12,332,0
13,310,0
14,270,0
15,301,0
16,466,0
17,888,3
18,884,3
19,516,3
20,414,0
21,329,0
22,215,2
23,99,2
0,57,1
1,14,1
2,14,1
3,5,1
4,5,1
5,42,1
6,153,4
7,508,3
8,834,3
9,387,0
10,218,4
11,268,4
12,377,0
13,332,0
14,285,0
15,353,0
16,450,0
17,890,3
18,788,3
19,513,3
20,387,0
21,283,2
22,229,2
23,117,2
0,56,1
1,16,1
2,10,1
3,5,1
4,6,1
5,36,1
6,131,1
7,154,4
8,467,0
9,389,0
10,224,4
11,252,4
12,332,0
13,375,0
14,365,0
15,395,0
16,565,3
17,425,0
18,233,2
19,232,2
20,229,2
21,206,2
22,190,2
23,131,2
0,123,1
1,95,1
2,78,1
3,29,1
4,18,1
5,13,1
6,31,1
7,65,1
8,193,4
9,363,0
10,423,0
11,612,3
12,703,3
13,714,3
14,711,3
15,711,3
16,691,3
17,731,3
18,521,3
19,345,0
20,259,2
21,296,2
22,202,2
23,163,2
0,154,1
1,117,1
2,132,1
3,41,1
4,21,1
5,10,1
6,26,1
7,56,1
8,143,4
9,269,4
10,443,0
11,547,3
12,675,3
13,626,3
14,640,3
15,623,3
16,591,3
17,491,0
18,413,0
19,266,2
20,195,2
21,166,2
22,113,2
23,66,2
0,31,1
1,11,1
2,5,1
3,6,1
4,7,1
5,46,1
6,144,1
7,452,0
8,728,3
9,360,0
10,212,4
11,211,4
12,283,0
13,315,0
14,282,0
15,296,0
16,524,3
17,922,3
18,786,3
19,514,3
20,403,0
21,174,2
22,183,2
23,163,2
0,37,1
1,17,1
2,7,1
3,1,1
4,7,1
5,50,1
6,158,4
7,531,3
8,761,3
9,334,0
10,221,4
11,253,4
12,378,0
13,303,0
14,296,0
15,346,0
16,541,3
17,938,3
18,826,3
19,482,0
20,379,0
21,295,2
22,194,2
23,111,2
0,46,1
1,27,1
2,6,1
3,4,1
4,6,1
5,53,1
6,173,4
7,526,3
8,801,3
9,373,0
10,171,4
11,236,4
12,316,0
13,306,0
14,301,0
15,308,0
16,532,3
17,963,3
18,858,3
19,572,3
20,441,0
21,313,0
22,238,2
23,123,2
0,76,1
1,28,1
2,18,1
3,8,1
4,5,1
5,55,1
6,171,4
7,495,0
8,779,3
9,343,0
10,225,4
11,238,4
12,319,0
13,313,0
14,285,0
15,305,0
16,499,0
17,886,3
18,809,3
19,542,3
20,347,0
21,271,2
22,207,2
23,135,2
0,71,1
1,36,1
2,19,1
3,13,1
4,5,1
5,50,1
6,144,1
7,421,0
8,734,3
9,403,0
10,197,4
11,290,0
12,392,0
13,337,0
14,351,0
15,448,0
16,582,3
17,817,3
18,665,3
19,471,0
20,311,0
21,292,2
22,217,2
23,178,2
0,142,1
1,146,1
2,90,1
3,26,1
4,13,1
5,9,1
6,31,1
7,86,1
8,213,4
9,328,0
10,479,0
11,585,3
12,668,3
13,760,3
14,750,3
15,711,3
16,612,3
17,618,3
18,456,0
19,300,0
20,296,0
21,209,2
22,157,2
23,167,2
0,117,1
1,133,1
2,116,1
3,79,1
4,20,1
5,28,1
6,39,1
7,65,1
8,173,4
9,330,0
10,434,0
11,462,0
12,491,0
13,391,0
14,402,0
15,301,0
16,293,0
17,225,2
18,154,2
19,54,2
20,55,2
21,46,2
22,37,2
23,14,2
0,22,1
13,116,4
14,126,4
15,124,4
16,98,2
17,124,2
18,143,2
19,115,2
20,81,2
21,64,2
22,66,2
23,39,2
0,16,1
1,8,1
2,7,1
3,3,1
4,5,1
5,24,1
6,116,1
7,337,0
8,621,3
9,297,4
10,168,4
11,189,4
12,241,4
13,213,4
14,224,4
15,230,4
16,424,0
17,723,3
18,584,3
19,410,0
20,268,2
21,192,2
22,165,2
23,101,2
0,60,1
1,30,1
2,20,1
3,15,1
4,10,1
5,40,1
6,148,4
7,420,0
8,680,3
9,331,0
10,146,4
11,170,4
12,221,4
13,248,4
14,185,4
15,214,4
16,344,0
17,689,3
18,678,3
19,452,0
20,296,0
21,267,2
22,202,2
23,120,2
0,50,1
1,24,1
2,10,1
3,3,1
4,7,1
5,26,1
6,122,1
7,357,0
8,687,3
9,382,0
10,204,4
11,221,4
12,292,0
13,294,0
14,262,0
15,306,0
16,421,0
17,638,3
18,522,3
19,374,0
20,221,2
21,156,2
22,149,2
23,119,2
0,108,1
1,89,1
2,46,1
3,28,1
4,16,1
5,9,1
6,21,1
7,59,1
8,142,4
9,219,4
10,328,0
11,340,0
12,394,0
13,449,0
14,455,0
15,448,0
16,400,0
17,410,0
18,297,0
19,239,2
20,181,2
21,166,2
22,146,2
23,148,2
0,102,1
1,165,1
2,37,1
3,11,1
4,9,1
5,5,1
6,16,1
7,50,1
8,149,4
9,217,4
10,360,0
11,445,0
12,504,3
13,493,0
14,509,3
15,449,0
16,435,0
17,327,0
18,237,2
19,227,2
20,141,2
21,87,2
22,79,2
23,53,2
0,23,1
1,8,1
2,6,1
3,4,1
4,16,1
5,39,1
6,139,1
7,461,0
8,648,3
9,257,4
10,142,4
11,150,4
12,244,4
13,222,4
14,196,4
15,231,4
16,360,0
17,638,3
18,542,3
19,372,0
20,241,2
21,152,2
22,115,2
23,53,2
0,19,1
1,8,1
2,2,1
3,4,1
4,7,1
5,41,1
6,149,4
7,387,0
8,588,3
9,363,0
10,230,4
11,216,4
12,248,4
13,278,0
14,240,4
15,272,0
16,402,0
17,627,3
18,497,0
19,371,0
20,228,2
21,151,2
22,153,2
23,205,2
0,283,1
1,92,1
2,74,1
3,11,1
4,9,1
5,27,1
6,118,1
7,319,4
8,601,3
9,368,0
10,178,4
11,147,4
12,212,4
13,181,4
14,161,4
15,198,4
16,273,0
17,517,3
18,465,0
19,319,0
20,256,2
21,126,2
22,60,2
23,40,2
0,15,1
1,12,1
2,6,1
4,10,1
5,35,1
6,124,1
7,423,0
8,668,3
9,275,4
10,161,4
11,171,4
12,235,4
13,228,4
14,182,4
15,233,4
16,339,0
17,592,3
18,507,3
19,373,0
20,245,2
21,233,2
22,161,2
23,87,2
0,55,1
1,20,1
2,12,1
3,9,1
4,14,1
5,27,1
6,131,1
7,341,0
8,693,3
9,327,0
10,197,4
11,251,4
12,262,4
13,299,0
14,274,0
15,356,0
16,434,0
17,654,3
18,496,0
19,361,0
20,255,2
21,199,2
22,163,2
23,162,2
0,122,1
1,76,1
2,44,1
3,20,1
4,6,1
5,10,1
6,16,1
7,71,1
8,146,4
9,259,4
10,350,0
11,466,0
12,606,3
13,651,3
14,627,3
15,567,3
16,605,3
17,501,3
18,359,0
19,283,0
20,192,2
21,220,2
22,193,2
23,146,2
0,124,1
1,108,1
2,70,1
3,48,1
4,11,1
5,12,1
6,19,1
7,68,1
8,119,4
9,273,4
10,405,0
11,504,0
12,585,3
13,686,3
14,654,3
15,724,3
16,653,3
17,493,0
18,405,0
19,277,0
20,200,2
21,171,2
22,134,2
23,109,2
0,49,1
1,30,1
2,20,1
3,4,1
4,4,1
5,24,1
6,71,1
7,264,4
8,540,3
9,397,0
10,266,4
11,367,0
12,419,0
13,420,0
14,444,0
15,382,0
16,434,0
17,596,3
18,551,3
19,353,0
20,304,0
21,155,2
22,112,2
23,63,2
0,23,1
1,5,1
2,11,1
3,5,1
4,9,1
5,18,1
6,50,1
7,107,4
8,211,4
9,110,4
10,94,4
11,155,4
12,196,4
13,218,4
14,203,4
15,217,4
16,310,0
17,608,3
18,559,3
19,356,0
20,223,2
21,187,2
22,135,2
23,84,2
0,24,1
1,12,1
2,1,1
3,5,1
4,6,1
5,39,1
6,146,1
7,415,0
8,691,3
9,332,0
10,171,4
11,151,4
12,240,4
13,214,4
14,181,4
15,260,0
16,321,0
17,583,3
18,567,3
19,396,0
20,267,2
21,213,2
22,173,2
23,87,2
0,34,1
1,16,1
2,7,1
3,2,1
4,5,1
5,37,1
6,147,4
7,410,0
8,646,3
9,323,0
10,153,4
11,166,4
12,213,4
13,217,4
14,201,4
15,217,4
16,342,0
17,563,3
18,573,3
19,386,0
20,285,2
21,224,2
22,153,2
23,125,2
0,65,1
1,21,1
2,9,1
3,6,1
4,5,1
5,36,1
6,130,1
7,367,0
8,711,3
9,351,0
10,198,4
11,218,4
12,290,0
13,278,0
14,251,4
15,267,0
16,383,0
17,580,3
18,505,3
19,332,0
20,227,2
21,178,2
22,162,2
23,128,2
0,106,1
1,87,1
2,49,1
3,21,1
4,7,1
5,11,1
6,21,1
7,78,1
8,168,4
9,248,4
10,320,0
11,423,0
12,476,0
13,525,3
14,555,3
15,549,3
16,469,0
17,403,0
18,271,0
19,253,2
20,172,2
21,139,2
22,145,2
23,133,2
0,129,1
1,95,1
2,73,1
3,46,1
4,12,1
5,12,1
6,15,1
7,42,1
8,119,4
9,204,4
10,329,0
11,359,0
12,442,0
13,447,0
14,428,0
15,407,0
16,372,0
17,280,0
18,276,0
19,210,2
20,129,2
21,110,2
22,74,2
23,59,2
0,27,1
1,19,1
2,5,1
3,2,1
4,12,1
5,39,1
6,131,1
7,386,0
8,663,3
9,278,4
10,139,4
11,197,4
12,242,4
13,251,4
14,217,4
15,257,0
16,380,0
17,619,3
18,580,3
19,406,0
20,259,2
21,203,2
22,113,2
23,74,2
0,29,1
1,13,1
2,5,1
3,2,1
4,6,1
5,34,1
6,148,4
7,418,0
8,665,3
9,326,0
10,176,4
11,205,4
12,313,0
13,267,0
14,224,4
15,287,0
16,395,0
17,590,3
18,550,3
19,384,0
20,235,2
21,157,2
22,122,2
23,83,2
0,26,1
1,14,1
2,8,1
3,2,1
4,10,1
5,29,1
6,101,1
7,273,4
8,551,3
9,365,0
10,172,4
11,241,4
12,344,0
13,365,0
14,413,0
15,449,0
16,469,0
17,374,0
18,311,0
19,243,2
20,136,2
21,105,2
22,88,2
23,57,2
0,46,1
1,42,1
2,18,1
3,6,1
4,3,1
5,8,1
6,17,1
7,56,1
8,97,4
9,119,4
10,219,4
11,232,4
12,262,4
13,269,0
14,220,4
15,228,4
16,182,4
17,109,2
18,70,2
19,44,2
20,52,2
21,46,2
22,44,2
23,36,2
0,32,1
1,13,1
2,5,1
3,1,1
4,4,1
5,10,1
6,20,1
7,77,1
8,94,4
9,112,4
10,201,4
11,251,4
12,379,0
13,424,0
14,435,0
15,447,0
16,357,0
17,300,0
18,208,2
19,154,2
20,142,2
21,98,2
22,79,2
23,67,2
0,42,1
1,20,1
2,32,1
3,11,1
4,3,1
5,3,1
6,10,1
7,25,1
8,62,1
9,122,4
10,142,4
11,186,4
12,199,4
13,225,4
14,207,4
15,198,4
16,170,4
17,126,2
18,145,2
19,83,2
20,58,2
21,75,2
22,76,2
23,57,2
0,34,1
1,36,1
2,28,1
3,8,1
4,2,1
5,3,1
6,11,1
7,21,1
8,34,1
9,96,4
10,139,4
11,204,4
12,202,4
13,195,4
14,203,4
15,245,0
16,228,4
17,181,2
18,141,2
19,127,2
20,119,2
21,64,2
22,62,2
23,41,2
0,23,1
1,10,1
2,5,1
3,5,1
4,10,1
5,41,1
6,124,1
7,365,0
8,638,3
9,286,4
10,147,4
11,130,4
12,210,4
13,217,4
14,228,4
15,230,4
16,346,0
17,553,3
18,521,3
19,371,0
20,277,2
21,181,2
22,104,2
23,65,2
0,26,1
1,6,1
2,5,1
3,4,1
4,5,1
5,31,1
6,100,1
7,293,4
8,500,0
9,268,4
10,57,4
11,65,4
12,76,4
13,77,4
14,94,4
15,155,4
16,257,0
17,527,3
18,482,0
19,350,0
20,232,2
21,185,2
22,97,2
23,67,2
0,23,1
1,12,1
2,1,1
3,3,1
4,4,1
5,39,1
6,136,1
7,409,0
8,692,3
9,322,0
10,161,4
11,146,4
12,208,4
13,214,4
14,176,4
15,179,4
16,325,0
17,563,3
18,542,3
19,387,0
20,263,2
21,223,2
22,154,2
23,78,2
0,29,1
1,16,1
2,7,1
4,7,1
5,42,1
6,121,1
7,362,0
8,679,3
9,299,4
10,178,4
11,163,4
12,236,4
13,224,4
14,187,4
15,220,4
16,370,0
17,561,3
18,537,3
19,344,0
20,252,2
21,208,2
22,151,2
23,130,2
0,52,1
1,19,1
2,12,1
3,4,1
4,3,1
5,40,1
6,106,1
7,352,0
8,729,3
9,330,0
10,169,4
11,201,4
12,268,4
13,262,4
14,251,4
15,296,0
16,405,0
17,582,3
18,509,3
19,377,0
20,245,2
21,183,2
22,163,2
23,110,2
0,108,1
1,69,1
2,50,1
3,15,1
4,5,1
5,13,1
6,27,1
7,63,1
8,144,4
9,193,4
10,256,4
11,392,0
12,446,0
13,509,3
14,479,0
15,484,0
16,443,0
17,320,0
18,297,0
19,249,2
20,198,2
21,158,2
22,147,2
23,126,2
0,117,1
1,94,1
2,74,1
3,25,1
4,7,1
5,8,1
6,16,1
7,31,1
8,93,4
9,172,4
10,293,4
11,355,0
12,520,3
13,431,0
14,473,0
15,417,0
16,443,0
17,303,0
18,203,2
19,174,2
20,154,2
21,99,2
22,96,2
23,51,2
0,21,1
1,13,1
2,10,1
3,8,1
4,5,1
5,38,1
6,138,1
7,396,0
8,731,3
9,308,4
10,136,4
11,233,4
12,268,4
13,321,0
14,260,0
15,268,0
16,442,0
17,708,3
18,692,3
19,471,0
20,300,0
21,221,2
22,144,2
23,102,2
0,55,1
1,25,1
2,8,1
3,4,1
4,7,1
5,46,1
6,153,4
7,502,0
8,721,3
9,336,0
10,156,4
11,207,4
12,312,0
13,272,0
14,270,0
15,300,0
16,435,0
17,743,3
18,731,3
19,460,0
20,306,0
21,280,2
22,181,2
23,96,2
0,37,1
1,11,1
2,9,1
3,7,1
4,10,1
5,49,1
6,124,1
7,398,0
8,759,3
9,388,0
10,141,4
11,172,4
12,232,4
13,214,4
14,218,4
15,285,0
16,377,0
17,605,3
18,609,3
19,414,0
20,293,2
21,198,2
22,105,2
23,74,2
0,44,1
1,16,1
2,9,1
3,2,1
4,9,1
5,32,1
6,124,1
7,389,0
8,659,3
9,276,4
10,145,4
11,178,4
12,235,4
13,245,4
14,212,4
15,270,0
16,331,0
17,617,3
18,565,3
19,373,0
20,227,2
21,191,2
22,133,2
23,93,2
0,48,1
1,28,1
2,11,1
3,5,1
4,10,1
5,26,1
6,84,1
7,215,4
8,441,0
9,301,4
10,166,4
11,203,4
12,240,4
13,220,4
14,215,4
15,303,0
16,375,0
17,568,3
18,498,0
19,352,0
20,241,2
21,171,2
22,165,2
23,122,2
0,103,1
1,100,1
2,70,1
3,29,1
4,12,1
5,6,1
6,20,1
7,39,1
8,111,4
9,170,4
10,287,4
11,404,0
12,486,0
13,547,3
14,542,3
15,541,3
16,507,3
17,345,0
18,304,0
19,246,2
20,182,2
21,209,2
22,160,2
23,162,2
0,118,1
1,102,1
2,78,1
3,48,1
4,12,1
5,8,1
6,6,1
7,23,1
8,69,4
9,103,4
10,219,4
11,250,4
12,315,0
13,285,0
14,232,4
15,225,4
16,253,0
17,229,2
18,198,2
19,122,2
20,108,2
21,96,2
22,78,2
23,51,2
0,20,1
1,4,1
2,5,1
3,4,1
4,12,1
5,27,1
6,123,1
7,294,4
8,584,3
9,284,4
10,133,4
11,134,4
12,173,4
13,220,4
14,210,4
15,236,4
16,345,0
17,616,3
18,564,3
19,427,0
20,300,0
21,245,2
22,126,2
23,84,2
0,31,1
1,8,1
2,1,1
3,3,1
4,8,1
5,41,1
6,118,1
7,380,0
8,724,3
9,334,0
10,154,4
11,173,4
12,226,4
13,254,4
14,204,4
15,270,0
16,358,0
17,601,3
18,546,3
19,433,0
20,257,2
21,207,2
22,106,2
23,64,2
0,34,1
1,21,1
2,9,1
3,10,1
4,4,1
5,37,1
6,128,1
7,369,0
8,688,3
9,285,4
10,136,4
11,172,4
12,232,4
13,238,4
14,225,4
15,228,4
16,329,0
17,561,3
18,540,3
19,402,0
20,268,2
21,202,2
22,122,2
23,79,2
0,32,1
1,23,1
2,8,1
3,2,1
4,8,1
5,33,1
6,114,1
7,385,0
8,679,3
9,325,0
10,167,4
11,189,4
12,282,0
13,271,0
14,242,4
15,280,0
16,406,0
17,550,3
18,466,0
19,348,0
20,241,2
21,213,2
22,148,2
23,120,2
0,47,1
1,26,1
2,9,1
3,12,1
4,10,1
5,34,1
6,113,1
7,308,4
8,636,3
9,343,0
10,190,4
11,211,4
12,273,4
13,313,0
14,299,0
15,309,0
16,417,0
17,622,3
18,455,0
19,319,0
20,221,2
21,172,2
22,138,2
23,134,2
0,94,1
1,95,1
2,69,1
3,23,1
4,6,1
5,3,1
6,11,1
7,48,1
8,119,4
9,220,4
10,273,4
11,393,0
12,453,0
13,456,0
14,426,0
15,447,0
16,413,0
17,309,0
18,272,0
19,257,2
20,201,2
21,184,2
22,156,2
23,119,2
0,110,1
1,96,1
2,87,1
3,38,1
4,11,1
5,9,1
6,6,1
7,27,1
8,88,4
9,132,4
10,257,4
11,295,0
12,417,0
13,356,0
14,310,0
15,338,0
16,400,0
17,243,0
18,107,2
19,109,2
20,122,2
21,106,2
22,89,2
23,33,2
0,28,1
1,15,1
2,5,1
3,3,1
4,5,1
5,24,1
6,108,1
7,319,4
8,592,3
9,282,4
10,135,4
11,170,4
12,232,4
13,210,4
14,181,4
15,211,4
16,302,0
17,495,0
18,507,3
19,340,0
20,200,2
21,120,2
22,54,2
23,47,2
0,18,1
1,15,1
2,7,1
3,5,1
4,8,1
5,36,1
6,118,1
7,355,0
8,662,3
9,326,0
10,184,4
11,269,4
12,313,0
13,286,0
14,247,4
15,246,0
16,363,0
17,572,3
18,525,3
19,353,0
20,268,2
21,168,2
22,132,2
23,81,2
0,41,1
1,15,1
2,3,1
3,5,1
4,7,1
5,31,1
6,112,1
7,363,0
8,678,3
9,317,0
10,164,4
11,200,4
12,236,4
13,213,4
14,218,4
15,237,4
16,334,0
17,562,3
18,569,3
19,336,0
20,241,2
21,168,2
22,129,2
23,88,2
0,42,1
1,20,1
2,8,1
3,4,1
4,6,1
5,35,1
6,118,1
7,350,0
8,599,3
9,317,0
10,161,4
11,190,4
12,212,4
13,217,4
14,214,4
15,249,0
16,302,0
17,475,0
18,381,0
19,118,2
20,50,2
21,26,2
22,21,2
23,13,2
0,17,1
1,9,1
2,3,1
3,3,1
4,6,1
5,13,1
6,80,1
7,208,4
8,472,0
9,267,4
10,154,4
11,162,4
12,224,4
13,240,4
14,219,4
15,263,0
16,281,0
17,321,0
18,243,2
19,153,2
20,112,2
21,70,2
22,63,2
23,40,2
0,31,1
1,35,1
2,23,1
3,7,1
4,5,1
5,5,1
6,13,1
7,20,1
8,29,1
9,90,4
10,118,4
11,159,4
12,146,4
13,158,4
14,161,4
15,153,4
16,147,2
17,114,2
18,82,2
19,60,2
20,61,2
21,53,2
22,39,2
23,40,2
0,27,1
1,20,1
2,18,1
3,9,1
4,4,1
5,6,1
6,9,1
7,19,1
8,48,1
9,56,4
10,93,4
11,152,4
12,196,4
13,186,4
14,175,4
15,137,4
16,190,4
17,114,2
18,93,2
19,58,2
20,52,2
21,42,2
22,58,2
23,25,2
0,12,1
1,11,1
2,5,1
3,3,1
5,9,1
6,17,1
7,30,1
8,66,1
9,85,4
10,103,4
11,124,4
12,135,4
13,70,4
14,46,4
15,33,4
16,33,2
17,26,2
18,26,2
19,18,2
20,23,2
21,22,2
22,12,2
23,11,2
0,13,1
1,13,1
2,7,1
4,1,1
5,3,1
6,7,1
7,6,1
8,11,1
9,28,4
10,32,4
11,86,4
12,114,4
13,121,4
14,126,4
15,107,4
16,86,2
17,50,2
18,43,2
19,36,2
20,40,2
21,34,2
22,19,2
23,30,2
0,9,1
1,7,1
2,1,1
3,2,1
4,2,1
5,11,1
6,36,1
7,26,1
8,31,1
9,23,1
10,8,4
11,10,4
12,10,4
13,15,4
14,20,4
15,13,4
16,13,2
17,53,2
18,43,2
19,35,2
20,32,2
21,20,2
22,11,2
23,10,2
0,3,1
1,5,1
2,2,1
3,1,1
4,3,1
5,11,1
6,45,1
7,90,1
8,208,4
9,133,4
10,75,4
11,103,4
12,109,4
13,118,4
14,119,4
15,120,4
16,174,4
17,257,0
18,197,2
19,117,2
20,91,2
21,63,2
22,44,2
23,26,2
0,25,1
1,9,1
2,5,1
3,2,1
4,4,1
5,15,1
6,51,1
7,112,4
8,239,4
9,191,4
10,162,4
11,178,4
12,222,4
13,222,4
14,261,0
15,225,4
16,250,0
17,271,0
18,213,2
19,128,2
20,97,2
21,92,2
22,62,2
23,59,2
0,26,1
1,37,1
2,19,1
3,6,1
4,3,1
5,3,1
6,7,1
7,18,1
8,44,1
9,49,4
10,41,4
11,45,4
12,48,4
13,84,4
14,98,4
15,129,4
16,147,2
17,118,2
18,110,2
19,97,2
20,66,2
21,60,2
22,54,2
23,32,2
0,41,1
1,28,1
2,19,1
3,15,1
4,7,1
5,2,1
6,8,1
7,13,1
8,33,1
9,74,4
10,122,4
11,136,4
12,144,4
13,169,4
14,160,4
15,138,4
16,133,2
17,123,2
18,125,2
19,102,2
20,72,2
21,47,2
22,36,2
23,49,2
0,34,1
1,19,1
2,11,1
3,1,1
4,3,1
5,9,1
6,40,1
7,85,1
8,196,4
9,157,4
10,120,4
11,157,4
12,224,4
13,203,4
14,247,4
15,315,0
16,214,4
17,164,2
18,122,2
19,119,2
20,89,2
21,90,2
22,61,2
23,49,2
